00040;12234.788217158011;1901.652794039587;1352.4082972761717;522.94265539386;413.72487166430585;387.12966449046127;309.93439307109327;287.84695887576277;270.68938734521055;240.99427179932854;216.03923365689477;205.9916793377178;188.8209456761808;185.17316347096704;153.8587693787106;147.653538344888;141.48672077891496;139.13732934490668;131.10378065136553;125.48113603097072;121.51229283750585;113.56473453510591;111.36544295723054;108.34917314639063;104.00628511791327;100.26548809843743;98.54366452031947;90.19399210426498;87.20961631621728;85.43711150600238;79.71193160701563;78.69087722237256;75.15746715423738;74.13308249255344;71.31811833728408;69.98123503875553;66.12165109392251;65.43554742130064;62.53291703127893;61.30981352079689;60.66176857401637;58.398858378512315;56.80472642197975;55.461192653632075;53.674725353558166;52.92582987948236;51.469308548152746;50.238990034409795;49.04259263936574;47.56021293916888;47.339034184754965;46.057170943602365;45.92649595865104;45.08794689617966;44.5427745001461;43.50321321485191;42.83766274373561;41.790160428478096;39.9728499909678;39.885725244375;38.81006043493657;38.192853270786564;37.11754764120102;37.05810595988594;35.83355682192167;35.06755704856409;35.00246010197081;34.342058699041644;34.06382597698957;33.02862505904555;32.429076471760396;31.968322072864687;31.634022078631702;31.1636140949899;30.987365529382092;30.545697661288703;30.150020382422817;29.54752196665133;29.322820998504596;28.80365228871059;28.47242674143953;27.934034660419975;27.799208832082925;27.43140430196634;26.936395506182457;26.62695662062112;26.41992863933236;25.54685192085107;25.16336329900091;25.006200847427404;24.355011423331486;24.254683985389406;23.646551559080205;23.374518162861417;22.845364689888978;22.702613331009395;22.29099382534227;22.192035889836887;21.60253347904335;21.146503369941158;21.086482171978066;20.842942661266456;20.51744410017287;20.4141734084932;20.124824150928305;19.75060111712461;19.51389277009442;19.1146703475146;18.928485314236855;18.49206930563605;18.326824273478394;17.70698712456025;17.66888884618711;17.503128071844625;17.35014456536777;16.739091694703212;16.68892694733151;16.473700259565046;16.17896430610163;16.106241244709643;15.968470992233836;15.56626776904717;15.165022178531224;14.954499722999952;14.871759163841293;14.700301316521342;14.429891433579185;13.963354929093864;13.744255882695803;13.606833697245007;13.384395233634962;13.144525988840037;12.904695367814474;12.656974761494258;12.473180254020422;11.944680320413207;11.83345696498909;11.72611560496059;11.457626954374389;11.409463678317575;11.318549834467895;10.900293257694216;10.438561156089756;10.421152652408804;10.199720402136068;9.983926359136568;9.804091673982615;9.565122760402785;9.473244211377324;9.370967349832439;9.017358801399705;8.857732979355758;8.532639675773353;8.332219414723987;8.264474508898044;7.8599610525647385;7.563182348170058;7.463071341434661;7.304099744209005;7.10224814048099;7.059302350897165;6.7714208413634225;6.5628337121770555;6.4828190085003286;6.202500164657132;6.113316474175179;6.021286267717006;5.736238315620397;5.549528971464608;5.351310420350759;5.062927775942211;4.982260528936562;4.9231900164160995;4.782018472662956;4.44170060239575;4.17348751575055;3.9484770414977226;3.838408160117507;3.7603312092529646;3.6041097645634443;3.3532546864107435;3.0247786833477894;2.886580658404225;2.679002809477439;2.5167593640088217;2.4879592620809414;2.3463380099768667;2.204309610748704;2.0447661381209725;1.8591575940239302;1.7847874481454509;1.583203317030051;1.4058848135628699;1.1048433885545728;1.024600612316197;0.750121722100936;0.6030887651470614;0.4182274797495528;0.2941109623205531;0.07657331165749202;
00100;12361.326065925612;1874.1743579311055;1343.1208606464047;516.5521659524474;408.8654485414857;383.1633897277323;300.5543332830871;281.1616601612292;268.8732122333997;232.8260117746579;216.9539793575222;200.54907223214533;187.21611590359993;183.10934729987636;152.19023982140402;142.8970817495063;137.42133306515467;135.07016633510682;127.20187444509813;122.89316229246347;117.53543570671428;112.77347020757767;109.41201456735834;102.46831008052077;101.38695542839538;97.9492956885312;92.66033620420136;83.35910083675974;81.8923800019108;80.21782111173562;74.57078397038023;73.9880259599489;71.15145138629543;68.64014611535936;66.34043555362996;62.81565069848869;61.700885115080894;60.347013495935315;56.594169640466276;56.33125022396049;55.08318679703835;52.87683877159078;50.539048506726836;48.91149758134568;47.090908558896366;46.58023925845963;45.966837588417995;43.39699957712952;42.77755112890069;41.599088563579244;39.83784716461889;39.21934517535507;37.45063911238967;36.572093479316166;36.20391587195672;34.787533776193264;34.011148522224794;33.050269132441684;32.06569089359323;31.392460944586137;30.742643385642864;30.197009257305137;29.473903541425003;28.710196671052095;28.096836995096005;27.454125669702815;26.657336028813457;26.001197016217734;25.536804996332652;25.170174495513578;24.795898957253765;24.145121572387957;23.7585853978938;23.24186749752772;23.05505084842948;22.466813501749556;22.272886466180797;21.414938825093078;20.85156553792464;20.602938343833443;20.4035812607958;19.882982374966577;19.460388771515127;19.328928873941056;18.819634189588232;18.64908963872778;18.326762760493036;17.946257917378098;17.594526853222998;17.23770430902634;16.802404706245667;16.79369560123269;16.281146465109625;16.116479057614416;15.8681200666669;15.569916991946123;15.514214879830844;15.221553589639408;14.9796285068978;14.699352524212909;14.625687913888559;14.340900758514083;14.038590221440064;13.661285680711023;13.455146223078616;13.33043889871128;13.038357021392995;12.946865828056584;12.684851635979674;12.428953534467533;12.297100962698648;12.129101498941573;12.042604407031043;11.314076876958246;11.286556963757052;11.124509897687277;10.913178889613572;10.788276610939151;10.727738941090333;10.508341012045635;10.35888727347401;10.127315350382892;9.94364327454534;9.765075845249854;9.627700697711488;9.497684031493128;9.309104095512014;9.073215923562131;8.965217850024414;8.869257332591687;8.704266314653204;8.57791460998303;8.445429643904077;8.359858761512253;8.067149156740742;7.968785536100798;7.942445212338803;7.790126198273711;7.6020429926031365;7.398352935361274;7.192226480102849;7.03959994548912;7.0118898694118075;6.764457429986838;6.732647874780874;6.582697492260054;6.496509390919373;6.11813010453303;5.947207843490453;5.877547221749947;5.763543700189718;5.709376464556393;5.520361165993471;5.488727533929691;5.381531390417258;5.208848292132697;5.118171168042059;4.979958855957421;4.897673815265743;4.73705620886457;4.519155643189474;4.460698787439873;4.396668307360482;4.240047256565514;4.0089175957018535;3.8404474138656974;3.759803428842553;3.7312465362016147;3.425951017752933;3.370451220483519;3.301839166809289;3.2389377442984206;3.0850545433213363;3.003304270848443;2.8419801354853482;2.724740056679185;2.57907328876739;2.4982247396894475;2.388016056439027;2.1394851074049006;2.0914038609388057;2.0654571302455893;1.9915691390711956;1.7573197335428485;1.7030394378497906;1.601152062536461;1.428163377758142;1.354072117182369;1.225020301980763;1.1827608661310147;1.007929715810498;0.895037132117959;0.802931921735487;0.7715183376478041;0.6394027852510487;0.539737414735345;0.5243730295993714;0.32997219613159673;0.13585174277622405;0.050833881119126303;
00160;12392.294518578241;1864.9891524245115;1340.0807409281804;513.9772341722664;408.16716235328084;379.57372778427845;297.6649577508155;278.04907509332185;268.2629630894685;232.9809941514169;215.73263158204765;198.64892953734363;187.04582767521313;183.97628167618456;151.2994109480967;142.45993552749832;136.72933613744596;133.2007660546411;127.0922939747118;122.69891600433458;118.20286866517701;111.82786875180871;109.58680905590244;100.72279387964929;99.41265456593682;95.43153813620195;91.61608903026772;83.07150119983794;80.6489637757493;79.50834324144348;73.33028021759458;71.69643823210686;69.70321026241074;67.0478051220991;65.37909276026826;62.66568781367672;60.61336704347849;59.56706625745522;57.129484451520405;54.40824428981897;53.538123451328;51.562079445585724;48.572222886829316;47.72590081164692;46.410299357218484;45.21646947574064;43.38947531297368;42.59105415704645;41.82949974009049;39.31280797055499;37.97907386080498;36.94051651984932;36.121820728270855;35.62853447217586;34.21384989416184;33.10849700256404;32.333306195298285;30.99753113158753;30.323993214524766;29.305450613954203;28.686489097957544;28.10942351581338;27.389991380835788;26.365973969623116;25.730678596142404;24.911111407462464;24.458381662757777;23.960214786313898;23.214033179489004;22.586820746795667;22.422735787450506;21.90185084607927;21.744377716463934;20.74339726812649;20.62421513638582;20.241184879240873;19.708530016587186;19.190231565958637;18.71488006637331;18.56074874713724;17.91165157277412;17.554984203130676;17.27392723709993;17.120556178451753;16.971297270897423;16.51077746396501;16.209735097744986;16.0039237662649;15.366710689073006;15.023135358359983;14.859179700521743;14.678027266288943;14.39535479552984;13.955267113851512;13.716663405273652;13.009088241015181;12.757821622726052;12.677301116846367;12.434127697407689;12.24885085007654;12.176869657018957;11.835365925683593;11.667932684758982;11.617637993188298;11.541035452278667;11.095693118619662;10.936199163587347;10.667880302710726;10.41521755371256;10.303966584163321;10.18497500508706;10.148685697505861;10.07968875724301;9.576980005441023;9.461769936916147;9.389305135634448;9.226531239955374;9.083741460023692;8.956425989845402;8.817435547106614;8.715285429334095;8.535154207113292;8.465146331211615;8.265698029527726;8.17068591981044;8.132383530734376;7.7691290770309465;7.6355271012063834;7.505800998885079;7.433216711687052;7.2724658696875055;7.166318135711011;7.05536502578641;6.8667610632164875;6.633722944764224;6.550515337797082;6.460982711329977;6.40411024542623;6.355141728303685;6.121315277864863;6.020929923551996;5.853620719213757;5.815196336617016;5.706035634392466;5.435918331779861;5.3900236313119665;5.1448310007104245;5.12018348662208;5.033129921353069;4.916269661916078;4.808520414354788;4.662682830049466;4.650093197715354;4.444762192129876;4.433914350714318;4.287766226953536;4.180810341002975;4.0384043953770075;4.024147723225007;3.9072088442306243;3.8300035801167405;3.795392301389737;3.5892363070440356;3.418992890033365;3.3368633097221787;3.283055910713263;3.2110213705325013;3.0405717214353873;2.969200920689227;2.8947968668247173;2.7734762625716036;2.7390911544513394;2.618426786943229;2.470897374988183;2.3494932269255457;2.295756932258656;2.2584452081365503;2.13111208905168;2.0640051992945225;1.9430114806836727;1.8545394895760525;1.6813084110939962;1.5878328356432558;1.5653271331625507;1.5099224315463142;1.296495666685835;1.2372313240209016;1.1599461075135733;1.043925946482014;0.9683735805278538;0.8605704799766158;0.7592315604348493;0.6504713296372657;0.588804083882567;0.4021561435952574;0.37515195922107164;0.32363094257921815;0.2223184341934173;0.049963478394504275;0.008481430436773948;
00220;12409.68432977465;1858.8164719767258;1339.0414979084644;513.525262734612;409.5159853791085;379.3339845449956;296.63473229663424;277.22631784029886;268.62849354748045;231.9977154548673;214.84828794232448;197.6788403121028;186.91222017425883;183.37951559224805;151.38390901106504;142.06448141063828;136.43571052987127;133.2335545306532;125.98616206134619;121.75680960682989;117.09147878860858;110.88854580529049;108.64246669608569;100.25530219300718;98.73550550329927;94.75084375277265;90.83374676674508;82.53785425912587;80.0135879474895;78.57862572123848;73.10783449493316;70.29803311646411;68.6984738638188;65.35491701668691;64.8436067699388;60.88590391000922;60.49149128312867;56.899232874120926;56.33567208369051;55.11615558918568;51.954135280288796;51.30392607371784;48.60587688220629;46.645290402352444;45.833510857693554;44.907537235109636;42.41446549151012;41.634667199656775;41.025284046335216;38.96025684524638;36.86353484222464;36.66463091397654;35.842763344306015;35.39428932849075;33.49071535077785;32.06203801969433;31.18149470604362;30.369477406251665;28.914316994312095;28.687045045785435;28.196496319899683;26.884016658164764;26.277135229028673;25.25806188358021;24.318426873621895;24.06475389194975;23.09745616026226;22.91379618707634;22.46267149620379;22.171846224646824;21.745172306234767;20.95534325949052;20.20421125867463;19.592199322172224;19.329324239520993;18.996732644468263;18.06224176736247;17.915603918828573;17.45584939743025;17.09283214731142;16.801363132751447;16.28434157672417;16.12145558122123;15.526747669784058;15.471095929907365;15.077382886305665;14.777393963868803;14.419093615879657;14.139856930652972;14.02337285126171;13.584585528631665;13.288607413288684;13.050708306662685;12.760645586358033;12.75452801699827;12.459813705491365;12.21671983652148;11.758517196819737;11.412624990076969;11.14723980606793;11.003756470774674;10.780196223928263;10.634545260606703;10.365078786757044;10.294001063500486;10.150235168157462;10.021214788393172;9.877439658696991;9.593010429462515;9.406736249792097;9.286116391107598;9.127330929453427;8.734082617767404;8.70409760264158;8.5915025176067;8.311779200913318;8.207035387298149;8.163166380984489;8.05174524321292;7.843800628352025;7.733333724478245;7.572100146164388;7.432397110136778;7.347690669763185;7.126886859601799;6.981310390631473;6.860966093785929;6.836976579849314;6.572002369945175;6.50556989585339;6.359872553799231;6.31915210761995;6.245051894388306;6.073969299089007;5.8836699266575065;5.780414981732322;5.650581651352149;5.458303911105203;5.379752062929678;5.288318380695326;5.160464046613439;5.024777728248069;4.907655202206573;4.816696425112752;4.765325631122071;4.697095499489673;4.49559965016075;4.403901976077343;4.346933321236892;4.308268875131792;4.186016422425479;4.000469398054892;3.987570443843373;3.892998154515132;3.8475637691731284;3.7063814144019553;3.650804830685077;3.6477658294607243;3.491610420968116;3.273398004663759;3.2305568220037615;3.15042337874354;3.092215383183111;3.047576625886334;2.865688900242187;2.81511241341258;2.7296258274077245;2.6785307697697793;2.5263238440388145;2.3924114970517025;2.338160517901665;2.209736927675813;2.147843541052553;1.9947392457689375;1.9842261137589057;1.8803141894366011;1.797401854144873;1.7768875020442503;1.6033731884278422;1.531141672542298;1.4982693903617355;1.4544626144331816;1.3593235996569484;1.2917123672590838;1.2609620589863515;1.1437847015517977;1.028687466263357;0.9688702617250003;0.8635977901184818;0.8173391774560572;0.7546123755003789;0.6114986068390013;0.48027580923919744;0.3832203175412468;0.34013541028245786;0.2180869288043877;0.164030094992554;0.13958178297008472;0.09741679465196434;0.060083243053384555;
00280;12418.291625868147;1856.770082380047;1337.4927700181001;512.0976843198249;409.08913201954186;378.196280241177;295.8472916905111;276.8381920045694;268.62476808118066;230.4700295912876;215.3664634994962;197.6893167888048;186.0408839901223;182.76466252902617;151.5303407310398;141.78759462287022;135.1722423625578;133.2973803338795;125.90484465768783;121.49067802838277;116.59688271206383;111.08063685913116;108.26513146578897;100.10389840302197;98.27478578281132;94.84299387231063;89.43087932468836;82.27530270060733;79.48699304901004;77.30854348558061;72.81416317822745;70.35559805680543;68.34266782003257;64.72483454864457;64.26541206293132;60.75504804522122;60.21035269066822;56.61323251325702;55.30357220526747;54.91720943769978;51.565347367105026;51.06632857886608;48.35613782317813;46.289323563540144;45.51002599609174;43.62976514186275;42.111312461930154;41.370945565840564;40.58511906323503;38.91468228777818;37.128357392996854;35.876842604864265;35.49269063977811;34.67976288698667;33.12098773907334;31.914815810312042;30.18021370025285;29.62871686528508;28.299703876525967;28.121020944338262;26.841419718749744;26.559096544807893;25.603662596627867;25.05531551131183;23.329454185119644;23.170390464193243;22.62467933121344;22.298379147352748;22.08712294858155;21.482966978579203;21.08761696669626;20.45232897375988;19.597608739099503;19.07821345484249;18.77738172112242;18.380205018293175;17.32029276343185;17.05532884733574;16.782371863205906;16.52861608235135;16.17324810062825;16.11018823582599;15.288033637528116;15.09732335155528;14.789892543359494;14.502433267473739;14.35325814320074;13.911279119239415;13.310044617352652;13.229848789363759;13.011998742873956;12.560008749736008;12.136213689989109;11.889793210796581;11.683799120996762;11.41253486737961;11.047930230891518;10.938422440294307;10.648019491076663;10.536975384171004;10.277647350042985;10.089145544499928;9.976202532042604;9.707423716652244;9.657266471888438;9.129941422922592;9.069502950639423;8.942813647615685;8.86905745846697;8.47436219423209;8.450626099064868;8.337536337810143;8.211815473380549;7.992550760712159;7.9252092800318845;7.8008847108201405;7.614151008071278;7.52526287999885;7.410643185313541;7.214007383832081;7.011563933765801;6.925016846997884;6.798732289034077;6.5764165864328294;6.436915242849204;6.263726302903124;6.222124295067357;6.157400856493172;6.013432882231435;5.988730112467657;5.88953672424064;5.773730530199112;5.682663588722755;5.559584086576761;5.326734260272648;5.165447453218977;5.071039859302709;4.97434423546688;4.915589801381116;4.801586456452039;4.740750666016636;4.684577673271481;4.544184092699564;4.426671211152638;4.335822476317292;4.164922437435728;4.088734630190192;4.062716078285246;4.038872180089877;3.976135863029909;3.77097186609848;3.690838306523102;3.686463493056176;3.5797516255828055;3.4133953173006306;3.268458371630153;3.231271015516063;3.107092170702268;3.0581031195992496;2.984281362294447;2.9270740175783567;2.757827016634965;2.667725321674765;2.5756262779901116;2.5434487048388905;2.447895929688108;2.378795519615746;2.3586638919034604;2.2970626633118427;2.2454330308821357;2.170700993148446;2.030480224855252;2.0070320239777555;1.917935061167819;1.7785073211639215;1.6833571691981557;1.660469061723813;1.583236942487671;1.4653039206164633;1.3920217011071672;1.3310276740047529;1.2685378645765042;1.2143804897187909;1.1869353952595627;1.0803689047049763;1.0369925096782777;0.8968310749963868;0.8776014037992564;0.830868097699101;0.7614652297639142;0.7296009829414098;0.671513259072505;0.6090567477736138;0.5024137513283531;0.3725312678884216;0.34540176620496255;0.19449958661364428;0.13981695560095384;0.07290020910696757;0.03222532637608918;
00340;12425.810645529837;1855.7375278305678;1337.9053489574874;512.2671919040099;409.0380687120306;378.52298257767313;295.55868143029136;276.95563328274255;268.24687571366206;230.67050752346577;215.4710210533741;198.34625929903257;186.42247935751007;182.74167386959243;151.9765978789061;141.18921102265256;135.1578847860604;133.30367845626094;126.0249183949429;121.42556225201871;116.32446162769057;110.91714029461274;107.77626557604029;99.48931393528125;97.52625171001574;94.7737900891223;90.32990192865932;82.11876352348696;79.40697454067856;77.38973619228403;72.20672423734474;69.17001057719995;68.52969454690871;65.20838338291338;63.87634794216146;60.50774756614015;60.01845447560112;56.264850763670815;55.477373840220665;54.86997067968034;52.033282769307604;51.53976839914132;47.62136703851851;46.05073353917853;44.9563727732622;43.51208804152046;42.46536497939914;41.46091979032834;40.35794495324872;37.86335637718159;36.494925909532355;35.37620044887622;35.071555183451515;34.14142235471374;32.82856903870402;31.75064704696564;29.32917007316534;29.184847335599954;28.26902666505109;27.300198520604674;26.52938003440998;25.924255636732678;24.78898211524455;24.235493541255163;23.074897937677594;22.87700937771001;22.280759104874516;21.64331700621254;21.520971928161362;20.86820955656941;20.481512061319197;19.436185952895993;19.243423456234638;18.641711666282188;17.608604670532916;16.974351461533008;16.951379461321856;16.73150474281748;15.975427967960286;15.819234513455173;15.736518615006375;15.454421282948777;14.890624355560913;14.546691703187626;14.274801084900512;14.018274544726207;13.687962077517625;13.233965440864472;12.813078368232294;12.433701495225325;12.040031309415507;11.806818546452584;11.519756269248779;11.305351655241793;10.971082190588247;10.786389932986603;10.409759355220375;10.322138579737777;10.018907319697535;9.917948245567272;9.58956345471594;9.427427589254945;9.20726393141072;8.969104273566538;8.804241753447318;8.56488625011341;8.507371259719159;8.386523579461233;8.232515091271454;8.103281994960428;7.758734752019485;7.710809653732622;7.635760437756559;7.4307168376389585;7.372717925914531;7.278573658671553;6.969573253366563;6.753730231317308;6.736427848888082;6.568846878431971;6.488443490742857;6.433448291670782;6.206511569761302;6.044553507321466;5.8960995261910725;5.841812891228381;5.772564691467754;5.536676552956225;5.466499737011551;5.381452069587152;5.248424814678204;5.143448439594505;5.079659755811569;4.988154458782832;4.952413102738294;4.907767476922719;4.761251637354861;4.649545859550949;4.613344659254777;4.433147424810133;4.35120679738532;4.316278948468107;4.23258948738503;4.175754796638633;4.02236840701267;3.9601059938633587;3.8536098804205814;3.768433923759718;3.6193458755312493;3.546206679510858;3.5157258237958917;3.448658133985456;3.35973687578334;3.310171908771395;3.1919242215627364;3.1133157665958526;3.063882489873015;2.9916369321306497;2.81886898781108;2.699166996108581;2.6000258566695886;2.5825495147766357;2.5167548848488286;2.4407284941518976;2.3706251012141353;2.34648643230036;2.28937848579669;2.175775183136959;2.1158521856371832;2.071003409718725;2.0462287445115117;1.975529691808318;1.9083005646615165;1.8387626816070104;1.8021244610033442;1.6437034872389322;1.5786966902404425;1.5521315690011703;1.4590563274719452;1.3771176559664922;1.3260621661949579;1.2017859887714677;1.1147037929084727;1.0634732232026567;0.9725787849873792;0.9120775858417034;0.8805193785249521;0.8243729110839281;0.7647806259184562;0.6844410427901613;0.6408117226642241;0.6260760213377797;0.5065310511630905;0.4510105393948075;0.3327565938106826;0.193463118979429;0.1803176242769163;0.11980529171742972;0.08337065328929184;0.0004737725776759621;
00400;12429.840342684523;1855.0555893602318;1337.9361830618661;512.1552813980546;409.52111169258194;379.2146866417522;295.28929341220055;277.04728117214927;267.45248785131787;230.9443477459158;215.7083337572316;198.2649767365351;186.80294042256506;182.91717302111502;151.58460634903082;140.6203261814634;135.4750466357746;133.39607889107273;126.181781440006;121.79755359072315;116.51362849743977;110.79875013904963;107.95390572716852;99.87864735810518;97.01702781288584;94.0492278079241;90.55289683940768;82.46124850997039;79.07000453377856;76.814633682717;71.9071425514211;68.83402292850869;67.78540793522795;65.62622066894711;63.841908497318215;59.9988582978683;59.778325117246574;55.82798406266718;55.40635614005562;54.38466370571491;52.02012521785555;51.2660257215718;47.0590493331718;46.006033169241825;44.91016533152257;42.960445364987976;42.209295868306356;41.16114046773677;40.409566831514766;37.76487461388214;36.260524137289906;35.32591340117183;34.91753811357753;33.823647838431846;32.631131855581636;31.971637650001416;29.401720207810907;29.381189657881905;27.942498462414033;26.998674487240798;26.593267689073556;25.504992577273438;24.895629302718376;23.841730339440847;22.93257534901697;22.538382104376804;22.137744737935748;21.683570779229708;21.228837593862313;20.37463853721967;19.740703211938644;18.968755038867304;18.734374375763775;18.30310650299884;17.468043445206163;16.969406784620706;16.77401475844298;16.44836501706303;16.165924803194766;15.746371612664307;15.158488007621123;14.926569337075218;14.7057731571884;14.11460962719592;13.701349752374233;13.283091148371275;13.001657397011995;12.79297291798187;12.65875280107847;12.122604046413782;11.512319269081363;11.277316666783046;11.12478434087083;10.960426357836068;10.752496811873364;10.594582202856355;10.151108461262757;9.921185574364955;9.66851189010329;9.432133072975834;9.230483636651758;9.04835338559269;8.913279198087176;8.624110260098583;8.55409793276675;8.196493772327415;7.942972662789671;7.85183674997807;7.715065947790461;7.604846224293321;7.401564756545138;7.28621842027445;7.178905630470235;7.030311440986607;6.809958897190598;6.656645945424496;6.606067868843123;6.403306123559264;6.274355034527288;6.1596125519546465;6.098578203751004;5.9672943408668395;5.855695835724721;5.675830544076232;5.608252239027521;5.576803413658033;5.452543547340128;5.292060559459961;5.277903459452778;5.191810217684232;4.958958663098349;4.852908940786185;4.777676181567653;4.637707484622049;4.585491321794969;4.5275388797032985;4.396614789238711;4.373818132272982;4.2773768083275705;4.134895963377762;4.050545735770366;3.9596195646231043;3.9179817445066796;3.8288274068360386;3.707754509491959;3.612561398134307;3.554470275517229;3.4046151091364045;3.3599244324212045;3.2666803001247926;3.2076203499451754;3.176245543455729;3.150786414625008;3.0213447712315005;2.911093208099027;2.841022329190463;2.759688643735859;2.7348711984103793;2.6383116431663525;2.590169544326238;2.5765523628081426;2.528089131623859;2.4690727809301416;2.3443226577545664;2.2916533378201542;2.2436247429738705;2.2084096989022726;2.134008862026103;2.105849310490277;2.019181822509909;1.9173109339542682;1.8607717456717858;1.8457418198242708;1.7245251078872001;1.6423892312475123;1.6110743777893732;1.5759952426920347;1.4579806040954162;1.329720859461551;1.2593409055053626;1.1951060130203466;1.1712856645469485;1.1432936658070905;1.0204726594501805;0.954543644339721;0.838996800943091;0.7526440778651163;0.7182656925030682;0.6662288441573682;0.5925104654720786;0.5529681897551469;0.4976357869172817;0.4228495626911009;0.4000358720232414;0.2923870659882864;0.22677187901119436;0.16153200333646517;0.1392336538888173;0.10543158214265234;0.02547624674667421;
00460;12432.920762383166;1854.4970631324286;1337.9709207499354;512.3379053362821;409.226766854089;378.81311916557826;295.0933958090299;277.5427211740037;267.49606826299794;229.95741654180733;215.47377258631238;198.0742966073937;186.41458138821403;183.28676348137944;151.34129220732822;140.22671913231625;135.91021634540297;133.15974955145566;126.19350062035485;121.2611824575844;115.98343353078926;110.73271879358069;107.73975479226885;99.90199010004116;96.91225049549581;93.72353089174915;90.32164969324465;82.32480183650786;79.65095556687714;76.72264356477078;71.86017012941363;68.95747515960241;67.16659453220532;65.6425567188852;63.94493373537593;59.89477333452907;59.53634240732907;55.659290018674106;54.85501575176112;54.29117773451774;51.61453112751895;50.86680536758647;46.82429311526257;46.0088448008895;44.65622668404135;42.58210669140495;42.33827260639043;40.739917094816924;39.88720592464766;37.51905714280031;36.264853036479515;35.31651268284885;34.51317895762343;33.72246769999236;32.225649819352554;31.500055448408947;29.19019382084178;29.04103741824298;27.76512745193077;26.86462628852055;26.34061509513559;25.203323782685054;24.47668547201649;23.89032139744063;22.503292316477403;22.419449041017113;21.52861511158477;21.318046425994922;20.455984315797792;19.73432483813735;19.428730141015787;18.980536390264998;18.534603617504878;17.948245578718026;17.049095183447413;16.908360505065932;16.531100800480104;16.073164051913867;15.897218983586589;15.348701113675109;14.953650140979752;14.401747806946755;14.087092071377239;13.52130627977285;13.232099609897883;12.915146051485433;12.611258587540025;12.289484518712;12.059802867870584;11.862933889854665;11.364632853032964;11.295031592024468;10.98304937056197;10.67886248346753;10.370280891073822;10.15970979856597;9.534011213005485;9.324753170235333;9.199668662325593;9.028402736315648;8.81522744071494;8.639039624699441;8.532892807867805;8.154561696983015;8.028782099699999;7.806210029427203;7.670152717732134;7.5039149042259785;7.3689661862922335;7.255977158112135;6.981811203971781;6.8488044599636035;6.68612286308826;6.496577709292406;6.349351127323677;6.225275614839676;6.10171496643808;6.079325740995611;5.863696906721836;5.779506658477862;5.692145583580236;5.621670863430499;5.383945971663275;5.326901668299658;5.263630306371733;5.211769842265907;5.064862549616445;4.933576311297892;4.870662522725639;4.7821818635734665;4.632734563940937;4.546417496899704;4.501754894365737;4.414685124169018;4.338809321877325;4.230727116480101;4.101597669768718;4.072999332096087;3.9835477370377843;3.8615852985921375;3.7385327213133874;3.662892373608247;3.6063749908482134;3.5455683243528475;3.3944703133410834;3.3352549667774;3.232962099731824;3.1580746215595306;3.0972563480932265;3.0844345241159745;3.0302472365770186;2.958056810405741;2.9238557373376386;2.8097026394929907;2.7297939825834914;2.668369348212886;2.5678262152683273;2.524790985981353;2.4613700176350566;2.414551911793046;2.272024797449795;2.2489187580118895;2.182132490649822;2.1550739093201448;2.080462440745538;2.054217140957485;2.0227462625614545;1.9089294732689153;1.8308640762738067;1.803307458914669;1.7622821887773557;1.6882619572117465;1.6601878867553783;1.600244065243577;1.4473020816118636;1.3974464248900338;1.3394285107209134;1.3133760984112355;1.2959242909699014;1.1824007921783712;1.1179835780090213;1.0702532650843934;1.0460414262255848;0.9907288853625582;0.8936935808634476;0.8564494059876847;0.7783501173201298;0.7375163114427442;0.7330785962552229;0.678032615204627;0.6000082621196487;0.5441676909138482;0.438201925839347;0.3703561917342592;0.286925543157435;0.2668837955652329;0.24125546398171108;0.13012304270560893;0.07622304610943428;0.02641789821252663;
00520;12435.27057512495;1854.3525322740359;1338.0018191858894;512.1103225315269;409.2100978668159;378.789999036891;294.59523559238755;277.70437813585244;267.62241867123976;229.76428061051317;215.59458454998915;198.16425239549145;186.91075747958857;183.24143836720347;151.89489058260924;139.9313920280164;136.33368561091058;133.36769875006704;125.94852325099534;120.9423898025558;116.05556358968988;111.00016475526171;107.56896215941293;99.66524773678856;96.89516078958145;93.82194562859509;89.82246713770664;82.59601324200807;79.58823653614975;76.7190070287173;72.18469535193552;68.78730809829742;67.21245945190633;65.34691562005284;63.755118151075244;59.80776276649363;59.285153608635284;55.11011897627613;54.959183084779575;54.28589220902012;51.528257559567045;50.36320726305395;46.89111916690085;46.15275498474321;44.68461020088978;42.514134672812794;42.27532136693277;40.82240104599511;39.718194778323145;36.874389374817106;36.357441353155636;35.21583638834501;34.86904403059406;33.19588229274041;32.220340051419214;31.626458194247643;29.374218558544705;28.801857195756572;27.547468799261125;26.814500598016565;26.502325384438418;24.63726177077061;24.317585965025273;23.767607290068053;22.123757328785903;21.801884339620504;21.239115233722952;20.903426242671607;20.27269711490177;19.866710203017277;19.475076967135724;18.916617929996566;18.5033025773047;17.694011388885716;16.73850819426547;16.37974161042135;16.262173304565998;15.743317234325094;15.603594377300148;14.783511957130175;14.687259738940272;14.027975335748433;13.95724396679991;13.376777249070509;12.924727041298782;12.761739752813059;12.261894623130983;12.024688763551426;11.807642878941794;11.726297091479442;11.212901937615012;11.118778473226435;10.42767749271501;10.132972310633246;9.967128808388416;9.815005877308643;9.305768193972284;9.089332755474954;8.904656362935729;8.700172013618586;8.498172782247421;8.351640114120592;8.19594957816796;8.009496557730197;7.626744250095802;7.498034965061196;7.284650190669623;7.16818746193118;6.999508553249937;6.853904676977336;6.713246853985494;6.542215727748631;6.422514132419864;6.283375864672084;6.045260107170561;5.9542450094389725;5.725069699478582;5.5838368701909005;5.555348716963164;5.535699401043976;5.464634399512417;5.330806959741207;5.140469087174787;4.963316149001837;4.959354953476773;4.8770520545826095;4.729143735534503;4.696225331738889;4.623868289176566;4.46043308209092;4.410360779218231;4.3071680926166325;4.22525461489432;4.089800344180598;4.018720946111342;3.9896668464827543;3.9277164437848064;3.8878784434573594;3.6618484421713466;3.6113438821815063;3.5593927945455057;3.428376900560968;3.376401006967109;3.3304098237167303;3.2394471859974563;3.228577934234239;3.152351015474543;3.0900584490712735;3.0450530026324527;2.9458724547984283;2.85405104442209;2.7982173128614174;2.7635751602956407;2.6915326862573408;2.603725680657198;2.557603480037799;2.475778610226701;2.409218658935256;2.35588090577065;2.324746228920464;2.20406682722596;2.1567197037411394;2.063651665229735;2.060880848736483;2.008389289241288;1.9243752473327689;1.8830767821255678;1.8542524458093932;1.7599755504499741;1.7327566349738126;1.6756552992669616;1.6157332107256672;1.5756356129454103;1.509450226605563;1.4423859432131363;1.3942953549571468;1.3138358448727099;1.2604647406907663;1.2561320626129002;1.1789544836873684;1.1096353247468038;0.9571905461771574;0.9405864143315356;0.9002441132586915;0.8398617295588878;0.8209737730075876;0.7260615677947067;0.697496049731576;0.6386372664597793;0.5787184128550118;0.5364475112814684;0.4841666914091231;0.4441209757606152;0.39740772892477805;0.29412246801290726;0.25347724795758514;0.21102793742905537;0.16497972330124389;0.07346682746479248;0.03601111647161849;
00580;12435.795085241401;1854.1089935808188;1337.6768038481373;512.1522843769836;408.94535178826953;378.54472656097556;294.25964725416276;277.8300909700755;267.4515066356671;229.51781329243153;215.5060057150058;198.04024858038554;186.72019215650775;182.8261618126141;152.07999436014035;140.03832852069706;136.53374889139374;133.51356142087403;125.91339291022925;120.59088340910809;116.05546862196952;111.03049874087723;107.64015335431124;99.65086642732547;96.94729545199762;93.79804718807728;89.75786079494468;82.64035708089295;79.4060640541185;76.46280850104294;72.22701005805153;68.94616145413231;66.9815707625566;65.29241542067095;63.77065125711542;60.14901217284696;59.2098896012985;55.41554237062907;54.70011093550912;54.2111857413573;51.515834316263636;50.34551354075012;47.05571037445415;46.2065633543175;44.63402728169805;42.64168628331107;42.29668653083797;40.94805642509553;39.66512617155621;37.07357940178327;36.23298910551358;35.07747557616576;34.76475174660029;33.02801151959725;32.23925473235403;31.534847422171588;29.101380892350285;28.674576347749785;27.648633023751064;26.75300107693579;26.552514364712;24.765171450768214;24.1404360427183;23.60487044782035;22.3747073618897;21.692925302121036;21.295789904976647;20.5740576353357;20.227807034460284;19.67620919639219;19.198935582344642;18.647304540486118;18.53885946613322;17.33259599557752;16.740565903998874;16.28811083775724;16.192035048315027;15.713792480973098;15.421452922245939;14.590367808943563;14.424458288198512;13.720446678810672;13.605857482278576;13.419638800668066;12.602265570980267;12.349496935337333;12.068577961640049;12.02920069437183;11.74563864108832;11.233890315257625;10.958974755864931;10.651620135272184;10.127356115450104;9.96680101929282;9.777022750788174;9.53388576894972;8.977129686454125;8.87466931617823;8.76464756881422;8.629596630755838;8.267538809279992;8.213351180625564;7.93362783575318;7.842872297266795;7.607943338182648;7.503513211336344;7.1672713465968325;7.028889432082522;6.873726587033956;6.761719240692174;6.621617197168091;6.291671533700703;6.061783029743693;5.956433729778;5.753846228692046;5.7100104267856775;5.529399947287666;5.4553770669999935;5.3956374228000925;5.187101489655471;5.096808297757851;5.078282866860134;5.001066881136245;4.871531635941049;4.798216419822458;4.7951700517302065;4.562255071045973;4.497098857823187;4.434123494234689;4.212802575757529;4.1684965933502545;4.123332642678632;4.0416332931282515;4.001303835106016;3.928329480600794;3.794854941878441;3.7211247036668924;3.6680634069010964;3.602386596987775;3.4971982590656054;3.3800459577095667;3.3625850474751324;3.2170867570632686;3.143500984055316;3.0988180523291335;3.071383105984679;3.004983563968764;2.928036140248747;2.8995969617736006;2.74355501078655;2.710579806936366;2.6684737144006583;2.590148271990001;2.5592297437569154;2.465996912870051;2.419753072668584;2.359207640434075;2.3108004634934973;2.2630789528586854;2.206414396137679;2.1630712547935986;2.085810863505127;2.0216257420872767;1.9822913041025683;1.8995239087156939;1.890440211606316;1.8312194409306015;1.7543277066183802;1.7302525836372844;1.6547243694948612;1.5952218271825007;1.5275780177597764;1.454717241693209;1.4114438097304167;1.3470320979481123;1.2628606371803546;1.2029033442586694;1.1756527830946384;1.1300739180627002;1.0968562590984472;1.032800202647135;0.9997064969624537;0.968001428279504;0.890734739892448;0.8534583273297597;0.7365686832048471;0.6891579238217537;0.6416266447995878;0.5898925976837116;0.5645523556031167;0.4865505701884042;0.42601871761632437;0.35332431364254946;0.3199530519746591;0.23347357638731756;0.21256694253789893;0.16477115840687434;0.10666005731145525;0.061855413248702217;0.0450525332422753;
00640;12436.99731224039;1853.695549081704;1337.542206254845;512.3210490614697;408.96498485762913;378.54161544248814;294.4181930636652;277.66773101342716;267.4684508679912;229.51392182761236;215.38412550716276;197.91448740076154;186.76587312265238;183.08852908350818;151.84897969153798;139.8972835217445;136.32512689739625;133.6493163560589;125.8821507684395;120.47927557605834;116.1774706568315;110.94069535620486;106.99344155746023;99.92818739008396;97.14966758509081;93.7754078693903;89.52426066473139;82.55955092323222;79.30403893198083;76.59750718212725;71.95688553900949;69.11569892897741;66.84507980419619;65.20170276877109;63.69305732116568;60.30216830042607;59.05725581681585;55.24760345387044;54.70732449310466;54.36747690117153;51.466029412325696;50.0193357415404;47.1371292250172;45.97740730744422;44.630548588992404;42.65811477818684;41.93057633523833;40.84560540722999;39.462084373454076;36.91379918968441;35.89750236787995;34.78368639956937;34.397834405394946;33.14812951657493;31.7862308703219;31.0623570957081;29.24112983287255;28.815291565749316;27.599886348664967;26.633147361604173;26.350716200723777;24.638824419346285;24.157356787529043;23.606595676993393;22.095624180672477;21.84793300698939;21.42959801279746;20.568823943664857;20.292639850734002;19.614027797444514;19.008558042811945;18.447879674093617;17.903298247386218;17.324529986868356;16.77128122797552;16.205080137101938;16.037619318795947;15.599528014536059;15.083469766812003;14.538260001249625;13.920235758621644;13.645092698853935;13.525485633735052;12.961822355342214;12.52531403276024;12.318540384768383;12.256674343052401;11.79933813562334;11.59463695750832;11.091764307303437;10.812549916009111;10.642026379428492;10.022138983877666;9.899601966495863;9.447735836617015;9.297650849487495;9.064207638206174;8.9547596586628;8.80734803300183;8.547065030131328;8.458697196216072;8.19714363288115;7.653492433772174;7.528019831277935;7.444181789199421;7.206916855587708;7.0539702900712165;6.941086888871885;6.68353186729264;6.528848259019462;6.289219634383795;6.0106491772797055;5.885999028852955;5.714051572891482;5.64890160986415;5.594882845531648;5.432148428914574;5.316023170435452;5.145961331465322;5.034829382937986;4.999481204507554;4.91711866469005;4.791287280039685;4.641908014153438;4.554427237968229;4.493079550986273;4.384824727520885;4.329369962306883;4.228686101205575;4.161412540524584;4.093513045841213;4.022350702536672;3.9797661676711216;3.8093537572153897;3.7987463532401926;3.602998756249734;3.5883339359060895;3.4785484096192776;3.3878457407617244;3.3689633050575587;3.3161601766048756;3.2441809121043037;3.1721872611046487;3.1082171627160924;3.0679849060924758;2.9770670069305316;2.923365080372486;2.866158417635684;2.7836735375067976;2.7274315618869402;2.6488295148729835;2.6004444711516013;2.494406815515782;2.4020705139931184;2.3145772959408255;2.263127859608858;2.2423309352066965;2.2143433270399524;2.1252467340064785;2.1034704732857366;2.0549616835787092;2.007509197225458;1.9395119985781646;1.9076161727045655;1.8416131174850001;1.7852556742291426;1.7386360746492975;1.6679385419810442;1.6172185768963228;1.5526424730760293;1.5376782389565329;1.4151889319253224;1.4081129005110835;1.3059908722170415;1.2756736874121752;1.247268767775571;1.1676869361029476;1.1338587032693834;1.0882318631660786;1.0760158466684437;0.9880793826736474;0.9585890377290885;0.9417160750527791;0.7907363499173838;0.7523583620303601;0.7227279131178604;0.6819393358843745;0.6416873308228266;0.5747366706419593;0.5226849964510016;0.5030116803712497;0.3994061173170622;0.38136478540578517;0.33526010239250537;0.2846013019569085;0.22516132649275078;0.13986578023186172;0.11651677604193392;0.07214199378945294;0.035505954956573854;
00700;12437.40161996467;1853.8925463223218;1337.0233727592833;512.4716913860655;408.52756621580585;378.3788154189971;294.053376239388;277.9033822951634;267.378469993074;229.6544364040803;215.56767634237505;198.04436153334916;186.77806077674526;183.08943847780685;152.15293882815496;140.19322044885794;136.53143975253062;133.41711129702807;126.02506595598784;120.54469089856418;116.19343564562466;110.80068872556498;107.23810507408629;99.86775093750619;97.19483717768402;94.00339812400749;89.62595440562008;82.19678655094444;79.45911912692877;76.58477276301966;71.82930885788993;68.65733710132315;66.80162822776242;65.09424600731293;63.938374072540924;60.20934917900381;59.25841611453785;55.22646140490332;54.67358695695724;54.17347966818952;51.465386883621356;49.910743981644444;47.10123229501415;46.09297046724333;44.72919392037893;42.57875744101541;42.20444477310352;40.83620037572856;39.50640113480053;37.04191361109396;36.007479186648546;34.64541442124084;34.37208515899939;32.92578080919519;31.928691197993007;31.138003167642538;29.281478364600716;28.846465048786662;27.354944167504954;26.934498692867855;26.25844571369123;24.601831675372896;24.216755066209842;23.36589491296631;22.40168389027967;21.867271006006007;21.435585937939305;20.439396013496044;20.174787289689892;19.44543432718502;18.903677220111515;18.40211302892307;17.86604608096079;17.44326589593811;16.578798765261734;16.15755918348671;15.962841389012707;15.520209085001108;15.086382188513644;14.588775562320647;14.042998033556987;13.608143232478882;13.309225541175582;12.824802676599521;12.500236575331416;12.278459429368626;11.908010664512188;11.75360639955776;11.353039795839926;10.933068514539034;10.70484123462306;10.49886815015763;10.08505135778526;9.793267663621021;9.42954585708081;9.202574419623406;8.929510195418999;8.796246901843789;8.713965827648666;8.377682888449502;8.180980475073275;8.028927165056617;7.610896496873486;7.334618451173293;7.221857160698947;7.117447107502945;6.901983731243867;6.613399220518237;6.434856542186701;6.340932011258507;6.206847623999712;6.023052194901313;5.881749108515203;5.744998909448825;5.614762977203526;5.527180319488607;5.474036725093066;5.2801490409637255;5.100524942064513;4.983696754833967;4.915899886082398;4.7985709309618345;4.641423134695282;4.57256411514384;4.540066841425306;4.526749970763912;4.326795211267812;4.278843955669657;4.166102195353061;4.047157114465855;3.9878832514304294;3.929942868616659;3.866668498120841;3.7590969323972026;3.658957016162074;3.5677813923972375;3.4594155386705783;3.4398157204406785;3.337971328387688;3.2582015677941896;3.2309640920515443;3.167509226463782;3.043806001628017;2.931986509263946;2.8908934860516453;2.7828155237277916;2.7533149871969043;2.7366239176135565;2.6663508246408956;2.6055626223328656;2.51914128790306;2.4576722576152203;2.399053309890499;2.3364965416682084;2.3232080500994194;2.2792521450365726;2.2243170173148608;2.156257971377206;2.0928359137956614;2.0531029360165456;2.0205347500812607;1.9266053682062079;1.8984075736970534;1.793575120340106;1.7341857722611416;1.68010058774581;1.6480763197884734;1.6100744508040143;1.5808418620913445;1.495125311371702;1.454248962718348;1.4202746475594499;1.3682260972804305;1.2988508100238196;1.2635234476318404;1.239442409733282;1.129710671683185;1.063381186120712;1.044983836295447;0.9629460317506093;0.9390523407811164;0.8926116911402109;0.8722805490763121;0.7986778270082181;0.729208391043358;0.7175496440168413;0.6822854705770909;0.6617252574790685;0.49379006391415464;0.47760407682717465;0.44988268573175577;0.4099052749446131;0.36588285800782994;0.27381480527773017;0.2372752758862921;0.23359035183397708;0.19976752685327454;0.09481400165541364;0.040853797477594926;0.01289274300565404;
00760;12438.121246672972;1853.6697032414747;1337.0025216942938;512.3334707991652;408.54185526774285;378.34785756393336;293.96066189593705;277.81126582180985;267.5112834041401;229.81247448708314;215.32973695120918;197.99430831207349;186.92442849710608;183.2289304206808;152.03106770603853;140.20623177782647;136.3548698825671;133.50065876667264;126.01629471091029;120.46781249842213;116.11639943973856;110.73707731349288;106.99256780165653;99.87183518748175;96.94692003298663;93.88669775727612;89.56648525060595;82.11082976180116;79.15202249080531;76.55319269212886;71.98369088450961;68.94049900342807;66.68046819364191;64.94722065165831;63.8148935699169;60.44540279868468;59.11839982463764;55.257495725628665;54.74270242959982;54.121605050513054;51.412195272876204;49.72774695962585;46.78545763331183;45.882004705265096;44.848428133384054;42.57418342501915;42.278827170121325;40.80626779675311;39.6170450762156;36.930230421334706;35.876526335500564;34.46874336101847;34.12438307023753;32.88482638905349;31.960672523746464;31.248322326722125;28.992507734794508;28.654497547291076;27.28315456983205;26.78745877348902;26.230767404707446;24.545590391948135;23.971851854742972;23.326101335155883;22.517631880356273;21.665865208741575;21.524191356545902;20.45697498144991;20.14089856072602;19.489908484707254;18.819542172937528;18.526629247586772;17.990402069226917;17.30246424930377;16.38453827772782;16.132152808837972;15.794540362714082;15.429119100818694;14.773105430985742;14.392519765812905;14.171251812088444;13.794960722035555;13.231926425762884;12.762500865768859;12.588366808583707;12.194889685021764;11.902443276051805;11.88033365380586;11.349907942969413;10.788612462737811;10.582398505651142;10.375851656308496;9.994925279852627;9.733222407328235;9.482553292249227;9.034580379040083;8.839081562352675;8.723247009810427;8.55174639212679;8.430126243861801;8.02097822152146;7.928675511451106;7.741907215764455;7.3024293472461625;7.019199949444173;6.915060390902507;6.8518408572670495;6.510693939370438;6.378249860857794;6.249922645895966;6.2286190068836245;5.8975849314562865;5.764830646422526;5.693945463617822;5.4551481635942265;5.387821977074388;5.242839565609041;5.078683821265965;5.024023604427694;4.815470444007307;4.787993695011347;4.731777337627402;4.582375328995796;4.473760080495363;4.365532852884131;4.314926198246931;4.1970603221197;4.086162929378263;4.014627505590591;3.903355865424174;3.8773575849361097;3.6790193842746888;3.6391475938637976;3.564134649739422;3.537458449111109;3.4404219225247576;3.383586128182968;3.3245007060408516;3.2720071907862573;3.239212127167782;3.049709365499756;2.985284873862912;2.9594665965105076;2.8653208934422727;2.822871489763947;2.7775211246492257;2.7589390110075014;2.7383330886364066;2.5675209141546764;2.5072845752740656;2.4524784430957784;2.3552038200663388;2.3140958753239076;2.286552694403727;2.26418437035768;2.212142911312381;2.1883785541647005;2.0767540600177954;2.0482992268778086;1.943622277482599;1.8728304965126963;1.8645150709333997;1.823528232751986;1.765970984246179;1.686585919594006;1.6464682424615298;1.527096053335533;1.486466467948149;1.4551004163687298;1.439492703963589;1.3852600471638716;1.3171150502399565;1.2760726076587943;1.273137752255683;1.157016046248345;1.1406652540215356;1.1096714689782952;1.0994137253137046;1.0242299737953515;0.913060243499322;0.8872184309581471;0.8582851162567677;0.8279498627321433;0.7474823439272461;0.6771748096696651;0.5640162586487194;0.5574577380654899;0.48899382995535284;0.4674672393381925;0.4187153037233519;0.34470563727484854;0.32314539861182767;0.2965362394892174;0.26740019205602433;0.20079501134028763;0.18482989189272198;0.11537351964001616;0.09687068123364498;0.07904215102994837;0.025271472807966756;
00820;12439.109987860224;1853.473451231095;1336.8566645489118;512.4185895531108;408.3343271049247;378.3552372823241;294.00973435926676;277.7002580929387;267.65157997982294;230.10042590476934;215.3838185010283;197.75066376949712;187.07140102087823;183.2337174905487;152.09651154336572;140.32019107700677;136.2767362213289;133.58651049138456;126.00779452657957;120.54339012278756;115.98148651002145;110.55075797635808;107.06498923240451;99.83379212293846;97.04067877535995;93.89024931641374;89.73292518194069;81.95843838135866;78.86974865121593;76.4919060655229;71.54525040342703;68.92531890062286;66.52623799141095;64.81846162378434;64.04168117834699;60.77236893775768;59.12177461673806;55.40604518117939;54.957020866330524;54.07592097442954;51.29474442143491;49.71002081032993;47.005684411404964;46.05453079508454;44.52619134615672;42.63717809516247;41.90288401960379;40.75691302501134;39.619338408049046;36.845358405097606;35.84930133464908;34.561695028741696;34.35536683146226;32.664230545681;31.979324855944608;31.479035004166565;29.114511408745035;28.889654114148076;27.293140887225597;26.633264534576043;26.329765702162227;24.445606677973657;23.918588751654795;23.097939657149208;22.506249911701904;21.814184851179466;21.0717241031333;20.371784932301075;20.188627029461845;19.430401695118675;18.548755030300892;18.406987296429413;18.032834460198117;17.399084050426286;16.445550915639718;16.30494238909415;15.64909365256971;15.490247411740418;14.818121198844388;14.340513174969852;13.955259700546183;13.67747208415916;13.259914575331067;12.636471412219452;12.214361686949466;11.928623167562792;11.887690627850418;11.537499593851738;11.106384994333164;10.702826941255196;10.574685091170227;10.383013715654121;9.953213750437008;9.571121955599274;9.287198132086411;8.947574713544888;8.66653345513653;8.484654499698943;8.333116454930797;8.20447282817363;8.049489906316072;7.933502426109413;7.713156362148413;7.460469742478991;7.126535076075968;6.977137891175177;6.629260016359445;6.482549945798369;6.298565002066567;6.115182539668537;6.093233868161747;6.0189070353925525;5.790856509817214;5.619088005143518;5.4402112689670625;5.3828916901905135;5.154849026188804;5.040302844277425;4.910023278979508;4.678629824167772;4.64888413432361;4.605989429184576;4.5211155196974;4.274988580403188;4.22579787934461;4.116451724657388;4.077658352110732;3.9976961044982153;3.913715848874883;3.823431143283789;3.74453200821109;3.6780095377704276;3.5603325222157993;3.509858865851824;3.4324005291104878;3.38488330429281;3.299713825584716;3.2729956603323935;3.1523803581437555;3.085468424623002;3.0733013426046636;2.9545314443992816;2.8463491440768713;2.8196916520430833;2.734255404884694;2.7233113369146866;2.6050117050476302;2.5287501974834905;2.5011724201937033;2.469205840441499;2.3918222846131028;2.35336429479439;2.3265687374457547;2.250156952894476;2.229262880297266;2.159409477335518;2.1127750612617384;2.088521582465602;2.0397947571979422;2.0118142241045383;1.9441778094500706;1.8195762033501783;1.7170453757743984;1.690121393665363;1.6470686463170314;1.6143576506244848;1.531629394989105;1.478901936803207;1.4024783475784435;1.3867654570708836;1.3602219751112634;1.2842879942696688;1.2688852171485479;1.2511956677163254;1.2120262570603553;1.1255833732709613;1.0605192432415838;1.012369223058209;0.9599248794191719;0.893568122871305;0.8579782806428665;0.8232714955651353;0.7751113998902807;0.7461817221891337;0.6630487757332916;0.6302411801984159;0.5792201909627974;0.5543621955615948;0.5148377982842439;0.48920576051736636;0.4328662136306368;0.3778061080904186;0.2965476948966274;0.253638829941081;0.233900194150799;0.19405948457128255;0.16221139668453124;0.08110399680482212;0.039575105311141764;0.01762471911707183;
00880;12439.205251038738;1853.4023661777003;1336.5760212328732;512.3927488742715;408.5711175887938;378.1632047768268;294.14013676929994;277.67826591030877;267.67401398442706;230.35720317659693;215.3200662439849;197.7569389262918;187.18233279651918;183.41111065537171;152.04180847968885;140.42452506710492;136.43903439163645;133.61893229552075;126.16797343188479;120.2326055168371;115.73978614435889;110.5346907237432;107.04720743436894;99.69597527914287;97.08223923941756;93.66853526551444;89.6570800503781;82.05857956805781;78.83486871740104;76.44960854282161;71.46120966200648;69.08278691040313;66.52843523358075;64.97592095848529;63.85635574980212;60.74986298257354;58.97336764852262;55.2312003714629;54.82254085702463;53.94123532997222;51.27392155845682;49.49590330329558;47.05685087323048;46.064607680014355;44.70960292363042;42.69163813514813;41.873242654704406;40.760962676001434;39.569525522428506;36.80395158250422;36.01514564413166;34.637153280491184;34.50708272471217;32.65449106310405;31.773109762163255;31.303237149801966;29.199906830490146;28.785655745140257;27.18615075838966;26.938005695461122;26.42246202846673;24.401417170381507;23.895080330791583;23.032699186249094;22.61167571995067;21.735305542507884;21.031166635870644;20.30821441922583;20.162047976883503;19.308411417386246;18.660361371851714;18.27976844340046;18.115871744605215;17.070151744974837;16.36893739594051;15.87457331295606;15.695786454296691;15.51822378190358;14.76322882219387;14.240615481993636;13.906155088135876;13.559234937016088;13.201449906263907;12.609161728532506;12.327284853302466;12.036300904933078;11.671191703543968;11.507864167118498;10.896774951759086;10.757246101928327;10.552991118298737;10.091194747076697;9.910203731020692;9.635632123336535;9.330493011927976;8.983442888260948;8.809035912902175;8.43445110322464;8.21801598246562;8.036230475941515;7.902571950406075;7.7114331869529416;7.548399720088759;7.243023239974544;6.995245028856541;6.966045911466482;6.671895694343591;6.505371163620027;6.2177260740643785;6.138726000020697;6.005848494932515;5.888065960098269;5.765338905552499;5.63856941571642;5.443662506000185;5.372856514896894;5.141724872027331;4.965814521546559;4.889477931891923;4.66609408066518;4.579693812209316;4.404087980205254;4.309044264279514;4.258092138964474;4.21926466255598;4.0571281958470395;4.021510365205577;3.8699819183158395;3.8328692710046743;3.7683113174423553;3.725977519598606;3.5442454413213866;3.4924859198969274;3.421062866025452;3.4071309470175617;3.278928978630256;3.237465956674246;3.1317316103107617;3.101751260923705;3.0901594776021017;2.996505268375876;2.8698018180203957;2.7909636822200827;2.693350699416534;2.6568638043069;2.6274306123165396;2.604948673066991;2.493008334208143;2.4064291695650843;2.3682973608688527;2.2661828698901303;2.256279958510933;2.2283962275184384;2.1511138159497;2.1202400521207903;2.095852363335315;2.0676224108133234;2.0468207748348686;1.9412154608741703;1.8882242572332224;1.8293766664780242;1.814558517009066;1.7159498871629983;1.6670364977044756;1.634443197833613;1.5860735673785853;1.5403903628992486;1.50151750989686;1.41948668782526;1.3620722332005193;1.3066678899234205;1.2796366862337527;1.1878326756044415;1.1752451613448238;1.1251755549294546;1.0979018500680173;1.0770002755451469;1.0200435521357885;0.9846429634103294;0.9398212830110101;0.877841704616889;0.8393449563127041;0.7346000040349686;0.7109470448400896;0.6293630447879248;0.6007431735084456;0.5716817255850618;0.5276607133526365;0.48437723669729227;0.4636714760605986;0.4200621176463297;0.3404764137026393;0.31349073199797467;0.26135196551820783;0.2477997640938361;0.21084485397200062;0.17081426352648446;0.058826254872488666;0.03307477017215436;0.013397074384713544;
00940;12439.34162591858;1852.8673597095722;1336.1977375797062;512.3944759283336;408.5631078378769;378.01495929599076;294.0302460349146;277.5835458884925;267.6240969774658;230.12737889473576;215.50117821280713;197.72991283507562;187.208328476747;183.39053489704514;151.9984730283247;140.44959068285783;136.01783960216292;133.49708110019242;126.15440910470062;120.0320214530561;115.68890609566299;110.38880336586011;106.84576666169029;99.70642172458724;97.0297934571456;93.80611641881401;89.63247289970872;81.91646591667076;79.0316123225098;76.61552083805245;71.3658657388363;69.08388346026973;66.54583563992425;64.67775137316472;63.74968481393694;60.59925442881264;58.98521244794815;55.24599765062497;54.438497583099064;53.94573847795404;51.303088920368644;49.5122677529981;46.78467677717064;45.91628819925485;44.6166609284558;42.550147743952905;41.67264710583721;40.61336522582621;39.588873100050584;36.72610102367918;36.09597200701518;34.64097783555694;34.46319284569415;32.86024248935464;31.80152860592323;31.29033946060576;29.22349625190426;28.715611316292243;27.112262689840698;26.61858339844047;26.428653619871387;24.035476859427174;23.757723079741137;23.034362738899624;22.347845507820246;22.071748888168216;20.918674342577972;20.22930682140802;20.129124352790484;19.352568732524855;18.433807075176702;18.358150240399866;17.74021319089435;17.16106030932447;16.16546788170775;15.962610178635607;15.704114255214757;15.42960022281527;14.586179930326976;14.129690865332833;13.726200044465013;13.309120882063185;12.852600009760053;12.496077364973575;12.155051509334937;11.956915461403877;11.591635785069691;11.43985261927797;11.097308514906967;10.663697484295483;10.296458673580416;10.048622425905897;9.755174775960826;9.368541937777586;9.282722817922213;8.893529171029549;8.594251206393542;8.358314334467105;8.210335931970095;7.958754010766997;7.607967952783563;7.5656179233626135;7.378010920666954;7.10334700200691;6.944979176775073;6.8709072480202025;6.497156846022623;6.391296753020053;6.271481984741142;6.058020306688792;5.96868787652462;5.707407465134867;5.641306423252422;5.509110652633504;5.342800252829772;5.224932577712194;5.056827108385403;4.9612287026051645;4.690883300018834;4.654177294605182;4.567170255012008;4.479698010505541;4.294193021380702;4.135133131240845;4.095431294171472;4.0329037334936215;3.9846340669869944;3.877219207379826;3.8116799759121114;3.794512573838244;3.731556624795853;3.5562490141869207;3.4834462001972235;3.3975475547880496;3.2804834185352325;3.218447572455225;3.112846849974496;3.0473965886871115;2.9783852366878736;2.9372352360186174;2.872959113195524;2.784003228225682;2.7624557816634594;2.700428218658367;2.6341504295155;2.6102348660055577;2.51142659100553;2.425502178022556;2.3781560288176675;2.348204546827567;2.2695735761899356;2.234389020626414;2.1312558949840796;2.126169560015102;2.059967952893971;2.023902691428585;2.00786886111311;1.9311686171827354;1.9061150164791767;1.809279432979115;1.767486490761649;1.7064158075496934;1.6992830463449926;1.6123160821154834;1.570412889432425;1.5539452384633188;1.472666237524225;1.428820357903071;1.3810538870663105;1.3561940444978486;1.3255373059270394;1.266951898821697;1.2220555589816056;1.1708016980194929;1.104784050688226;1.088719124389722;1.0651130175769044;1.0298060860495661;0.969907358355541;0.8903287924763801;0.8341969875549958;0.7825296823977457;0.7453949100468271;0.7142793409713253;0.6857728456383058;0.6192885019813862;0.5653582555119678;0.5014021540539623;0.4553374152738208;0.41066338940156544;0.374663882987598;0.35075087480151923;0.27841548337421945;0.2639536461065027;0.2240847679742522;0.19822872672800831;0.1442206105184772;0.09733013020533762;0.03182924186207801;0.007674262729879336;
01000;12439.77455343971;1852.844727619476;1336.255908690575;512.4996709181503;408.56787790029966;378.0856130402797;294.0821952571968;277.60049030741567;267.6772151368294;230.14067881733297;215.40290283768073;197.7246108450627;187.23907668052968;183.4483484002797;152.1857828635883;140.51481401738027;135.96780983532867;133.519983653964;126.07252762558461;119.84756426127666;115.65218386661296;110.15581725591852;106.8466416560526;99.57986672754512;96.93873039348023;93.84984874680072;89.66167173110324;81.90969446862805;79.07962967329702;76.66652548379719;71.46704855478208;68.88482261520772;66.35681891826266;64.65920030085528;63.767851452029795;60.52024210878782;59.05073207535452;55.32703291950586;54.574147103514484;54.16753043036288;51.29141679716138;49.39307367185965;46.931226981245246;46.021670685951044;44.69249403156559;42.70353761986656;41.692657977992816;40.6463866494636;39.70755077264993;36.70767708653878;36.048801738092;34.70555569070678;34.40818623162738;33.038924607208806;31.7376842250982;31.154581174115624;29.1947476797482;28.608397607582276;27.098666865493175;26.627915006051403;26.292603444669837;23.907988392824844;23.624157236140547;22.807716971889118;22.305522231536976;21.90964998355811;21.102791753330937;20.32709433705705;20.081620455287158;19.220908533810032;18.607149007913094;18.155669985615564;17.641634942388386;17.12719590727447;16.34836842946695;15.863123443121076;15.722523776116583;15.449062605196264;14.367943241716965;14.270719547494627;13.654711438665954;13.217418925365209;12.92074837719094;12.4992127887622;12.18602137224079;12.020648393583281;11.79669635371933;11.558010083878264;11.171539268067356;10.595821965274673;10.313863301452573;10.111547011304657;9.763025364226886;9.360299840839845;9.264729920242793;8.801418625226848;8.424991049763756;8.284407075465417;8.116285544560025;7.933118994706027;7.690583793350986;7.603844836711299;7.314350874572336;7.130204103518878;7.069339090581714;6.864084717570472;6.529012149263303;6.4043664011256025;6.146972362969867;5.984471425176548;5.845385969192321;5.778137859711865;5.673355550341158;5.614255693755;5.34546816868349;5.153270301988258;4.9789858994281415;4.882842538838642;4.746443626295026;4.594594587010921;4.376562027307197;4.289319614877375;4.267783086980372;4.150037101087393;4.097475599129719;3.9841961512784723;3.8671709263996243;3.840569715585381;3.7659375013772256;3.712862873972856;3.55596763669139;3.4311783639173634;3.332178163905984;3.299746106485771;3.1815573179101113;3.1102177691347035;3.093040051295804;3.041867476630773;2.9569236015192155;2.9202148157663532;2.8567210262024867;2.7595140227629744;2.721319720165771;2.692211029871591;2.6480129741286724;2.5169375944643417;2.497349659507128;2.423966442833429;2.4120620416295577;2.3442559666122063;2.2703354501737802;2.208302556800087;2.174880222443192;2.120754602313135;2.0192812042285353;1.9943281464908211;1.9600985089537828;1.8959965758802446;1.8686389838650597;1.794148702689257;1.7601849382896466;1.666746277270594;1.6283233629410603;1.615556419282975;1.577456173838314;1.5209932641252446;1.4554347062397412;1.4297178271537134;1.3858367684967536;1.352160180775187;1.3270250815763243;1.3252426086734301;1.2388187700623643;1.1710964864599662;1.1412555552790284;1.077992385010362;1.0595949158191371;0.9820093634214162;0.9362164360661462;0.9043794729654628;0.8484338364800675;0.783783795592589;0.7697342059909735;0.7344453470254493;0.7088755374427238;0.6361061287555325;0.5892813805792138;0.5186842523867937;0.4821373433058899;0.46443497740954937;0.38324783322926353;0.3502555448024232;0.31931379260011905;0.275805370412026;0.2221192810969638;0.1935325334029623;0.16266301837643843;0.1363094701814789;0.03448949179546519;0.026887812361492118;
01060;12440.137912152315;1852.8645900273593;1336.107529905596;512.583276268389;408.37348047919585;378.05322791376915;293.89332816019106;277.5211385594729;267.65722921880564;230.24596105214582;215.32349673798262;197.588201309609;187.12777064942586;183.192633917224;152.27128803779365;140.48663498739464;136.02082005570023;133.4003493082566;126.12054284243104;119.82585283133679;115.70962777726086;110.21374770238465;106.8810417625629;99.66358430489211;96.75861913971671;94.01767394580281;89.64172352696018;81.96701527666765;79.00058434699417;76.53881228839442;71.41336484427383;68.85390373912423;66.3358124071978;64.72217518581199;63.91421190963359;60.45297757596746;58.88769738973014;55.22421537103355;54.17123145193018;54.13982899755965;51.31414246204672;49.54741613054903;46.83369889201992;46.0670055285854;44.5846477868009;42.760976392563705;41.50987625985307;40.53602320019462;39.60421005630211;36.68407621374538;36.23816276075901;34.72590091495547;34.34972239659194;32.702761726593735;31.790594823234;31.310993565141853;29.361755328115617;28.541945716878573;27.07279953244331;26.622453475870543;26.44887166079448;24.10913942574208;23.842034881173266;22.808158135038287;22.242973655614552;21.910446538571044;20.935583816271556;20.251756112173737;19.971747262713233;19.361705095260916;18.471586193073257;18.288664564374358;17.569948639297674;17.354156790269766;16.148050280219216;15.973414578947196;15.822665126088241;15.54544401759355;14.54044266904978;14.130051947805741;13.81645082985711;13.475423385110062;12.585298950518217;12.529964709228471;12.119918382254353;11.893604033094775;11.694117961073271;11.444047963597983;11.01053655876177;10.682957503246996;10.264572986113677;9.959456289165967;9.829731063903967;9.276169015149964;9.200408161180945;8.713902326170897;8.607499780162488;8.379641296794095;8.252997438720215;7.905201437215859;7.874442453051196;7.550715409643267;7.205916041502573;7.105336711011009;6.908540948139644;6.82698331638488;6.407976396694896;6.3498708820046765;6.167673594319443;5.929807373808755;5.863526451177701;5.736751536626051;5.419400280584786;5.337572726575137;5.299526144658499;5.014473310622551;4.889206319509498;4.776200532495385;4.664971223186969;4.52623563324364;4.395195887483993;4.345083315296293;4.270470481924929;4.111829248891122;4.078928076351223;3.961421711840479;3.8348634452139128;3.7722450167902757;3.7227515093000183;3.571256834610358;3.5088867824174863;3.4675710603480385;3.365485314880933;3.3305337741759997;3.2257715781381817;3.186831371577008;3.104493863617699;3.059321699911582;2.9360051343366735;2.845762622915679;2.782614806892386;2.74491955053777;2.704677279556156;2.595246755073911;2.543146814986146;2.509377177679965;2.4761035383493004;2.409124386227986;2.362112095868839;2.309725568421412;2.225815745878133;2.1667802319722234;2.0852736580061437;2.046107192045289;1.9678290113327876;1.936539789658138;1.8792480106694744;1.8497681939194945;1.8234880613046118;1.7851868196768146;1.7232494876193132;1.6928168702360864;1.6164658819062732;1.5834045216394896;1.5134771683861443;1.4932393610998826;1.4353381547194919;1.4131866151186214;1.3602497404024063;1.3489311096012853;1.3101786480386313;1.2726405491105346;1.1975387360653638;1.1732603397055357;1.1296808705879355;1.1205237983885492;1.059756336360817;1.0185031990301734;0.9186933308464035;0.8759306045370036;0.8533777358635399;0.810912194632722;0.784815232477173;0.7288415556916159;0.7068943121698944;0.6576891929344485;0.6134280384872255;0.5421945170917253;0.51528717587157;0.4676139309978568;0.4402567830670658;0.3968418099943032;0.3402886599774798;0.2729100124478254;0.24203506491309812;0.20022619574465636;0.16718850930829648;0.06662952307788683;0.04120640745306637;0.0043111734664821166;
01120;12440.416039976693;1852.963374709456;1336.0070701256718;512.6157133782325;408.2578927703063;378.07316790402933;293.86593678105277;277.37392743412397;267.5092770125181;230.267802262387;215.09766313003453;197.44850075391994;187.25815552318474;183.34206742046064;152.0870004471346;140.45994888082197;135.82536124024057;133.47750583828656;125.94254007859102;119.53049902481602;115.67056459977961;110.18294328055892;106.94723644321263;99.69082090654199;96.87993561175317;93.82809591049788;89.6994582639777;81.87868355677139;79.04998165225754;76.4178066017526;71.46963805164287;68.85308722804965;66.18270989024272;64.68455358549771;63.807780505966306;60.496369098551334;58.80694664261189;55.15047926641969;54.2215764083103;54.0019629113491;51.24790663639419;49.390629086734954;46.953542979529416;46.0333281713402;44.575580085275014;42.78194734100053;41.62905311514446;40.600641668666576;39.56038631465736;36.650324281087784;36.2032115155023;34.558287590873235;34.268161688408334;32.62135725801429;31.864330754844403;31.366153025341124;29.38246744303369;28.81998103001536;27.134650979380144;26.628284897943644;26.366498725855358;24.0088553010886;23.77633380264125;22.925335061591454;22.258269721126947;21.509599571875366;21.380496859723724;20.20322905950743;20.04730478338401;19.380501942263088;18.42092405693302;18.23659293938566;17.64832261600198;17.14147274875262;16.330278480960917;16.049485339519503;15.632945337430968;15.601218961062685;14.272407734432804;14.035696108514601;13.878474226770782;13.263937270107004;12.892531743798706;12.309737452153337;12.100679294684918;11.922542676511144;11.721252546990193;11.645100673036648;11.222354054150573;10.564639436827905;10.14375725214457;9.918000003333052;9.670108550063059;9.36579371965954;9.009902030404106;8.70519008734783;8.423284573971939;8.306094412425281;8.129749808990363;7.939526596221776;7.583199684371701;7.421196184839511;7.150732434862047;6.997036001177934;6.903480032210402;6.822436016022266;6.571737359937883;6.256013232904191;6.112131576934147;5.9208092596943445;5.827490246716798;5.6387410344823845;5.556752082065768;5.374388084532978;5.212617055391779;5.029913481182913;4.888635818215227;4.687066257165181;4.585574492779238;4.50084350800533;4.435610771648918;4.347108219621055;4.274864604284439;4.063349150078618;3.9824803224493377;3.8386608191339366;3.751283356783054;3.678881420853278;3.5467245008016572;3.5057366328858266;3.445821833481864;3.3959623266487347;3.3583752266578584;3.2360757115304257;3.1774017471034677;3.1337652683012545;3.0174133739818876;2.9826562273714203;2.8973320035106425;2.830511210858234;2.773111934522205;2.6876646585716992;2.6369437835359326;2.5563664777361685;2.485429240396818;2.430899837464211;2.3684467639329965;2.3392249918724293;2.297110365283655;2.239184113321087;2.212031828516291;2.1448554292856223;2.106571707891816;2.0819664651061154;2.001767808061671;1.9229978842272626;1.8885993311969373;1.8537900983835742;1.8248897024744348;1.7828077605848194;1.7421413031917505;1.6769942316234732;1.6430198332983073;1.6033666087535274;1.5569455485064418;1.5286983790767932;1.4773972049791515;1.4235457396605558;1.3347804426706675;1.2902010796959045;1.2428653330543529;1.187470078555026;1.1376512778000953;1.1230398549549914;1.0987637374309585;1.0547600516329496;1.0280146895142908;0.954522650024854;0.942254851878427;0.8809618598087989;0.8284190902221579;0.7920110280155861;0.7768797196689249;0.7236229834682799;0.6876876106022012;0.6582410337836981;0.5926808440955975;0.5192526215192854;0.4717095494641246;0.430291060496546;0.3677522619650495;0.3272076236365922;0.27565198948576947;0.25383418387454104;0.21240386538645298;0.16961375847595905;0.1211292638062948;0.0783322465654431;0.017988283710728453;0.0024412806679608027;
01180;12440.788548911205;1853.0613704913292;1336.2150391114305;512.5928185638542;408.1636762347474;378.0343054133233;293.7931795126307;277.38582936551904;267.6068401821445;230.24064653625862;215.09451464692785;197.52760373576638;187.18138773949602;183.13910513169262;152.05491530879604;140.4190307668498;135.65548956940137;133.48972372798295;125.9139819233623;119.6510481680542;115.72014177169241;110.20766361035561;107.05818276017935;99.4359291354278;96.70092417507689;94.08549881619192;89.77214830762217;81.9288013754783;79.02897487484748;76.62011802377721;71.39530253807213;68.70522586811742;66.09328292511356;64.62265046680595;64.14708060639849;60.64798680621268;58.925415714049855;55.072565980083425;54.31739313017556;54.070317353495476;51.167295978234556;49.50122266623917;47.036385372672584;46.15276471102877;44.629775609110354;42.662138012448125;41.56174140126421;40.44544690003264;39.64192236131112;36.42488708057019;36.373625776118075;34.4737888909368;34.01794572310521;32.74767789814545;31.735512139518587;31.272294609024783;29.55068677733884;28.64747342790518;27.20364305975859;26.554412596054227;26.509138280076;23.986435425383622;23.85850585542879;22.892816391294808;22.53995358490671;21.449129518569602;21.06555138037682;19.99970433892037;19.79666011272912;19.39694239802306;18.52062750767373;18.358625041682846;17.698082232922623;17.173845401948565;16.075988643524166;15.918734860577981;15.622986839948263;15.591251887776487;14.180482755032088;13.950545906267182;13.688051510957358;13.175447908306046;12.578960738851123;12.33337184304993;11.984709470939581;11.807301531859716;11.568145127929252;11.481569141005457;11.273262469006163;10.520051310140481;10.069962951700687;9.917896325205726;9.736499178670092;9.37368338218311;9.178572466210866;8.625935869351046;8.447272759682152;8.329382991144165;8.136119255349595;8.102603577336625;7.450583655660618;7.29406257523925;7.090619657221463;6.977494576152778;6.865211365737;6.650129990121864;6.3757802567296595;6.260470661678381;6.119313743984984;5.985853796633118;5.8286470751975985;5.581559294381801;5.475343311151591;5.376965592646248;5.334434007074138;5.175765406961476;4.855037674856402;4.645866627778925;4.586389933816557;4.434664224442924;4.360030997436135;4.238239481195528;4.182852758881113;4.0843710002231335;4.020920535810028;3.821851785884214;3.774376164240097;3.699694539106201;3.6598709717915567;3.4342203108227274;3.335915963827439;3.323539554698866;3.2041527346276197;3.176954196063259;3.0984907422055614;3.005819348542511;2.9409591179484336;2.8364598306444555;2.7705397734125974;2.72602664677618;2.69371652830569;2.633322045776485;2.4921547480308712;2.4896766410428475;2.455550265859358;2.414593421054939;2.3292648673380274;2.2974962839619333;2.2428313892436837;2.215309945316895;2.1659364709042936;2.1050941576679634;2.0722505975317573;2.0112879411566147;1.963568853347315;1.9040232301508584;1.883448311198392;1.8571303316379786;1.8190204971213433;1.7589764936277246;1.7145851769111473;1.6737450372487293;1.6233303892723907;1.5286850009315462;1.4705336116495038;1.4561314698883352;1.367708546673221;1.3377937987963457;1.3260514236090784;1.299348446330518;1.2249924955470697;1.1349304399783045;1.1241130302256446;1.0896703888914463;1.0661646371387967;0.9866170158336925;0.9328867594025997;0.8963350502867643;0.8596566220004244;0.8169542828532994;0.781863693810284;0.7576359512987111;0.7090063713131665;0.6570625712084632;0.617795751571296;0.5737886135482915;0.5360797775135513;0.46074005489003045;0.42434277643691537;0.4052725396429254;0.3852668230121493;0.32708821621136575;0.2584108011611089;0.23187158442836267;0.21298070688563978;0.15446468977085875;0.132797551593391;0.09288405677584356;0.06996565153361184;0.05844485953208727;
01240;12440.725369492455;1853.0917046036755;1336.0639722586466;512.7873813086566;408.25497580107503;377.95399260998175;293.8024650194891;277.43644600924813;267.6374388959669;230.21152130547864;215.20426862932422;197.43847665140407;187.1745482479608;183.29850768492747;152.11109540743882;140.19374289246247;135.55053750155693;133.64024295632527;125.81826097729989;119.55737905490844;115.6438428932264;110.22043887549961;106.94770983563298;99.43566359491861;96.73195559242217;94.1766591771938;89.81610428171359;82.10720481594753;79.04398710233299;76.72245147193239;71.29409736503546;68.66951142832986;66.13981170373985;64.63869257726051;64.04375165866976;60.447018935055034;58.83074289112941;55.02831767218074;54.3011201743797;54.15926577941598;51.166890496952696;49.43641014980509;46.93020745527217;46.10570970370919;44.463251825160306;42.741310130490966;41.40058420477745;40.29104309833938;39.61063618358448;36.45295729788134;36.29764218248724;34.264205821083024;34.04267118054819;32.610041039577084;31.659318651018147;31.150552128792906;29.459462082391287;28.78013234154912;27.19111581137445;26.690152481904505;26.2980636488735;23.997278357747987;23.819025554125055;22.89232937813756;22.50170649570992;21.668899963576198;20.912856288659118;20.09861903072309;19.73378400110124;19.404990866669053;18.5099856916651;18.2407184804973;17.49134387525779;17.142687091711682;16.15822109182245;16.122779812964374;15.4773700265412;15.355595576889785;14.307299918024516;13.961824901746926;13.668073007860734;13.284059110908906;12.800212811767738;12.374446755265557;12.242173055215662;11.668656863091806;11.494534550926977;11.42218307978835;11.135655189694308;10.558639145164115;10.319193956207164;9.80428512174997;9.551964383652631;9.202307318077777;8.903822235820803;8.872833976375869;8.338819991501186;8.25549507602485;8.186351010899068;7.94204755161567;7.610750930715407;7.470390164043516;7.073917098546369;7.028233919550304;6.778198881852111;6.747440876790709;6.518419850383869;6.368572698248713;6.196659059368722;5.886325357866634;5.779737339838027;5.594545928105206;5.423818441123493;5.304561131193705;5.078920812116132;4.975196764576605;4.874280665417603;4.8021463582377635;4.601383761377047;4.516748459786856;4.3798562225437365;4.247253203441996;4.18811935486535;4.039656996720412;3.8374650804868673;3.749969360652019;3.683511928904987;3.555027640334653;3.489634209696905;3.4236238111821957;3.2643481827107217;3.254916823151401;3.216080743800535;3.154787299966664;3.1053374817215196;2.9707102318502216;2.896440131955314;2.826526101258906;2.7393425100966606;2.729085248359571;2.644940777911523;2.604518988266587;2.562956761520415;2.5091957834897576;2.434852037174099;2.3761214459359836;2.351464124405692;2.2582452816875516;2.226204628444792;2.1383261772581936;2.1200697973154994;2.092684554143187;2.055057962988198;1.9864015193765683;1.951371068552243;1.926934859662211;1.8890413146060991;1.792158086258174;1.7734252317994548;1.735920524154672;1.6558650772116648;1.6215259914415234;1.5985969180922457;1.5040078181144074;1.467724978388888;1.4617469123811335;1.4206426053227401;1.365930645067915;1.3036996865367987;1.2311552960808352;1.2148183702898065;1.177798325826597;1.1393656035014181;1.0592798312896248;1.0357854666693045;1.0198035008686517;0.995465623974688;0.9619077134786368;0.9360880402984392;0.8966705779614584;0.7866934296555301;0.75535174345999;0.7116761081628517;0.664657637790382;0.6102214064781222;0.5810395200247385;0.5490513915446803;0.5357420573797042;0.4626121952438539;0.44591033630098587;0.422578281537719;0.3290532081665026;0.31726570423230666;0.2780721234922487;0.233117279133697;0.18484441791773323;0.14254560754248824;0.08308305266354943;0.06138049028004865;0.016065975876057497;
01300;12441.130824056265;1852.9529570673772;1335.8542179433452;512.7100294314058;408.16323023204876;377.9073893943751;293.84775115068015;277.53620476164843;267.7758820686026;230.03625175695444;215.10497700934476;197.3727760108628;187.33847832550808;183.27738068633406;152.1415949369226;140.24113104321484;135.59839540100646;133.65156467672386;125.92643774820193;119.5244586193672;115.60175694959102;110.11184215382896;106.94585495012403;99.4560639261678;96.76983661815436;94.24289971070039;89.76728978968615;82.11970373590911;78.88287471324998;76.67717205154828;71.12700268713152;68.7478147273278;66.24794050889658;64.61748130733541;63.93787884635242;60.668901171627084;58.887047649209066;55.078076892018565;54.2705386222172;54.05000546381672;51.049014857219404;49.64630264489953;46.91945232712827;46.15840693966274;44.4483127071228;42.764091322250444;41.507240031011136;40.26449930360722;39.66448408498552;36.617548330156474;36.169575490074216;34.39444354870962;33.89985635659613;32.57178834653332;31.595077828646044;31.348327695919487;29.576734795409486;28.857921471496418;27.250026398377607;26.60376194980344;26.254312753947534;24.153440103788736;23.834945836127737;22.987621461626624;22.629860063509597;21.541196853039576;21.096216889539015;20.139526139377438;19.985969327101973;19.405070324603017;18.63345428739272;18.010306033059372;17.540325650759776;17.162866695032484;16.30774195741721;16.0101384850475;15.588922578747258;15.330495518213498;14.171177341299137;14.062367801640324;13.577433322295516;13.239776632708372;12.690068189624968;12.250132750104399;12.069913454801029;11.865307801902684;11.562579885874056;11.316175983817741;11.236319013239347;10.418929477079592;10.235133841176754;9.959740217559837;9.828064124060242;9.286250806534873;9.091982538145544;8.815170582316847;8.557313753105209;8.33313035898755;8.023198549426588;7.8269816281954725;7.5611340374314455;7.416856198362061;6.949659842407421;6.835827650252641;6.688221591815592;6.54139665180346;6.4713375685483365;6.270249971337276;6.054828102658818;5.792588330560533;5.647224217156849;5.562117534514785;5.346173585652056;5.218420801989734;5.146139092076124;5.048633423531872;4.915385734574602;4.8129974077506334;4.639288268721526;4.487038087359222;4.3360591757765965;4.227579621073072;4.077723661679843;3.9919587314461924;3.858361504166514;3.770123831821499;3.663402583123059;3.647065869420833;3.53116428667403;3.4937536753860954;3.3217498600491933;3.272202539689703;3.2554894472318274;3.110617799194249;3.0288882245601343;2.997523845521232;2.940806201465178;2.8710471674585234;2.810680500746912;2.7053486093691093;2.694116178629248;2.5999959042236136;2.505256394747685;2.4719701408219117;2.4147327583480904;2.352442407008693;2.275925869091946;2.247414314674119;2.2186069085525966;2.134162083887083;2.0663619993270137;2.0242491263265365;1.9794597750374303;1.946503480535278;1.9243537853411243;1.8989356120320293;1.842713039127611;1.8308031270269498;1.744902513776772;1.7239593371713016;1.667518411830545;1.649692284727456;1.6282686493554097;1.5956139219424073;1.4580637010868047;1.4372744982575778;1.3984644353157631;1.3654910112877743;1.2479572049743894;1.223782269321965;1.1982207886573173;1.1594865257877405;1.1485873362070476;1.0830818750384055;1.0478825401616154;1.0011263812444373;0.9720825501566851;0.9364246572675256;0.9166681848631058;0.8505090526361251;0.8176841184658032;0.7726928851035988;0.7435605562225222;0.7119044707976363;0.6520909349745455;0.6361493765354236;0.5701194821960399;0.5259937297552996;0.48389784236096745;0.4402406105207669;0.36669172479302514;0.33115079552656795;0.3221166499272667;0.28156833029713124;0.22401720291948896;0.18404696159859052;0.15816151960785707;0.1377994081127048;0.046711322373701056;0.0016653599689026954;
01360;12441.025845005386;1852.8447919896764;1335.8509137296403;512.7137412029954;408.0239636967645;377.87256438552845;293.8409200351158;277.5634352227138;267.76987636952856;230.0590922428968;215.03165703791362;197.4307050138887;187.29303437618023;183.14529886063957;152.18267125597518;140.4284429041687;135.8001561915646;133.5356212016842;126.04621261430715;119.61495105095653;115.5951393520099;110.1467932392664;107.01760241843233;99.49232250785415;96.66198196333956;94.21739137246296;89.8310553035169;82.0581260594405;78.7052081650021;76.56317227247489;71.04298163411627;68.67262115652987;66.28780374438779;64.62203633657693;64.00268426194452;60.719733239716234;58.76513875952591;55.0586125211395;54.1915401020246;53.959982999412034;51.06397087387834;49.42838455900275;47.036139006046824;45.979220304471376;44.329495533092214;42.8284589967375;41.531489500742396;40.298929518756395;39.457476715648646;36.50470490356122;36.18366310132226;34.42544503501555;34.03521799452492;32.622969176440144;31.687243820620985;31.531565671893546;29.500957074293314;28.99272653729247;27.18003392158009;26.745167198847724;26.20939874787155;24.014034982946473;23.788380812737763;23.06355435584357;22.784105152638315;21.551716914915065;20.998464971536723;19.993387507407064;19.890452897616257;19.174976894624418;18.4528567311317;18.09193004751814;17.6402142703096;16.94758862171349;16.20424287517063;15.974840396827508;15.528521556745513;15.391757039015726;13.992921137452619;13.915202178876227;13.544507046529038;13.134740356010685;12.687949167325229;12.608253892735625;12.026622913306152;11.93119432902017;11.50913629484822;11.281705704477138;11.181828135214943;10.416403896559858;10.171346979602092;9.9446289848941;9.448161732920097;9.202720013205697;9.038472863368817;8.5898749405517;8.37861527963406;8.185897393108036;8.086307869272455;7.9549686281405565;7.580945747822885;7.463226462461491;7.005802275671066;6.843271986555244;6.70686720103658;6.563366805093396;6.4753963654079545;6.2603598132621965;5.944502156958972;5.881742136941827;5.648753773750761;5.456882687419363;5.377365777702791;5.291409357647664;5.069676212125716;4.857659543699583;4.7885280678142905;4.702852938129563;4.459490885926099;4.352469723190151;4.29554671070044;4.210307381389595;4.1333949630165625;3.8773296668364483;3.85429562757521;3.833324006521812;3.7324544711556658;3.5998077729942914;3.534198966004589;3.4981463635248353;3.3665066897774665;3.2972751836549787;3.233439663974628;3.2091892210497237;3.0490089033836694;3.016836848195328;2.9699525949012267;2.8808239349348375;2.806718172028307;2.7580708615219085;2.570604733352232;2.5258238573023752;2.4872511130191852;2.4420782591408856;2.398591826282738;2.369345545598569;2.3485951385034642;2.3179125254226136;2.2598984835219356;2.205313303320417;2.1551901026958817;2.130337750573124;2.0259915476122297;2.0114749863346284;1.9235983502890373;1.848797966898906;1.7864485716679641;1.7819850109453483;1.7546310493877821;1.643035677072466;1.6174433484617803;1.5746985773057796;1.499796772392387;1.4718108700258155;1.4679373964750624;1.432848468814102;1.375402485297369;1.3477079107747367;1.2920103501294646;1.2337948398018102;1.2006204817160224;1.1793211705035431;1.1424335261681442;1.0538041764202768;1.034905566985304;1.008039565029286;0.9419581985705406;0.9030138122690243;0.8928306770267949;0.8687061991896353;0.8507338023790407;0.75581481768391;0.7250664404692975;0.7055534491690479;0.6204214228160739;0.5577674183354424;0.5327218960874732;0.46163971053273145;0.41763634920553866;0.39982267503461677;0.38655878704358326;0.33266689458611115;0.30043477181299627;0.26828906013774506;0.22433435743689337;0.18669368450816387;0.12382773567056328;0.0927383541055061;0.07487001496044281;0.02658179523158598;
01420;12441.219240450542;1852.813850858283;1335.8492229866604;512.8094499825892;408.15482091793933;377.80785406366005;293.8862459564376;277.5901037852225;267.77582190636804;230.0242929147295;214.94908489231454;197.41755741007307;187.21595529528886;182.97450739116195;152.3837097914367;140.3856991917321;135.86157296395265;133.57386166763305;126.01052977650718;119.62791039489906;115.71269854033993;110.12402847319467;106.92326478325656;99.35230006793776;96.68382208043896;94.07416827776028;89.9960020128573;81.87865120622563;78.72903493962953;76.70790821071922;71.25512704562203;68.63493423676465;66.2513523654356;64.6480926381408;63.90663886060731;60.71903576373191;58.77321638004249;55.072374558416406;54.15403933262473;53.93306742629021;51.14708655780515;49.43335808402909;47.017050216616354;46.09986161770874;44.39306923047522;42.89748364769605;41.46965421367376;40.233794110679725;39.515706683879806;36.36656831629584;36.130737722171425;34.70802136293393;34.118960064668464;32.541583242833916;31.734666298825765;31.514591085704925;29.392543986043986;28.954671843493095;27.091600137319393;26.6693440832195;26.40059761941316;24.114655320340272;23.74015892658261;23.075670663413064;22.540968678445;21.543775041263505;20.83059517721387;20.006417288086;19.803146779580974;19.267827381274806;18.642527500674735;18.160606907193394;17.480226578207475;16.942237478538736;16.133568512709562;15.990668850736279;15.35337162171202;15.276686000725423;14.055163047067047;13.854874732987415;13.309420153741675;12.927339547826202;12.740684522791549;12.519168093650928;11.975976511926202;11.919370869472642;11.480615018329559;11.298333660143554;11.138778498933386;10.489504942223302;10.283791118307755;9.747821309037258;9.531957633717907;9.445349772742523;9.169474641314753;8.803271032718788;8.449224671019213;8.256966978457509;8.043432180977225;7.87009703524069;7.637422177919286;7.386042105724467;7.117209785316778;6.905240330085425;6.710065553384281;6.532034246456196;6.315966295615878;6.185145232550519;5.946627852068216;5.907680872342593;5.674564855322927;5.5740913804592545;5.471151437748135;5.355127361155013;5.218834595532235;4.9134724229619025;4.862317121830425;4.788879537701911;4.5104252996353775;4.457755257823634;4.213352613813698;4.1680188382155645;4.051121066533019;3.9127250933336306;3.755564518365165;3.6925240169947444;3.6336130126859434;3.576291382612042;3.5151111538862785;3.4923869718672553;3.395022512899907;3.175586147222484;3.157246552245844;3.0614120134814433;2.970139364178937;2.9127837314031404;2.86554663705306;2.834911440241412;2.7686084973935614;2.74900598632422;2.642202344127324;2.5755144642273655;2.528701344104047;2.3843322942809757;2.321712228314758;2.2383912395866363;2.186769582970353;2.1573728162590773;2.1020657880045674;2.0631768156390025;2.053907603903505;2.0218959387485183;1.9561509090755271;1.9413949770263363;1.9209300113267007;1.8687253037017435;1.8127504137074926;1.76674235699223;1.7042179521982255;1.6601289796034744;1.638130540076683;1.5445049859480895;1.4934927936835185;1.4797983712915668;1.4699578337325019;1.402546603756909;1.3771409432682802;1.3644548722678216;1.3042800182723644;1.2557173178005232;1.2176300055838702;1.1643215401996336;1.1277916400567258;1.0964825655360066;1.0651352167443906;1.0604913934067304;0.9560534396144349;0.9256899144433156;0.9011505246847831;0.8685661693320047;0.8446224166259061;0.7527409409571695;0.7261416691631256;0.7115245936272326;0.6445710807785779;0.6019359264433001;0.5684655773756007;0.5575440832237525;0.45610856732945915;0.43286360849161254;0.387274624221036;0.35924473991042327;0.3147778201342234;0.27678060783736724;0.21324174171850233;0.20733389485531015;0.1692526000969058;0.12627874700386826;0.0512100657881907;0.020364293828305714;
01480;12441.453840869686;1852.888335139316;1335.9611357435567;512.7360896788565;408.18823725887074;377.764342280761;293.88362205289906;277.66305215846853;267.80059745167495;229.86655652191763;214.86768031664647;197.48451234389734;187.2200268136263;183.02722966207125;152.35723800858852;140.5743276611373;135.96515226470504;133.40654878446182;125.98268754369207;119.46684421598736;115.74364820445207;110.12541535172583;106.81805697810708;99.23107865613233;96.55634201159565;93.9431287894386;89.95771692452;82.01933885641341;78.79301381985688;76.70502060403707;71.26025336081337;68.57229228272936;66.29143678972899;64.72170596687445;63.72947465218796;60.62125271256432;58.79560327797376;55.10603358873187;54.134185335126524;54.01937922962926;50.98432401256394;49.309660884580275;46.94056422144628;46.120841836275645;44.351913616930446;42.870396413366144;41.4675617682557;40.17479593897022;39.67974759830842;36.38501560291692;36.3257683692935;34.52010050568569;34.03961505522475;32.65942347626307;31.73586484682673;31.20958639105162;29.467438357900047;28.894411766993322;27.17883638786112;26.65295808262229;26.172335426193964;24.170180233876188;23.633485626775503;23.033756705838847;22.6856035415027;21.440722851350138;20.928079131896812;19.997237162494915;19.873049408567926;19.31767238984199;18.563992592566876;18.08082293541337;17.475728394370236;17.042845899720565;16.086555088034764;16.000711373957973;15.492440120897582;15.309745091882215;14.07378245183609;13.889964840289247;13.560449994178073;12.964559831757928;12.796934686303478;12.540624542688187;11.936682419987466;11.784394647263726;11.454784047525456;11.240390603162705;11.170433989383671;10.463147083415006;10.36442569068447;9.706394914922567;9.381285790949066;9.182777067456426;8.949996709263473;8.517926433629249;8.378024293510132;8.24888477454327;8.055953475134865;7.955063591716785;7.473952598190728;7.3301734639043366;7.09933207876078;6.891712716728146;6.652697372354756;6.489870944726255;6.353073826779158;6.311636255530835;6.057730911078709;5.799691957494652;5.722706664910072;5.573795100097563;5.372161321283417;5.203809797709265;5.1085111657038;4.9409133889706105;4.8147877433963595;4.59628584780218;4.53225327083173;4.458076468963936;4.272583254151519;4.1414814153005555;3.9910492971825935;3.9508129385039394;3.912741684010082;3.764601425278405;3.685437436111591;3.644878131374741;3.5394879476920087;3.440390248853781;3.3321031336056874;3.267738316734842;3.1922298113136645;3.1019488447310635;3.0311463670183425;2.9709202162410637;2.925160953670325;2.8593798764994287;2.784725458023057;2.6863487594781517;2.6072734531708983;2.4752035269888877;2.445289559102864;2.393428588615365;2.370790882824974;2.291384215763943;2.281601345452284;2.2326606383086594;2.144122643748232;2.0778758108479147;2.037409851119857;1.9724873001189207;1.951499144626139;1.9342175406241784;1.8943684886121046;1.859067878551407;1.8135282621638749;1.7557765150592517;1.7153605849225997;1.6782675922729073;1.605871161859786;1.5872504039754642;1.5086502127391779;1.4922378786128383;1.4829311251676056;1.4200077302800223;1.3956249269217258;1.3610148971587124;1.310338445753364;1.2591592491954142;1.1861650344948675;1.167841077249865;1.1300957290935372;1.0716372446578444;1.0514043328415306;1.0447312255675325;0.9659605121916248;0.9409374112278016;0.9058487355630575;0.8380805924842639;0.7896383765500571;0.7498195168196311;0.7125985590001807;0.628898943204354;0.60145102651233;0.5540576396927956;0.5316382815774695;0.49987291765261643;0.4717398443964384;0.43897088598557543;0.33866543003255106;0.29640540940805205;0.26234670707964325;0.21327997066971877;0.19303642533546028;0.13867140926389898;0.08455585961787444;0.048443201546126344;0.029455100321902423;0.009909746387366362;
