00040;43720.42188;678.812439;641.2020874;311.4633484;228.4225464;189.6162415;172.7616119;166.3314056;164.5065002;161.0205536;156.7684326;156.155899;153.6521301;151.7234497;150.9880219;150.5273895;145.4153595;143.2414703;140.6071167;139.7562408;138.8302002;138.6304321;137.2250977;135.4159241;134.0429993;132.6643677;131.3854675;130.8355408;128.5587616;127.4700928;126.0752258;124.2330475;123.3231277;121.1946945;119.8895416;118.4767075;117.5136948;117.217041;115.6138382;114.5397797;114.0343094;112.5258255;111.5611572;111.0122681;110.2191162;109.5944443;106.5985489;105.8565445;105.0178909;104.3471222;103.7239151;103.2811508;102.3480377;101.2267227;100.7187119;100.5445862;98.66603851;98.62382507;97.86333466;96.64562225;95.18439484;94.56790161;93.79608917;92.76540375;92.54975891;91.85377502;90.61315918;89.4509964;87.24482727;87.19747925;86.09299469;84.65200043;84.15470886;83.6844635;83.23269653;82.34077454;81.48516846;80.53907013;80.35028839;79.00244141;78.29505157;78.09047699;77.56777191;76.4107666;76.10843658;75.69732666;74.24305725;73.88598633;73.55393982;72.21028137;71.33912659;70.62747192;70.06354523;69.76148224;68.9302597;68.04369354;67.74108887;66.56030273;65.97319031;64.87343597;64.04070282;63.65103912;62.26141739;61.25652695;60.81742096;60.19766235;59.56241989;58.48931503;57.73648834;57.5971756;57.44169617;56.55224991;55.93912888;55.20163727;54.76173782;54.2534256;53.04004669;52.61884689;51.90083313;51.37625122;49.77997589;49.43396759;48.74189758;47.96667862;47.16352844;46.40567398;45.32129288;44.7600441;44.48371124;43.4635849;42.90641403;42.24666977;41.44097519;40.80156326;40.36706924;40.08474731;39.05924988;38.97579956;38.60443878;37.39517975;36.54198456;35.99500275;35.56087112;34.67963791;34.58794022;33.3015976;32.61942291;32.23071289;32.01184464;30.77178001;30.43128777;29.71450233;29.20596313;28.12662315;27.38718224;26.94544029;26.36321068;26.02159119;25.63179016;25.01194191;24.3369503;23.77537727;23.01854134;22.55749702;21.80885887;21.52249908;20.45160484;19.39930534;19.02269363;18.42526817;17.95431519;17.66285896;16.70967484;16.38485146;15.58007431;15.04068947;14.19240665;13.36471748;12.86779213;12.54665089;12.20838356;10.91746235;9.859621048;9.532575607;9.160509109;8.259340286;7.787302971;7.187679768;6.300001144;5.924813747;5.651434898;5.135869026;4.638820171;3.721571684;2.988650799;2.864094019;2.443473101;0.9902908802;0.7972816825;0.4326861799
00100;44139.75391;697.9886475;638.1281738;310.9450378;207.3692322;154.9624176;148.7132263;128.2032623;122.2481842;118.4660187;113.432518;109.1555786;108.1794281;106.5741348;105.3546295;102.0120239;101.2835312;100.0737991;99.62526703;99.09368896;97.42877197;96.51181793;94.45410919;92.97472382;92.2351532;91.44469452;91.06240845;89.40341949;87.94562531;87.39100647;85.85762787;85.36862946;85.07381439;83.95702362;82.83068848;81.99656677;81.71714783;80.98278046;80.07279968;79.62985229;78.28930664;78.10070038;76.86737061;76.0114975;74.6798172;73.68592072;72.7290802;72.23065186;71.62513733;70.58482361;70.36302185;69.72370148;69.15385437;68.45270538;68.07733154;67.52703857;67.01000214;66.75765991;66.05003357;65.056633;64.5695343;64.29089355;62.90041351;62.71470261;62.10202789;61.47319412;60.99106979;60.01459885;59.85636139;59.64368057;58.93239594;58.23971176;57.54714966;57.50110245;56.73496628;56.08177948;55.61797714;55.2087822;54.41930389;54.29592896;53.84973526;53.25806808;52.7714653;51.59627533;51.39174652;50.26669312;50.17322159;50.09318161;49.51244354;48.22284698;47.54332733;47.4060936;46.96632385;46.82874298;45.72532654;45.11556625;44.49089432;43.9828949;43.40290833;43.30162048;42.65639877;42.08143997;41.89823532;41.6738205;41.34537125;40.21101761;39.96906281;39.24649429;38.87049103;38.46934891;38.05139923;37.84467316;37.3378067;36.83013153;36.62731552;35.9107132;35.56864548;35.04794312;34.55842972;34.14751816;33.94600296;33.56582642;32.90956879;32.45525742;31.9541111;31.78438187;30.9439106;30.59099007;30.1976757;29.8573494;29.13790131;28.80467796;28.54286766;28.02946854;27.42387581;26.72728157;26.43067551;26.27577782;25.12397194;24.71995354;24.26690292;24.15334892;23.97348976;23.37469864;23.03958702;22.27897644;21.67311478;21.47038269;21.12281036;20.62248802;20.17983437;20.06646347;19.58579636;19.27979851;18.53793907;18.34301949;17.98013115;17.26356697;17.01469421;16.27701378;16.05006599;15.34332085;15.10098553;14.62289238;13.80317402;13.23642063;13.16742802;12.79765511;12.52328205;12.20372772;11.59958458;11.30897903;10.82396412;10.45644188;10.06814766;9.63483429;9.022014618;8.588248253;8.384113312;7.744065762;7.651714802;7.061254978;6.703262806;6.373677731;6.19392252;5.299552441;4.731776714;4.42346096;4.197573185;3.300960064;3.140805006;2.761106253;2.686384678;2.322554827;2.18702817;1.277653813;1.18680048;0.9943748116;0.4938717782;0.3616440296
00160;44282.27734;712.2485962;633.0695801;301.2788696;203.1954041;152.8025513;138.435318;116.9542542;107.5657806;100.971077;99.38822174;98.11360931;95.71401978;91.57427216;88.69404602;88.46057129;87.47628784;84.92179108;84.53276825;82.4422226;81.72927094;80.52024841;79.23451996;78.87161255;77.58159637;75.93697357;75.0853653;74.92037201;74.60012817;73.80407715;72.23067474;70.60619354;70.4473877;70.05221558;69.04439545;67.31343079;66.68647766;66.59085846;65.95490265;65.71517181;64.73461151;64.41925812;62.66547394;62.27826309;62.03841019;61.6138649;60.92119217;60.74842453;59.86999893;58.72163391;58.10525131;57.67581558;57.23018265;57.03989792;56.18263245;55.87104416;55.68434906;54.80585861;54.70019531;53.96973038;53.07888031;52.99221039;52.35477066;51.74003983;51.07016373;50.26706314;49.859272;49.29458618;49.2276268;48.76090622;48.27144623;47.72994232;47.53171539;46.98206711;46.3788681;45.50764465;44.88981628;44.80381012;44.61556625;44.26302719;43.87319565;43.48391342;43.24846649;42.30557632;42.00326538;41.73603439;41.01597977;40.59309006;40.10602188;39.74662018;39.31702805;38.95367813;38.58275986;38.33660889;37.59663391;37.12171173;36.8459053;36.76019287;35.92068863;35.69662857;35.43586731;35.19768906;34.58331299;34.47439575;34.16371155;33.69578552;33.31735611;33.06216431;32.7368927;32.41832733;31.89584351;31.56822014;31.44635963;30.46988297;29.96046257;29.61374855;29.29361534;29.10540009;28.13540077;27.99219513;27.55965996;27.2682972;26.81559944;26.31447411;25.68182373;25.40345955;25.20232391;24.94686317;24.90815163;24.76202011;24.50140381;24.0497551;23.62237167;23.1366024;23.08904648;22.75570869;22.21262932;21.50107193;21.29630661;20.84450722;20.50950432;20.05853271;19.99518013;19.59074783;19.12171555;18.92352676;18.71043777;18.44204903;18.10233498;17.74477196;17.25481796;17.11658859;16.57811928;15.86240959;15.36546516;15.22373295;14.7724247;14.45347309;14.0870018;13.81729889;13.51495075;13.40194511;12.45166111;12.27780342;12.02916813;11.73056221;11.58266354;11.05799389;11.00524235;10.10929108;9.941491127;9.500259399;9.477807045;8.977566719;8.869832993;8.103367805;7.650411606;7.558153629;7.361751556;7.030796528;6.705279827;6.525660992;6.156901836;5.790971756;5.101747513;4.825722218;4.366478443;4.256943226;3.905619383;3.382611752;3.13852334;2.580355644;2.477607727;2.058910131;1.454089046;1.354567528;1.157457829;0.8545560837;0.5870118737;0.1126480028
00220;44379.92969;719.4136963;623.5700684;299.9417725;200.79953;142.4237366;139.0998077;115.6005859;95.27257538;87.80947113;86.13799286;85.42324829;83.53327942;81.78308105;79.27852631;77.8789978;76.98253632;76.2179718;73.79854584;71.70209503;71.09384918;70.66847992;69.8400116;69.12117004;67.87538147;66.58489227;66.17873383;65.09083557;64.67169189;63.93858719;62.69960785;62.61927795;60.89602661;59.6428833;59.15973663;58.06153488;57.31318283;57.17510223;56.59814453;56.22682953;55.01927567;54.19945908;53.94377518;53.75077438;53.65585327;53.38957977;52.85395813;52.15346527;52.00654984;51.81216431;51.34089661;50.74860001;49.51454544;49.18211365;48.83890152;48.48387527;48.11840057;47.2942543;46.9990921;46.60140228;46.27138138;45.62845612;45.4093895;44.92241287;44.6256752;44.0567894;43.74498749;42.99212646;42.58983231;42.09016037;41.46598816;41.29430389;41.23617554;40.53152084;40.13690948;40.02344894;39.61280823;39.02869034;38.86565399;38.17921448;38.02205276;37.6787796;37.48136139;37.39402771;36.5362587;36.37533569;36.1908989;35.48772049;35.14293671;34.87047577;34.52249146;34.04967499;33.78137589;32.94078064;32.79719543;32.29667282;31.71245384;31.51829338;31.32264328;31.04925156;30.46212959;30.25074959;30.07517052;29.22073936;28.97446632;28.67619896;28.46906281;28.12449074;27.89286995;27.5388298;27.43951988;27.30335617;26.24770164;25.97729874;25.81031799;25.66459465;24.99225998;24.86662102;24.30659294;24.14991951;23.8407135;23.65916634;23.18964958;22.89027786;22.53316879;22.34600639;22.10065651;21.68165398;20.96886635;20.77030754;20.57396889;20.14736557;19.96266747;19.82098579;19.6718502;19.13345528;18.85198593;18.21358681;18.13632202;17.86376381;17.65564919;17.16595268;17.06715012;16.71658516;16.33840752;16.2195816;16.0266304;15.50191689;15.23885155;14.47155857;14.36328125;14.13768005;14.06760025;13.53903675;13.24795437;13.10309887;12.71576786;12.28829765;12.19632149;12.08992386;11.63143253;11.42589855;10.96100616;10.9201107;10.55951405;10.00714588;9.47403717;9.357774734;9.019641876;8.622746468;7.889484406;7.825730324;7.489941597;7.216772556;6.951518536;6.613315105;6.324782848;6.299281597;5.896805286;5.753160954;5.30328083;4.888309956;4.775946617;4.41098547;4.338672161;4.052287102;3.817880869;3.64840579;3.222917318;3.026382685;2.356401205;2.220584393;2.09620285;1.693634272;1.357706428;1.047261834;0.9035891891;0.6559811234;0.4832225144;0.05736494437
00280;44452.98047;720.2035522;621.1692505;296.3679504;199.993103;143.4428406;135.0766449;106.74366;85.81520844;79.39992523;77.72415924;76.13317871;73.77371979;72.1242981;70.28986359;68.93131256;68.7978363;67.2790451;66.76644897;66.14212036;63.86927032;63.25003815;62.28930283;61.07279968;60.74900436;59.74190521;59.46001816;57.71540833;57.03130341;56.88776398;56.04199982;55.53457642;54.55578613;53.85717773;53.03214645;52.45764923;51.77148438;51.42782211;51.10354996;50.82842255;49.78383636;49.01706696;48.64307785;48.53087234;48.1542778;47.48995209;46.84861755;46.43913651;45.91407776;45.42526245;44.98155975;44.53890228;43.88199615;43.35306168;43.1774025;42.85721588;42.54866409;42.38988495;42.2595253;41.59375381;41.20829391;40.58423233;39.98628998;39.92458344;39.65009308;38.96763611;38.69503021;38.24587631;38.14695358;37.35317612;37.17226791;36.99798584;36.59726715;36.42612076;36.04745865;35.13389587;34.93306351;34.80836105;34.61892319;34.10377121;33.86479187;33.55260086;33.17813873;33.00239944;32.88450623;32.3456459;31.85615158;31.64263344;30.92159271;30.59827805;30.46875954;30.32125854;29.83636475;29.36039352;29.26532555;28.90239525;28.57865524;28.27178764;27.977108;27.38044739;27.25742149;26.86900902;26.3967495;26.31144333;25.95968246;25.72117996;25.23272514;25.15349579;24.78016472;24.56276512;24.26126099;23.56813622;23.45651436;23.34684944;22.75199509;22.65450287;22.4646244;22.01592445;21.92973137;21.71028328;21.26018333;20.86536789;20.78594589;20.47597504;20.11070442;19.88781548;19.52964211;19.24367714;19.02303123;18.75851059;18.33112907;18.17440605;18.11679649;17.79776192;17.42048073;17.12669563;17.03180695;16.18891907;15.95161152;15.78192902;15.47477627;15.33463097;14.71465206;14.50396061;14.35782242;14.16766739;13.91234875;13.39022446;13.30706882;12.80703735;12.61944866;12.22885895;12.09206772;11.89603233;11.66381836;11.44075966;11.03695488;10.80303383;10.47144318;10.05652618;9.949117661;9.73502636;9.466210365;9.164376259;8.836966515;8.744446754;8.462444305;8.16658783;8.059297562;7.657160759;7.45050621;7.152314186;6.929268837;6.558744907;6.42443943;6.164013863;5.886927605;5.604943752;5.354557514;4.97386694;4.752748013;4.634392738;4.447733879;4.113920212;3.898738384;3.793907881;3.48045063;3.229101181;2.895435572;2.40865612;2.234494925;2.029723644;1.786087871;1.677259445;1.183255076;0.951779902;0.8298882246;0.5351939201;0.2332899868;0.01014452241
00340;44515.69531;723.6057739;621.3946533;293.3069458;197.3774414;142.1386566;131.5367126;102.2772598;78.84857178;72.79519653;70.58784485;69.16036224;67.02658844;64.11940002;62.24995804;61.27721786;60.50696564;59.49548721;57.76744843;57.62399673;56.83506012;55.2902298;54.5410881;54.04309845;53.82056046;53.21990967;52.51106262;51.32975769;50.75785065;49.93546677;49.39237213;49.23077393;48.75931549;47.94116211;47.60406494;47.10958481;46.05263138;44.97362137;44.52685547;44.31230545;44.09486008;43.48945999;43.17793274;42.85097885;42.05233002;41.54294586;41.3917923;40.9687767;40.70978546;40.33245468;40.15259933;39.50627518;39.20154953;38.33872604;38.00662613;37.65991974;37.31978607;36.73574066;36.42872238;36.26129532;36.0007782;35.92963409;35.47632217;35.27881241;34.85626602;34.09040451;33.53129578;33.42046738;33.08395386;32.77004623;32.68391418;32.42782974;32.16382217;31.75551224;31.53282166;31.02008057;30.93083;30.29062271;30.00614548;29.93412781;29.77435303;29.20388794;28.99367142;28.56200981;28.41569901;28.21869659;28.10194969;27.54012108;27.34044266;26.71211243;26.48608589;26.29336739;26.06694984;25.5719471;25.38220406;25.30431938;24.65335846;24.5837307;24.3860054;23.95971489;23.83104134;23.49456406;23.33680725;22.93993759;22.61795235;22.25494766;22.19132423;21.74818611;21.30032349;21.17819977;20.79543304;20.6952076;20.58401871;20.31290054;20.2014904;19.7953167;19.55216408;19.24913788;19.00514221;18.57535172;18.39515495;18.1505127;17.98027802;17.8356514;17.37587738;17.19023514;16.93041039;16.71589851;16.49066734;16.41684151;16.17734718;15.50795364;15.17390156;15.07762146;14.90079308;14.88372421;14.57483578;14.20046139;14.01620865;13.66947174;13.47349739;13.18416405;13.01470661;12.79019928;12.7556715;12.40712357;12.00051403;11.7652626;11.64604282;11.54741764;11.12238979;10.93382549;10.87634659;10.5943346;10.39843178;10.12936974;9.665781975;9.335886955;9.140476227;9.05327034;8.930583;8.577162743;8.253058434;8.018957138;7.881521225;7.52382946;7.317634583;7.214729786;7.092228413;6.884635925;6.734014034;6.365915298;6.214791298;5.89242506;5.709378242;5.367966652;5.184455395;5.120271683;4.923762321;4.731783867;4.540240288;4.271012783;4.144397736;3.944804192;3.588971376;3.264891863;3.054776192;2.827626467;2.460455894;2.380481482;2.010703802;1.918442965;1.798876405;1.320912004;1.027804375;0.8375692368;0.6313861609;0.5708284974;0.4505810738;0.3029416502
00400;44541.57031;725.1820068;619.1679688;293.6974487;193.7727814;141.1808624;130.908432;98.8322525;77.68677521;69.64215088;67.69596863;64.59690857;61.85094452;58.54831696;58.16927719;56.47577667;55.85720444;55.02541733;53.72264862;53.36855698;52.85186005;51.9562645;51.47506332;51.0211525;49.99794388;49.38344574;49.23080444;47.87299347;47.55932617;46.17671967;45.57319641;45.36462784;44.97621536;44.56936264;43.95194244;43.2262001;42.96801758;42.29290771;41.94132996;41.55821228;40.77029419;40.45977783;40.27080917;39.44006729;38.6513443;38.30331802;37.96907425;37.60637283;37.32509613;36.79223251;36.5176239;35.95241547;35.65159607;35.05466843;34.7121582;34.52472305;34.35208893;34.3180542;33.72984314;33.50167084;32.99909973;32.72256088;32.10402679;31.95324516;31.47234917;31.46425438;31.11662674;30.73467445;30.14519501;30.02394676;29.87477303;29.56981087;29.40247917;29.16130829;28.45907784;28.392416;28.21395111;27.98448372;27.2838707;27.19106674;26.79283333;26.52603722;26.37179947;25.87495613;25.68565941;25.50874138;25.15152931;24.94922829;24.77206993;24.5149498;24.21637344;23.72188187;23.42925072;23.17557335;23.01699257;22.44460487;22.24992752;22.13814163;21.94573975;21.59790611;21.31335258;21.13438606;20.92664719;20.66284752;20.50562096;20.46885872;20.3266449;19.70485115;19.56992912;19.37415123;19.18227768;18.57276344;18.27527428;17.96368217;17.92269516;17.76218796;17.28384399;17.16026688;16.99849129;16.67904663;16.58032608;16.10376549;15.95394516;15.76603031;15.47746658;15.38531303;15.0251627;14.70146179;14.45645142;14.32252693;14.25875664;13.89223766;13.72427368;13.54223633;13.39862061;13.14159966;12.91899967;12.67114449;12.55446529;12.37131405;12.23394871;12.11617947;11.68019962;11.56053829;11.40863514;11.05664825;10.99590111;10.66942406;10.45507908;10.26525021;10.08209038;9.813465118;9.725027084;9.473303795;9.141510963;9.035176277;8.841235161;8.585938454;8.325906754;8.219374657;8.003218651;7.711149693;7.524659634;7.456225395;7.25437212;6.970319271;6.606288433;6.451925755;6.296663284;6.021686554;5.834177017;5.704236031;5.50489521;5.350007534;4.875015259;4.740371704;4.651441574;4.339926243;4.184885979;4.058225632;3.972854614;3.553316355;3.331583023;3.267804146;3.133775234;2.951268435;2.680435896;2.533960104;2.228635788;2.125440359;1.879354477;1.717468143;1.450968862;1.243854761;1.072102666;0.9562901855;0.5590785146;0.3546700478;0.2320257425;0.0121853333
00460;44560.34766;724.8548584;616.208374;290.9267883;191.4713287;142.1902008;128.7162781;97.36369324;74.11036682;64.1450119;61.98836136;59.80491257;57.95302963;54.70745087;54.31550598;53.17503738;52.15317535;50.28533936;49.51850128;48.33805847;48.09891891;47.33670807;47.13700485;46.52113342;45.96939468;45.07429504;44.22966003;43.64740372;43.03874207;42.43398285;42.26682663;42.0834465;41.3929863;40.528862;39.99168015;39.348629;38.94387054;38.20593262;37.81608963;37.53372574;37.09625244;37.05720901;36.28302002;36.11977386;35.31277847;34.9050827;34.5206337;34.17941666;33.8411293;33.49966431;33.2714386;32.55137634;32.24019623;31.93610764;31.85787964;31.65428543;31.35966492;31.25112343;30.77244759;30.26235008;30.15884018;29.93719673;29.33135986;29.10938072;28.87397194;28.29141998;28.06435585;27.85814667;27.40446472;27.08848953;26.76431274;26.59228325;26.34357643;26.1662426;25.60630226;25.47862053;25.33782959;25.14535713;25.08562279;24.66527939;24.26663208;24.0995121;23.74289131;23.68485069;23.58123779;23.22404099;23.03336906;22.83212852;22.7952404;22.52537155;22.31838608;21.93848228;21.72725296;21.26496506;20.90234947;20.78201866;20.35587502;20.30586624;19.8646698;19.68232155;19.5144558;19.22667313;19.1536541;19.01241684;18.75229073;18.56462288;18.33082771;18.08013153;17.75159264;17.62860489;17.39517593;17.26975632;16.93921471;16.88956451;16.4958992;16.41653252;16.12260246;15.89669895;15.7366457;15.56283855;15.37965393;15.30444813;14.92988777;14.84207249;14.68973064;14.39746571;14.3150425;14.25982475;13.6101923;13.46803761;13.39411736;13.10540771;12.84993744;12.61012173;12.24150753;12.08340359;11.96965504;11.67280102;11.53614044;11.42879772;11.24388504;11.17565155;10.91482258;10.53129196;10.3552227;10.19234848;10.03540707;9.956664085;9.742835045;9.568990707;9.331693649;9.104139328;8.962413788;8.670768738;8.270255089;8.118001938;8.005438805;7.636314869;7.62184763;7.480771065;7.26659584;7.174886227;7.02482605;6.786263943;6.58332634;6.357183456;6.266981125;5.964414597;5.769174576;5.692343712;5.574570656;5.460801601;5.109823704;4.970610619;4.689415455;4.433792591;4.294198036;4.135111809;3.958420753;3.788716078;3.595769644;3.348421574;3.139314175;2.983242989;2.854352474;2.648892164;2.452386141;2.217913389;2.095068693;1.90795815;1.880794406;1.682342649;1.503587127;1.287955403;1.16390729;0.9881988168;0.8418107033;0.5168554783;0.3525009751;0.3396249115
00520;44571.90234;723.8057861;612.7592163;290.2036743;191.1603241;142.8794098;126.3759308;95.77645111;72.39336395;62.11319733;59.44633102;57.68922424;54.66276932;51.67986679;50.81596375;49.94361877;48.26455307;47.77803421;47.48414612;45.90637207;44.82037735;44.17911148;43.97458267;43.28416443;42.82698822;41.83761978;41.18841553;40.71430206;40.36294937;39.92074203;39.00577545;38.44423294;38.0449295;37.68871307;37.24358368;36.76036835;36.61079025;36.08138275;35.50983047;34.89980316;34.46431351;34.20446396;33.68038559;33.44699478;33.35364914;32.9523468;32.45010376;31.94850349;31.76383591;31.60206032;31.31110001;30.94373131;30.65958786;30.37038231;30.11756134;29.60223961;28.9790287;28.82498932;28.73895645;28.39790535;28.13961029;27.85112762;27.4860363;27.20597267;27.09417534;26.6756382;26.24432182;26.22479439;25.95350647;25.7374649;25.49252319;25.41971207;24.77319145;24.39871979;24.24465942;23.91206741;23.73365974;23.18520546;23.11309242;22.8705101;22.69579506;22.6583252;22.25865555;22.05615616;21.87697411;21.5051384;21.20569038;21.00940132;20.73592186;20.610569;20.4907341;20.30495071;19.9785099;19.54174995;19.36507416;19.13373566;18.91067123;18.74973869;18.61146545;18.37966347;18.23666;18.09778786;18.00242805;17.74668694;17.50717545;17.34922028;16.96502686;16.77428246;16.66417503;16.41213989;16.22436905;16.06874466;15.80777264;15.69185829;15.36430931;15.25787258;15.14315891;14.93062973;14.56253338;14.47405815;14.22898865;14.01911926;13.91544628;13.7053566;13.38045406;13.30444241;13.12172794;12.82105637;12.64405727;12.54043484;12.37623024;12.06357765;11.85257721;11.70617104;11.63894844;11.14246082;10.98615837;10.86925316;10.62868214;10.57939243;10.28568459;10.02423;9.937907219;9.839147568;9.458240509;9.349938393;9.1027174;9.039156914;8.843828201;8.758490562;8.570047379;8.350419998;8.047097206;7.819002628;7.678380013;7.35337162;7.221334457;7.062770844;6.921008587;6.794686317;6.574593544;6.509176254;6.220262051;6.105001926;5.918478489;5.796077251;5.743796349;5.552109241;5.348815918;5.0320158;4.748880863;4.658172131;4.556007862;4.525531769;4.430503368;4.052112579;3.894228458;3.690277815;3.514346361;3.395466566;3.274823666;3.043217421;2.843604565;2.742670298;2.480992556;2.416732073;2.368049622;2.168783426;1.827700853;1.793806076;1.570819855;1.226872683;1.159273028;1.02206254;0.9258841276;0.7180430889;0.6666312218;0.5118504167;0.4607853293;0.008426788263
00580;44579.67188;724.2404785;611.4772339;288.796936;191.8339386;142.6072845;126.8880386;94.61647797;70.53141022;60.5815239;57.09139252;56.11088943;52.2755127;49.55031586;48.92126846;47.49767303;46.55260849;45.33513641;44.80657578;43.98984909;42.85424423;42.29368591;41.48768234;40.67290878;40.3412323;39.61052322;39.30331802;38.73712158;38.04321289;37.68410873;37.34007263;36.7807579;36.55377579;35.89508438;35.69202042;35.2282753;34.56725693;34.30430603;34.05348206;33.54696655;33.19432449;32.43792343;32.15280914;31.83671761;31.5996151;31.10869026;30.72745132;30.59584999;30.48371887;30.10412788;29.70903778;29.25595474;28.77469063;28.60780716;28.17238045;27.90136147;27.71290398;27.58898354;27.20917892;27.10250664;26.72974205;26.31946182;25.95034218;25.85646057;25.61037827;25.45879936;24.92455673;24.74814606;24.49889755;24.34683037;24.05699348;23.82288742;23.65053558;23.5872345;23.25995636;22.8391571;22.58203316;22.49748802;22.02874374;21.87282562;21.73825264;21.40065193;21.36427307;21.19268608;20.79460907;20.5347538;20.39306641;20.32518005;19.79919243;19.72947311;19.50267601;19.41222954;19.02194405;18.74078751;18.46269989;18.20037842;18.15733337;17.90116692;17.62123871;17.52683067;17.30241585;17.09692574;16.89347649;16.56933403;16.45965958;16.37736511;16.11568832;15.98013592;15.91236591;15.43967152;15.31455135;15.12527084;14.81479931;14.65926361;14.38022804;14.34215641;14.2235527;13.98963165;13.78337765;13.68845558;13.47325516;13.17843151;13.09410381;12.92249393;12.79640484;12.66751766;12.32531166;12.16327572;12.14656448;11.89880753;11.71805954;11.29536343;11.11610031;10.99164391;10.93967342;10.85988617;10.66664219;10.28395653;10.23427486;9.916119576;9.844845772;9.605379105;9.538463593;9.265530586;9.016322136;8.946692467;8.752969742;8.489092827;8.380868912;8.323213577;8.132293701;7.945119381;7.767427444;7.640041828;7.330551147;7.23997879;7.055310249;7.015829086;6.759666443;6.653772354;6.484603882;6.295108795;6.118068695;5.903126717;5.845934868;5.68554163;5.499056339;5.362317562;5.112337112;4.910796642;4.895785332;4.745108128;4.522097111;4.41157198;4.346714973;4.122258663;3.882150173;3.735370874;3.643001318;3.38648653;3.305347204;2.929533482;2.889900446;2.760812998;2.650535583;2.427129507;2.2067554;1.982048273;1.724266529;1.712610126;1.574433804;1.532594442;1.200883746;1.131372571;1.023051858;0.8640514016;0.7379624844;0.6669398546;0.4042402208;0.1187918708
00640;44584.35938;723.2321777;610.059021;288.425354;191.028595;143.283905;127.600235;93.91365814;68.85755157;61.00231934;55.59369278;54.77571487;50.69173431;47.66670609;46.05836487;45.42287064;44.95978165;43.401474;42.30669785;42.18658447;41.62511826;41.01641083;39.75779343;39.12747574;38.32006073;37.74639893;37.32737732;36.93943787;36.45998001;35.79100418;35.59669113;34.99739075;34.62314606;33.63028336;33.3626442;32.89207077;32.65120697;32.08800507;31.90778542;31.37527657;31.04543495;31.03025436;30.39301109;30.30172157;29.81078148;29.33991623;28.9037323;28.74337006;28.46233559;28.25984955;28.01818466;27.71699715;27.4462986;27.12210274;27.07545853;26.65450287;26.25466919;26.22622871;25.80378723;25.44177055;25.22474289;25.1193409;24.74856758;24.54982758;24.33874321;23.91474724;23.73476028;23.14261055;23.06365013;22.84574127;22.70053291;22.66136932;22.50629616;21.95939255;21.8253212;21.6017437;21.48646164;21.31004333;21.12356758;20.95427513;20.87922859;20.81766319;20.15229225;20.00447655;19.75794029;19.6165905;19.55527306;19.26560593;19.00006104;18.4575882;18.43272591;18.24507141;17.88114166;17.87576866;17.57415009;17.21702957;16.99777794;16.93433762;16.84401131;16.69804001;16.39045715;16.22365189;16.13995934;15.88319588;15.81141758;15.69388866;15.41457176;15.15634537;15.10544205;14.91568947;14.65007401;14.59829712;14.18547058;14.08104992;13.80726719;13.71670628;13.50678253;13.33072376;13.14547634;12.9672966;12.84341812;12.72651863;12.57636929;12.04091454;11.92190266;11.81742764;11.76081753;11.50759983;11.38755322;11.28739357;11.21554756;11.03028107;10.81820202;10.70202827;10.50884151;10.23396492;10.10745907;10.09604073;9.835010529;9.692722321;9.569688797;9.510607719;9.370010376;9.03117466;8.866512299;8.734942436;8.491969109;8.249064445;8.086749077;7.957972527;7.79383707;7.591333866;7.493783474;7.453082085;7.255516529;7.077353954;7.014745712;6.847641468;6.750404358;6.644865036;6.381658554;6.182628155;6.013250828;5.869309902;5.735421181;5.637666225;5.44634676;5.106914043;5.054058552;4.78651619;4.58831501;4.30899477;4.235311985;4.127173901;3.969130993;3.775617838;3.569993496;3.476276398;3.296320915;3.195759773;3.05856514;2.962507963;2.900233984;2.616841793;2.3934443;2.322823524;2.106235266;1.890705943;1.878234029;1.546771049;1.478272915;1.342445254;1.141616821;1.084650993;0.9447543621;0.8020797968;0.636796236;0.414308995;0.3004950285;0.06160617992
00700;44586.93359;723.8086548;609.4227905;289.286499;191.1442413;143.5238495;127.7829819;93.94973755;67.89829254;59.47371674;54.62439346;53.02491379;47.95469666;45.26768112;44.88847351;44.71854401;43.56810379;43.02157593;41.6648941;40.45862198;39.39480209;39.10621643;38.22769165;37.25006866;36.4723587;36.19322586;35.83875656;35.42576218;34.9630127;33.92089462;33.69705963;32.98545074;32.60959625;32.43156433;32.16417313;31.60118675;31.12186623;31.02537918;30.7521534;30.18184471;30.09138298;29.64195824;29.33592415;29.06362534;28.75951576;28.52825546;28.15641785;27.88613701;27.61097527;27.28357315;27.0182209;26.73315239;26.45534706;26.32138824;26.02512741;25.55356216;25.49096107;25.4389782;24.70001221;24.53339195;24.26884651;24.05195618;23.76281357;23.4380188;23.30965805;22.95347977;22.83234596;22.48104286;22.05090714;21.96815491;21.92526627;21.44982147;21.227808;21.00127029;20.85545158;20.5748024;20.18558884;20.00884819;19.88858795;19.81340408;19.70842552;19.40924263;19.32996941;19.05488777;18.93445778;18.76756096;18.51610947;18.25286865;18.03811455;17.7793045;17.74583435;17.48781967;17.39295769;17.03093719;16.90435791;16.7430439;16.52310181;16.41341782;16.33041573;16.17872238;16.05327225;16.00026131;15.51100636;15.35846424;15.17041588;15.16863918;14.82845116;14.68073273;14.49888992;14.23361206;14.1363039;13.90628529;13.7604475;13.45923233;13.32707977;13.05611706;13.05368519;12.79529953;12.69386292;12.53914261;12.27361107;12.21057701;12.13269329;11.93669796;11.84528255;11.67918015;11.4867115;11.3708477;11.11277485;11.08184814;10.81757355;10.74329853;10.391469;10.26272678;10.13112164;10.03212166;9.784275055;9.687306404;9.526623726;9.340090752;9.205841064;9.020542145;8.79580307;8.636277199;8.406475067;8.36507225;8.305562973;7.960837841;7.795570374;7.693088055;7.502738476;7.351751804;7.307096004;7.234264374;6.928756714;6.738789082;6.567502499;6.416796684;6.244977951;6.147754669;6.136033535;5.986936569;5.751289368;5.545009136;5.338551044;5.326282501;4.881403446;4.831321716;4.715245247;4.580524921;4.517641068;4.303815365;4.0184021;3.924049854;3.711941957;3.709628105;3.438747168;3.222268581;3.128594637;3.088650465;2.908295155;2.8466506;2.567350864;2.438699961;2.327295542;2.146609068;2.050008059;1.810189843;1.659261465;1.471109152;1.321579814;1.253622532;1.136764646;0.9402929544;0.8097971678;0.6610904932;0.5715286732;0.4277450144;0.3660499752;0.1833150983
00760;44587.19141;723.8410034;609.5927124;288.3475342;190.7659454;143.0852814;126.2854156;92.85289001;66.9763031;57.92504501;54.08667374;51.11049652;46.32334518;44.7153244;43.92605972;42.59707642;40.98153305;40.85425949;39.87589645;38.91341782;37.79232025;37.03368378;36.51354599;36.21798706;35.88460159;35.12333298;34.37919998;34.24542618;33.54526901;33.36630249;33.00837326;32.45419693;31.93787956;31.53452301;31.28967094;31.26715279;30.58634567;29.84521103;29.54699135;29.38948059;28.7890377;28.46059799;28.16054916;27.84100151;27.81472206;27.09166718;27.0188179;26.75315094;26.23771667;25.90356255;25.64505959;25.5863533;25.20959663;24.92645454;24.65107727;24.4310112;24.0797348;23.65444565;23.54077148;23.21135712;23.11640358;22.87478065;22.58361244;22.35434532;21.99165916;21.86034012;21.67708588;21.45976448;21.37312889;21.15137291;20.91879463;20.58338165;20.3678627;20.31051445;19.9595108;19.85276413;19.63220406;19.55010033;19.37860107;19.10438156;18.93281746;18.66778374;18.57359695;18.15045738;18.07629585;17.93258858;17.92202377;17.49271584;17.23734474;17.15818787;17.07975006;16.81146622;16.64868164;16.48770142;16.29619026;16.03178024;15.97354507;15.6206007;15.58053589;15.30804062;15.19513702;15.11572361;14.93318844;14.74531364;14.62876129;14.36340523;14.14297867;13.95808601;13.73455143;13.63773346;13.57670307;13.51719952;13.29798603;13.18554401;12.9162569;12.84638882;12.63564968;12.58149052;12.12543297;12.06135273;11.90610981;11.80843067;11.65501118;11.42380714;11.34187412;11.15746117;11.03115082;10.78623581;10.50160694;10.4750824;10.33650589;10.2105751;10.06546021;9.913290024;9.73281002;9.564627647;9.378255844;9.273612022;9.113649368;8.971484184;8.880102158;8.549235344;8.454354286;8.340233803;8.143262863;8.126880646;8.002577782;7.806483269;7.619057655;7.218570232;7.100162029;7.073540211;7.023170471;6.749027252;6.607563972;6.396116734;6.250753403;6.092088699;5.950890541;5.778919697;5.671160698;5.634791374;5.431578159;5.324376106;5.061906338;5.014062405;4.94820261;4.77677536;4.558302402;4.353460789;4.249588013;3.944612265;3.932755232;3.76295948;3.60500288;3.484366655;3.259232283;3.05771327;2.974704981;2.897205114;2.684497595;2.572881937;2.476413965;2.223535776;1.99810493;1.850845098;1.708608389;1.569962502;1.444423199;1.290099263;1.131133556;1.050039172;0.9968062043;0.8142709136;0.6578607559;0.6108891964;0.46519503;0.2175011635;0.09616226703;0.04281832278
00820;44588.24609;723.3552246;608.7978516;287.8998108;190.1542664;143.3381653;126.8521271;91.87188721;66.3528595;56.06572723;52.26789856;48.85327911;44.1289711;42.47428131;41.7596817;40.94710541;39.99349594;38.81752014;37.9290657;37.60163116;36.99053574;36.7358017;36.3154068;34.93488312;34.30841446;33.64142609;33.49119568;32.88077927;32.2529335;31.91665649;31.64388466;31.17032433;30.80472946;30.3760128;30.21653938;29.87310028;29.52486229;29.26516533;28.51549721;28.37075806;27.81603813;27.64042473;27.06538391;26.93385506;26.52454567;26.36444473;25.94846725;25.91510201;25.47269249;25.2358551;24.75868607;24.67540741;24.55014229;24.13400841;23.88219833;23.68403435;23.43194389;23.2189312;23.00845909;22.97507858;22.56317329;22.0628643;21.83888054;21.56923866;21.24386406;21.07960129;20.84528923;20.64119148;20.54761314;20.08522034;20.06633759;19.76172256;19.35029221;19.18482208;19.16412926;18.92039108;18.76002312;18.69701385;18.35868263;18.21778488;18.17022324;17.92869186;17.87034416;17.71308708;17.56305504;17.25664711;17.00049973;16.92583084;16.70840073;16.51161194;16.33273506;16.15779305;15.92438889;15.76668835;15.62220001;15.48753166;15.30496502;15.25001812;14.94043827;14.87582493;14.71633244;14.63416386;14.46531105;14.3072958;14.04770851;13.90505695;13.70651531;13.66890717;13.49768639;13.3916235;13.13237762;12.9466095;12.90419102;12.80398178;12.6030426;12.31196308;12.154356;11.93282795;11.82758141;11.68361187;11.56697941;11.38405037;11.0563345;10.99540615;10.94310474;10.6338768;10.51862049;10.4968996;10.24396229;10.16232395;9.95834446;9.86920166;9.813519478;9.592385292;9.512860298;9.160319328;9.038834572;8.930376053;8.666248322;8.572683334;8.461949348;8.336891174;8.151875496;8.082201958;7.823346615;7.691280842;7.356975079;7.317995071;7.163060188;7.118388176;6.887071609;6.712573528;6.646089077;6.551098824;6.37040472;6.31746006;6.163333893;5.960363865;5.688295841;5.529093266;5.418390274;5.236042023;5.128713131;4.980018616;4.914597511;4.834267616;4.689435005;4.583689213;4.449254513;4.243957043;4.065536022;3.898229837;3.804651976;3.671073198;3.54830718;3.315701246;3.220793962;3.125309706;3.08589673;2.964683056;2.656231403;2.608186007;2.443254948;2.399626017;2.241539717;2.093381643;2.024380684;1.948114514;1.705118179;1.471879363;1.382688642;1.09518981;0.8877462149;0.8201159239;0.6289473772;0.4699262679;0.3479856849;0.2347817123;0.08297549188;0.04607668892
00880;44588.78125;723.5114746;607.5844727;288.1613159;188.9730682;142.7854614;126.2048187;91.13204193;64.99570465;56.48180389;51.83420563;48.21018982;43.00130081;42.17625809;41.84568405;39.69978333;39.03096771;38.81632233;38.33523178;37.38960266;36.13120651;35.46914673;34.93310928;34.26939774;33.79967117;33.02532196;32.28532791;31.88883209;31.72088432;31.19144249;30.78330421;30.70062828;30.11328506;29.80084038;29.26711273;28.73863602;28.70881462;28.24777031;27.72790527;27.36247063;27.15475273;26.73435402;26.57574272;26.47092819;26.23222923;25.99825478;25.44176674;25.28105736;24.71483612;24.62964821;24.07810211;23.84950066;23.65006447;23.53591156;23.4022541;23.09428787;22.77596855;22.26130295;22.20381927;22.12881851;21.94562149;21.83270454;21.42160797;21.36859894;21.14815331;21.08772087;20.38779259;20.20895386;20.020298;19.96720695;19.61572266;19.4397583;19.13467216;19.07221603;18.81931686;18.61878014;18.52264214;18.23157692;18.06425667;17.80508804;17.52793884;17.48355484;17.18310165;17.01091576;16.94921494;16.7158165;16.43105125;16.36688614;16.2730751;16.13611221;15.93741035;15.71562481;15.68617249;15.40288544;15.33572197;15.092453;14.99020576;14.6069355;14.4949131;14.48443317;14.40356064;14.13980007;14.01848888;13.76686668;13.65655613;13.63105679;13.49402142;13.3358984;13.010005;12.78024006;12.75062656;12.6133585;12.50105572;12.23761463;11.99707699;11.98818493;11.824893;11.66059208;11.5799408;11.45084381;11.23045158;11.06490803;10.82672691;10.68995857;10.66508484;10.52455044;10.27960873;10.13278961;9.931808472;9.769634247;9.602762222;9.515133858;9.454994202;9.305023193;9.221352577;9.110189438;9.003709793;8.875900269;8.513701439;8.264762878;8.187811852;8.166231155;8.120669365;7.904865265;7.708363533;7.662501335;7.469968319;7.422839165;7.147243023;7.019104958;6.90017128;6.825853348;6.62605381;6.420114517;6.232402802;6.104457855;6.083793163;5.970351696;5.902314663;5.634188652;5.516540527;5.343989372;5.220312119;4.965177059;4.775026798;4.662444592;4.619094372;4.444844246;4.34271574;4.198516846;4.086849689;3.920547485;3.699612856;3.657192707;3.46112299;3.422870159;3.364485264;3.170706034;2.99584794;2.980175495;2.667414427;2.572744608;2.448461533;2.311559677;2.223626852;2.026943207;1.846475124;1.562835932;1.485023737;1.338985085;1.250456929;1.148360848;0.9554671049;0.8507019877;0.7876123786;0.5626698136;0.4505363405;0.3240724504;0.1869506389;0.003180517582
00940;44589.60938;724.4210815;607.7876587;288.6235962;188.6654205;142.8024597;125.3476868;91.46852875;63.67950058;55.69336319;51.22402954;47.15710449;41.26028824;40.72271347;39.46663284;39.383255;38.75317383;37.17447662;36.79463577;36.50576019;35.50332642;34.7004776;33.4465332;33.10238266;32.36440277;31.83412933;30.99818802;30.70865822;30.22600365;30.04800034;29.89187813;29.34070206;29.26535606;28.74127388;28.65864754;28.31171036;27.47698402;27.29122734;27.10762978;26.81183815;26.65319633;26.43374825;25.96060181;25.57835579;25.25852013;24.98722458;24.51645851;24.37188911;24.2571888;23.6434021;23.25927162;23.15580559;22.96576118;22.93674088;22.51373482;22.28339005;22.17793655;22.02791214;21.63186264;21.42191315;21.34831429;21.0232296;20.82386971;20.76418304;20.32678795;20.14899635;20.01722908;19.8236866;19.66083717;19.43314934;19.22951698;19.15256119;18.60933495;18.39274597;18.21428299;18.09127235;17.81195068;17.62829208;17.38519287;17.28935432;17.18386269;17.02786636;16.82888603;16.58124161;16.47900581;16.37967873;16.13619804;16.10712433;15.87747002;15.77950764;15.58889484;15.40199089;15.21158218;15.02035332;14.8753252;14.71053123;14.48735714;14.34530449;14.30453491;14.0713644;13.93204117;13.86440945;13.55469227;13.43354034;13.22167969;13.05090141;12.98998737;12.89608765;12.64422321;12.50309944;12.34603119;12.23266315;11.95547581;11.80244923;11.69156075;11.56537342;11.38054085;11.28968239;11.19124603;11.03006649;10.86372471;10.69906616;10.6365118;10.3514204;10.33708191;10.22221088;10.03071022;9.881765366;9.729243279;9.494297981;9.464116096;9.182879448;9.164428711;8.988648415;8.84376049;8.623090744;8.547397614;8.335659981;8.251180649;8.107563972;8.052852631;7.872843266;7.68382597;7.56892252;7.369905472;7.129656315;7.105368614;6.893666744;6.838329315;6.672972679;6.537346363;6.486040592;6.338605881;6.207522392;5.888408184;5.769621372;5.682337284;5.660324574;5.553925514;5.451894283;5.283694744;4.987718582;4.85665369;4.819662571;4.574306965;4.476260185;4.31717968;4.23150444;4.068689823;4.003568649;3.728227139;3.625567436;3.557561636;3.395312548;3.286084652;3.054609537;3.013254404;2.958431005;2.839603424;2.64393425;2.506849527;2.306914806;2.260391235;2.063810349;1.925014019;1.867721081;1.774943948;1.621726513;1.565753579;1.416353941;1.322417021;1.1428653;1.106009722;0.9067190886;0.6203498244;0.5514263511;0.4806292355;0.22089836;0.08816491067;0.006494912319
01000;44590.21484;724.7515259;607.1445923;288.190918;189.5823669;143.3360291;124.4944687;90.23937988;63.86066437;54.74887466;50.54309082;46.5369339;41.35238647;39.37467575;39.03430939;38.51282501;36.92808151;36.49460983;35.72308731;35.61346054;34.84747696;34.46246338;33.37294388;33.27097321;32.00131226;31.22520065;30.88745499;30.60919952;30.09820747;29.51774406;29.20360374;28.67087364;28.46967888;28.16632652;27.98512268;27.61112976;27.24561691;27.17199135;26.94114876;26.48287964;26.24865532;25.58477592;25.27570152;24.6887722;24.54984093;24.32591629;23.81270981;23.56117249;23.47772598;23.22542191;23.08958817;22.95768929;22.56045532;22.16521263;21.79947853;21.56958389;21.44550896;21.15708542;20.9187336;20.72103691;20.6683197;20.25255966;20.02495003;19.98086357;19.70520401;19.5127964;19.4749527;19.1468277;19.08028793;18.84865952;18.44234276;18.33778572;18.09479713;17.87067604;17.67699623;17.54797745;17.27778625;17.19128036;16.9499054;16.85033989;16.68872261;16.52127266;16.26665497;16.25211334;16.14024925;16.02253723;15.86979485;15.64542294;15.44165611;15.06874657;14.9995842;14.77787685;14.69857502;14.63187027;14.57137012;14.19543362;14.07977772;13.95241642;13.77122688;13.61369514;13.59940815;13.44819546;13.25354671;13.09385204;12.87262344;12.84283447;12.77104378;12.57258129;12.40596485;12.3211441;12.06900692;12.02861977;11.80944729;11.60470486;11.47811508;11.18563461;11.08218479;11.00245571;10.8242979;10.68698788;10.6177845;10.49662781;10.31378174;10.19874191;10.04239845;10.00065994;9.737675667;9.607100487;9.530666351;9.462460518;9.362503052;9.212992668;8.94113636;8.920769691;8.727525711;8.559678078;8.351118088;8.191923141;8.082265854;7.977509499;7.770501614;7.684708118;7.657697201;7.455595493;7.209695816;7.167510033;6.949770927;6.843349457;6.694291115;6.585926533;6.545748711;6.381827354;6.24398613;6.086155415;5.742007256;5.700601101;5.592317581;5.532056332;5.344165802;5.212284088;5.137362003;5.064063072;4.911001682;4.84625864;4.683509827;4.590195656;4.423499584;4.275729656;4.144140244;4.106618881;3.996347666;3.95822072;3.71291256;3.666324139;3.428664923;3.3005867;3.281429529;3.120085001;3.004445076;2.797609091;2.666907072;2.594060898;2.350675583;2.289562464;2.16598773;1.981655359;1.914432883;1.803183198;1.641168714;1.558154702;1.353069544;1.138643622;1.120992184;0.9608893991;0.7320991755;0.5101715922;0.3555210829;0.1347488463;0.1026452929;0.02065803483
01060;44590.07031;724.6204834;606.618042;287.9060364;188.8306427;143.9121704;124.5398483;90.05467224;63.21357346;54.56015778;49.53997421;46.85407257;40.03063965;39.36021042;39.07456589;37.73052979;36.82483673;35.55924988;35.09859848;34.1218605;33.56436157;33.32194138;32.54549408;32.45294571;31.86834145;30.92967796;30.26792908;29.56250763;29.37109375;28.73277855;28.43672752;28.23256493;27.99445724;27.82252693;27.17663002;27.00620079;26.68186188;26.38646126;26.04952621;25.44058609;25.34030533;25.08782768;24.82927132;24.45223236;24.32234383;24.04076767;23.91989326;23.5556469;23.19267654;22.84450912;22.73679352;22.55488014;22.13010025;21.99000359;21.70932198;21.54211044;21.18816566;20.99599838;20.84626579;20.45625114;20.1207962;20.02028656;19.77724648;19.55815125;19.36653709;19.20820618;18.92250252;18.85494423;18.65059853;18.58067322;18.3020134;18.22224236;18.01296425;17.84505844;17.75335121;17.29657173;17.28515816;17.1823082;16.83073997;16.77548599;16.51338959;16.28860283;16.15921402;15.91196823;15.74565506;15.67537594;15.54586315;15.32916927;15.20000458;15.02229595;14.78545475;14.6164093;14.50869942;14.27337265;14.19125557;14.00641632;13.80975819;13.65320683;13.52799892;13.3586235;13.28567886;13.11979675;13.08072948;12.92273998;12.81983376;12.6153965;12.56235409;12.2730341;12.16832924;11.98047829;11.85068703;11.77843475;11.56344986;11.40918541;11.22517204;10.99574089;10.83416843;10.76845264;10.63941956;10.46205616;10.32956028;10.26618195;9.908214569;9.800060272;9.717146873;9.601163864;9.564982414;9.423959732;9.304186821;9.150586128;9.064051628;8.951420784;8.828539848;8.685979843;8.466785431;8.241913795;8.099553108;7.920066357;7.824303627;7.659832478;7.532720089;7.420120716;7.27129364;7.154034615;7.110199928;7.008880138;6.876051903;6.685165405;6.529236794;6.424924374;6.277555943;6.152450562;6.041647434;5.830695152;5.743450642;5.61103487;5.517490864;5.386054039;5.164968014;5.036006927;4.917608261;4.849827766;4.685206413;4.574030876;4.54916048;4.357718468;4.248070717;4.19438982;4.075936794;3.92214036;3.865034342;3.730018616;3.599039316;3.348972321;3.281271935;3.231339216;2.958703279;2.811340809;2.761660814;2.670397282;2.45241785;2.377766848;2.147032499;2.104084015;1.955979228;1.787425637;1.645226717;1.489559293;1.367934585;1.087417006;1.072831988;1.018705249;0.8820953965;0.6787763834;0.6236610413;0.4705151916;0.4013645649;0.2431571037;0.0810399279;0.07664547861
01120;44591.25781;725.6148071;606.4684448;287.9794006;189.7923279;145.4740143;124.4839172;89.63954926;62.61601257;54.33996201;49.96100235;46.3131752;40.49876404;38.08146286;38.03509521;37.12812805;35.98538971;35.5148468;34.68106079;34.32534409;33.35613251;33.00764465;32.51947403;31.45424652;31.28588486;30.89413643;29.76856613;29.45906448;29.19394112;28.35862541;28.23519707;27.73460197;27.49708366;27.17756271;26.79425621;26.64419365;26.16703606;25.97574234;25.33244324;25.06411552;24.82796097;24.48476219;24.24310684;24.02436829;23.95384598;23.37367439;23.20420647;22.93106842;22.67831802;22.49560738;22.15293121;21.89272881;21.42852592;21.18575287;20.96268654;20.90551567;20.55089951;20.30635643;20.07199478;19.93943214;19.79467201;19.67893791;19.5427475;19.27791977;19.08068466;18.8188858;18.53050613;18.45765877;18.34880447;17.97581482;17.81485748;17.68086624;17.57801819;17.35173988;17.26199722;16.99564552;16.79886246;16.59506607;16.51342201;16.33144951;16.12725639;15.93072224;15.66829109;15.63336468;15.43820095;15.30499935;15.07456112;14.96868801;14.65917206;14.60626984;14.53913689;14.44629478;14.23945236;13.9616766;13.93221378;13.68647766;13.58037663;13.4803791;13.15980625;13.05338478;12.83274746;12.72784042;12.63437271;12.58678246;12.40203762;12.20478153;12.01001358;11.8819437;11.80041885;11.63759804;11.46491146;11.30773735;11.22170162;11.05181503;10.89581299;10.73534679;10.69282055;10.55230236;10.43094158;10.25252438;10.1910038;9.988852501;9.86301136;9.604885101;9.539316177;9.424386024;9.218365669;9.106219292;8.970896721;8.750935555;8.658592224;8.565526962;8.451841354;8.155252457;8.111633301;7.9855299;7.910547733;7.762969494;7.515529156;7.434350014;7.410520554;7.180987835;7.086521149;6.973406315;6.900776863;6.6919837;6.549582481;6.420518875;6.247439384;6.211957455;6.028238297;5.956950188;5.898211002;5.78427887;5.513728142;5.471850872;5.302212238;5.258899212;4.91956377;4.826837063;4.750748634;4.66782856;4.555934429;4.499415874;4.292252064;4.231883049;4.166736603;3.960325003;3.829041004;3.735233784;3.567764997;3.413692951;3.354773998;3.286726952;3.075605154;3.014985561;2.808428526;2.764714718;2.623124599;2.535483122;2.443780661;2.389528751;2.197651386;2.095498562;1.891820073;1.633411884;1.572767973;1.543252349;1.49527061;1.271184325;1.137890935;1.069023132;0.8125262856;0.7369464636;0.668505013;0.4946557283;0.4218759239;0.1711862087;0.1607744694;0.03421108797
01180;44591.01953;724.8956299;606.8338623;288.5498657;189.1204071;145.4702148;123.9822617;89.66500854;62.66514206;53.24786377;48.39068222;45.68149185;39.62001038;37.98331451;36.11563873;35.98096085;35.27817535;34.61407471;34.01060486;33.37973404;33.16691208;32.31744766;31.78278351;30.60465431;30.42137527;29.77062416;29.66331482;28.81936264;28.32736588;28.27993393;28.03108406;27.36727142;26.94809532;26.65633583;26.45996666;26.02543831;25.72197151;25.37113571;24.85722733;24.48579216;24.1348629;23.98084259;23.73470116;23.29898643;23.19622993;22.90018082;22.65051651;22.46493721;21.94619751;21.75057793;21.61528587;21.09612083;21.02104568;20.78783226;20.52919197;20.39110756;20.1985836;20.00885963;19.68821716;19.55830193;19.35934067;19.10585403;18.92070007;18.69326019;18.40004158;18.31749153;18.20666504;17.91960907;17.88023949;17.55347252;17.46884727;17.33395767;17.10980988;16.98974228;16.84290314;16.55640221;16.39491463;16.36013222;16.0004921;15.9215641;15.85792255;15.68467236;15.54464817;15.4260788;15.08562183;14.8642168;14.78603172;14.57488728;14.38109493;14.28735542;14.05247688;13.82513332;13.78134537;13.6426506;13.48531342;13.31576157;13.17530727;13.01062489;12.76741505;12.57662201;12.51748466;12.48810101;12.25412941;12.13878536;11.93617249;11.82821369;11.61583138;11.54063225;11.43868732;11.26736546;11.20464897;10.91356182;10.853652;10.76293182;10.5730505;10.44209957;10.3649025;10.17696285;10.07360458;10.05911255;9.994254112;9.774969101;9.753992081;9.52741909;9.444560051;9.346049309;9.159734726;8.933169365;8.775488853;8.739676476;8.607367516;8.366451263;8.319023132;8.081366539;7.99738884;7.912583828;7.814479351;7.686249733;7.562012196;7.424716949;7.208148003;7.158551216;6.962714672;6.781721592;6.74783802;6.656658649;6.441067696;6.425084114;6.306819916;6.143637657;6.090083599;5.866959572;5.659257412;5.6017313;5.381620407;5.322766304;5.194791317;5.025567055;4.952291489;4.84399128;4.712057114;4.541419983;4.361915112;4.281535149;4.123954773;4.065472603;3.922506094;3.772932768;3.754654169;3.622565031;3.490671635;3.358785152;3.289684057;3.144300461;2.91588974;2.843364;2.77872014;2.506359339;2.414244652;2.348628998;2.270129442;2.185702085;2.02426219;1.936346054;1.87544179;1.70508039;1.537095308;1.412641525;1.261058688;1.136493683;1.120114565;0.9648678303;0.7954487205;0.6542828083;0.5460386872;0.4693057239;0.3263816237;0.1926296353;0.1774541289;0.02238154225
01240;44591.45703;725.0614624;606.5701294;287.9968262;189.158783;144.1720581;122.7112808;88.75488281;62.5151825;52.90549469;47.9119339;45.9424057;40.09271622;37.22758484;36.93980026;35.51669693;35.29369736;34.46637344;33.53480911;33.02591324;32.63829422;31.9610424;31.64405441;30.68934822;30.42738342;29.51553154;28.99302101;28.80472755;27.73095703;27.67205048;27.47724342;27.13045311;26.35188293;25.96621513;25.47957802;25.45031548;25.17827606;24.97434425;24.57473946;24.26985168;23.92206764;23.48227692;23.23875237;23.12376595;23.00265884;22.3038578;22.21789551;22.06295013;21.97740746;21.80716896;21.52980995;21.31107903;21.13440514;20.77006149;20.51010323;20.24825859;19.92073441;19.80099106;19.50440979;19.16028786;18.90016937;18.76057816;18.6374073;18.2665844;18.15705299;18.0652771;17.78753281;17.76394463;17.53371429;17.34661102;17.18189621;17.01450157;16.81816673;16.62169075;16.58118629;16.39574051;16.21585083;16.05792427;15.79119587;15.65653419;15.41468811;15.31814575;15.21596718;15.04311275;14.91016006;14.5606575;14.50322437;14.22402382;14.14927769;14.0798111;13.93033886;13.77350807;13.64756393;13.50354862;13.21545029;13.16264725;12.9429369;12.86138725;12.69172478;12.52457142;12.35923958;12.20503044;12.15028763;11.91970539;11.71609783;11.6487875;11.50682831;11.3395195;11.2868433;11.05861187;10.91993999;10.81889534;10.69804287;10.62833881;10.56671619;10.48358822;10.31443691;10.19707012;10.0142746;9.882282257;9.782827377;9.632011414;9.475727081;9.295042038;9.194993019;9.039311409;9.017483711;8.836294174;8.771948814;8.697241783;8.513931274;8.404060364;8.212851524;8.097517014;7.962625504;7.874908924;7.716147423;7.535886765;7.457599163;7.381630421;7.201969147;7.094133854;7.040510178;7.009825706;6.781713963;6.707396507;6.612235069;6.309924126;6.177442551;6.07710743;5.943512917;5.880373955;5.700067997;5.631536007;5.589346409;5.431051254;5.277744293;5.087234974;4.987173557;4.827252865;4.692305088;4.507867813;4.358514786;4.299088001;4.135978222;4.062553883;3.898525238;3.813757658;3.686308861;3.570848227;3.442065954;3.320572138;3.19054842;2.991926432;2.865704298;2.8539536;2.650943518;2.494087458;2.418970346;2.279608011;2.191525459;2.168650627;1.998517513;1.836297631;1.725604296;1.657940865;1.517716885;1.465461373;1.296168327;1.226132631;1.045709252;0.9316400886;0.8683401942;0.7824057937;0.7386208177;0.4932342768;0.4371836782;0.2966682017;0.1182331592;0.1075900868
01300;44591.67969;725.1244507;607.6228638;288.8545532;189.6805725;143.4388733;122.9978104;89.82094574;62.3989563;52.12059402;48.63805389;45.08508301;39.30216217;37.51158524;37.12993622;36.16889572;34.40248108;33.93868637;33.83141708;32.59677124;32.03761292;31.55828094;30.98766327;30.48905563;29.51918602;29.08200836;28.78394318;28.44282722;28.18964767;27.64988518;27.20702934;26.67993164;26.22726059;25.67479515;25.45755959;25.20925903;24.77795029;24.44872475;24.40373611;23.94320869;23.60426712;23.00480461;22.67639351;22.59187317;22.36703491;22.29534912;21.8571682;21.52772713;21.44869232;21.23592377;21.13157654;21.03320694;20.78981018;20.49449158;20.29577637;20.00631332;19.65017509;19.3422184;19.27276039;18.8782444;18.81619835;18.61692238;18.43745995;18.08840179;17.95605278;17.75417328;17.55285835;17.32349586;17.27137184;16.98548889;16.81931305;16.73373795;16.48783684;16.33447647;16.06693459;15.948493;15.79026222;15.7312727;15.44401264;15.33866882;15.25255871;15.0888176;14.84898663;14.69646263;14.5362711;14.36513042;14.26530743;14.1014185;13.83327103;13.69084644;13.60050964;13.52035141;13.45780373;13.38453293;13.21786213;13.07357693;12.71986771;12.70148468;12.4493227;12.39655209;12.10778332;11.96960545;11.82213116;11.7159605;11.64023876;11.60098457;11.35411549;11.29438591;11.26713085;11.1391716;10.74769497;10.70855331;10.49153709;10.26346111;10.25352955;10.15023327;9.980186462;9.77070713;9.6948843;9.560545921;9.466871262;9.306211472;9.232617378;9.187428474;9.053411484;8.895031929;8.864295959;8.55148983;8.522435188;8.327960968;8.074322701;8.004662514;7.866326809;7.72085619;7.674057961;7.588429451;7.503202915;7.339650631;7.164168358;7.143826485;7.08767128;6.944863796;6.697407722;6.647509098;6.393018246;6.343220234;6.252188683;6.097433567;5.983714581;5.953873158;5.795030594;5.708068848;5.491155624;5.431640625;5.291866302;4.997778416;4.909904957;4.875813961;4.736719608;4.655119896;4.540171623;4.485658646;4.276939869;4.154490471;4.058407784;3.82911253;3.827333689;3.782229185;3.741782188;3.585705042;3.490897179;3.416284084;3.218374252;3.157921076;3.100491524;2.8402493;2.729024887;2.654713631;2.590665579;2.495690107;2.391592026;2.074411392;2.06327033;1.991659641;1.770280838;1.725103736;1.704887629;1.514055252;1.456015348;1.306157708;1.185729861;1.124251008;0.8712303042;0.716823101;0.5841423869;0.3925237656;0.3131527305;0.2636255324;0.1902142763;0.03752051294
01360;44590.9375;725.6027222;607.4811401;289.0158997;189.2775726;144.1574097;123.4297104;89.76277161;62.37827301;52.35071945;48.101017;45.25035858;38.98463058;37.13677597;36.52206039;35.27952194;34.71575546;34.36972046;32.95124054;31.35912895;31.15919685;30.94029617;30.11612129;29.86680412;29.0857811;28.4420948;28.29807281;27.82019997;27.33745003;27.17049026;26.99395752;26.59180832;26.20055199;25.53431129;25.02185249;24.79987335;24.26879692;23.99346542;23.74160385;23.45077133;23.22909546;23.09644318;22.86862564;22.31096649;22.20685577;21.92899895;21.66883659;21.56726265;21.1594944;21.001688;20.61879349;20.55869865;20.17969322;20.15593719;19.92890167;19.65021133;19.40596199;19.30230331;19.07573891;18.69808388;18.47521782;18.30990982;18.22699738;18.07933044;17.85194969;17.75923538;17.40133286;17.15455818;16.98012161;16.70399475;16.58154869;16.4795208;16.29595184;15.97438431;15.88171768;15.72646141;15.6651926;15.36790943;15.33070278;15.2208128;14.98509884;14.77012444;14.52780247;14.47530556;14.41815662;14.14532185;14.01258945;13.93396378;13.75276566;13.63379478;13.56761074;13.23629665;13.17005253;13.04803181;12.98817444;12.86840534;12.56695557;12.54467392;12.40742683;12.12108898;11.99880886;11.80896091;11.78078747;11.63310337;11.31424236;11.28195381;11.12446213;10.91253376;10.85605145;10.71563435;10.56638908;10.42195511;10.30830002;10.24933815;10.14365578;10.11944771;10.00423717;9.841692924;9.751685143;9.632049561;9.413539886;9.274636269;9.192178726;9.024433136;8.909555435;8.623160362;8.595746994;8.531455994;8.462244034;8.321152687;8.18603611;8.026515007;7.945913315;7.817518234;7.663349628;7.496081829;7.445244789;7.375262737;7.181556702;6.926688671;6.873960972;6.830059052;6.586143017;6.552186489;6.478454113;6.340556145;6.15912056;6.074821949;6.021810055;5.938333511;5.852729321;5.716606617;5.486083508;5.243421555;5.169579983;4.926803112;4.847556591;4.791151524;4.656877995;4.538969517;4.506533146;4.469228745;4.343137741;4.096302032;4.055508137;3.987921715;3.770829678;3.655384064;3.626520872;3.53415823;3.493621588;3.23643446;3.106214046;2.890636444;2.697509527;2.67325902;2.574491262;2.470179558;2.371411562;2.265147448;2.214027166;2.018050671;1.943667412;1.72130847;1.66236639;1.609594107;1.491267204;1.412335396;1.225606084;1.194965839;0.9931084514;0.9367239475;0.8254665732;0.679961741;0.4479625821;0.4056181014;0.3557160199;0.2767031789;0.189467743;0.03825037926
01420;44590.60938;725.5776978;607.0752563;288.7358093;189.5468445;143.650116;122.9352951;89.29100037;61.92837143;52.81619263;48.44332886;45.18827438;38.98974991;36.64467239;35.83045959;34.72015381;34.09802628;33.80191422;33.25597763;31.52677917;31.03636551;30.4678669;30.3759079;29.9393177;28.86420822;28.47881889;27.95439911;27.51693916;27.35107994;27.15817833;27.01544571;26.24304962;26.00048447;25.62593842;25.08530617;24.66567421;24.3189106;23.66466331;23.62992287;23.14465332;23.04104233;22.72833824;22.66884613;21.97858238;21.91052055;21.54902267;21.43858147;21.08937836;20.89019394;20.73241234;20.65307045;20.39943504;20.01563072;19.73958206;19.67370033;19.26209641;19.20564651;19.02069283;18.88954353;18.62481117;18.57957458;18.32113266;17.9413929;17.73115349;17.57242203;17.33464241;17.27902031;17.21840477;16.85271263;16.62972832;16.33876801;15.92465115;15.88911343;15.81546021;15.76370716;15.68799973;15.5418396;15.31478691;15.18350029;15.0335722;14.88976288;14.68369579;14.59543419;14.49285412;14.24122906;14.12582493;13.90740299;13.68850899;13.66577816;13.55898952;13.28238869;13.14517689;13.02371407;12.92974758;12.70804501;12.60134506;12.55594444;12.31411076;12.19180679;12.10079956;11.97863483;11.78601742;11.70801067;11.60844994;11.37890434;11.27510071;11.17682934;10.97426128;10.84034252;10.75155354;10.72650814;10.511446;10.46990585;10.24067497;10.08922863;9.88866806;9.872205734;9.711558342;9.443313599;9.376294136;9.218122482;9.130743027;9.028506279;8.985333443;8.732040405;8.605283737;8.565860748;8.439023972;8.289316177;8.175992012;8.139520645;7.901839733;7.843170643;7.76584816;7.45272398;7.415700912;7.328322411;7.246066093;7.006104946;6.907116413;6.76934433;6.616698265;6.47422123;6.373447418;6.187212467;6.130523682;6.044424534;5.996396065;5.869147778;5.68715477;5.63208437;5.49708128;5.397450447;5.276915073;5.21917963;4.991127014;4.946643829;4.734735966;4.689987659;4.604580879;4.468484879;4.298932552;4.14679575;4.047760487;3.952065229;3.907803535;3.712246656;3.583123207;3.440796137;3.385458231;3.290215015;3.27396059;3.050196648;2.943312645;2.770343781;2.682906866;2.566509247;2.47920537;2.332725763;2.176513433;2.147207022;1.957433939;1.852341652;1.762793303;1.605243325;1.565605998;1.472961187;1.380304575;1.310353994;1.133470535;0.9856061935;0.8489419818;0.8307518363;0.6892009974;0.5220551491;0.3284550905;0.2677413225;0.1846920252;0.1623446345;0.030149756
01480;44590.84766;725.8710327;607.0808105;289.3855896;188.8632965;143.5534973;123.9763947;88.3973999;62.14963531;52.10210419;48.32439804;44.45980835;39.74224472;37.16555023;36.00363922;35.6724968;34.50373077;33.57271194;32.30426407;32.16291046;31.10917473;30.635252;30.33828545;29.51254654;28.91479111;28.32224274;27.70798492;27.30991936;26.72609711;26.44847298;26.15155411;25.71844864;25.25530434;24.89088249;24.85294151;24.37434387;24.27325058;23.82458878;23.62756348;23.41769218;22.68039513;22.47035217;22.22218704;22.05026627;21.67727661;21.53958893;21.10103226;20.93701553;20.7706356;20.44859886;20.30524826;20.07307434;19.69008636;19.41727638;19.17041016;19.09514618;18.95401573;18.73952103;18.47310066;18.35247993;17.99274826;17.85364151;17.6313076;17.39503479;17.28654671;17.03209114;16.89525795;16.83117676;16.63677025;16.38570023;16.33553696;16.19085884;15.95682049;15.77350616;15.65843678;15.53586674;15.34560204;15.06609535;14.80670071;14.73045635;14.53318882;14.43615341;14.33072472;14.13024998;14.05362701;13.99362278;13.7273941;13.55525875;13.38586712;13.25108147;13.19019032;13.08168221;12.83881474;12.71810818;12.58886814;12.3522625;12.29571629;12.07863331;12.02370071;11.80740929;11.64943695;11.45264149;11.41393757;11.18189716;11.15441513;10.98580647;10.87519836;10.653759;10.47763729;10.34430504;10.2869606;10.13610363;10.07793903;9.924015999;9.755022049;9.695503235;9.535005569;9.454052925;9.178192139;9.040941238;8.966410637;8.868345261;8.806572914;8.657353401;8.477669716;8.25860405;8.196442604;8.155138016;8.027380943;7.867591858;7.772271156;7.70903492;7.560761929;7.43153286;7.332130909;7.198029518;7.155218124;7.083874226;6.927258015;6.816170692;6.650629044;6.451668739;6.339353085;6.274047852;6.211133957;6.115906715;6.021032333;5.849244595;5.634285927;5.539653301;5.537362576;5.389866352;5.27119112;5.046281815;5.032355785;4.90360117;4.840647221;4.708677292;4.573931217;4.43708992;4.386507034;4.313587666;4.084129333;3.938400269;3.888421297;3.698332548;3.671080828;3.538261175;3.494642973;3.442323685;3.406986475;3.224641562;3.077811003;3.002846003;2.855849743;2.796976566;2.714001179;2.564031839;2.369612694;2.218912601;2.068233728;1.888599157;1.797599912;1.788170099;1.611088634;1.410488963;1.393809915;1.319792986;1.277868748;1.045511246;0.995031774;0.8392491341;0.8082932234;0.7457253933;0.6022987366;0.44891271;0.3624803722;0.3073619008;0.219545573;0.02668480948
