00040;1.0;0.34321008930019836;0.33118947765443413;0.3146829703315014;0.30882417547599655;0.2980152041828739;0.2928929602339599;0.28929950507373675;0.28229276259920705;0.2770028567037957;0.27475914231791276;0.2672205294893075;0.2640478939737206;0.2584277866355873;0.2560574702113197;0.25188723865092233;0.24772191067383195;0.24268607250819055;0.24185700986689912;0.23983420085722612;0.23559374270180256;0.2343831841877049;0.23226483763809028;0.22949162471199014;0.22752917654324206;0.2247263849564753;0.22199697700966722;0.21985061700927108;0.2176623831431347;0.21431104751547167;0.21278171931171777;0.2096534399157429;0.20817063001154315;0.2077186256313036;0.20355520111531744;0.20157623535279606;0.20009470746544003;0.19843058223243953;0.19623549643034205;0.19336453328585196;0.19240136218798967;0.19112730883173348;0.1882351927992922;0.1868049164472402;0.18604802872162277;0.18424064144191662;0.18098539114605236;0.17828929924188422;0.17676243709051825;0.17597042204396018;0.1732016941477669;0.17133051963973847;0.17051087370643836;0.16919255913570366;0.16775518495046265;0.16625304800752688;0.16536553935258883;0.1629127380975944;0.1616763008562043;0.16030686759084617;0.1559997592577153;0.15510465532371578;0.1530573340558893;0.15232057582929795;0.15068171863500454;0.14924436313142425;0.14797641968333722;0.14725150415526828;0.14548846473343477;0.1442568100948199;0.14193172960326098;0.14024914158731497;0.14013517993647784;0.13741448469880066;0.1360712677274466;0.13432111413793918;0.1331144149680164;0.13169432817262275;0.1309889515597039;0.12925126273777163;0.1285964583694577;0.1253883546023659;0.12317391814352673;0.12179632369996753;0.12127665671488286;0.12016505383615748;0.11927823634986012;0.1175524121825748;0.11698109955882295;0.11542616504166021;0.11401974242749097;0.1136586598293175;0.11237594368394396;0.11025214877564722;0.10920093774038225;0.10831150164359364;0.10680912892213029;0.10559647895803007;0.10441872609004524;0.103706610302422;0.10171319193986281;0.1000507905694522;0.09947094665800951;0.0977665064453379;0.09706560261688142;0.09654691237646931;0.09458350612855014;0.0942564584869483;0.09383291421204813;0.09375036534994957;0.09135255056382334;0.0899597035294358;0.08943493524148238;0.08687776868655085;0.08598975064505497;0.08335493750647138;0.08294370484679613;0.08164028075081588;0.08076305266807514;0.07885272612585312;0.07816702463917087;0.07711706323677352;0.07567801205163437;0.07503288586352125;0.07361237584836472;0.07298498532477572;0.0715899732923552;0.07037038862398164;0.0685965821062489;0.06820914621654083;0.06713816505399701;0.06613053483169992;0.06570771461374218;0.06475102443524942;0.06295875117966546;0.06206805423118862;0.061415270850502884;0.059703826374179036;0.05880973284810083;0.05812283997160447;0.05664791563901787;0.05525907549915524;0.05385740963208464;0.05339807553942802;0.05323497147122143;0.05287578971196115;0.05001771245156316;0.04958155455541863;0.04798046676844113;0.047542951796562566;0.0469244405849882;0.046146426391644714;0.04462272923991923;0.04447820926824238;0.04305433550065733;0.04244816033073316;0.041299436965256266;0.03987639760257885;0.03832806757424717;0.037644781367651606;0.036062580803689515;0.03560733300599145;0.034444131094623166;0.03340254372424278;0.0326890444594898;0.032027326376170166;0.03059245836168519;0.030276215712429975;0.02832677174448254;0.02740053549702896;0.02732661506841872;0.024908429223520302;0.023576299068610918;0.022863856703844214;0.0215583360770766;0.021304992254011005;0.020481506843956592;0.019673025432687945;0.01947081717436503;0.01845998766437482;0.018086901584254904;0.01692839107715173;0.015791322959287642;0.015274016727917783;0.013178779796655665;0.012951570981096412;0.011053631381774875;0.00966625496551013;0.009011052020354996;0.007806891652252863;0.007016732799318681;0.006278557536200531;0.0059814931378459535;0.005258158733016382;0.0045526623721803;0.0038341722920703955;0.002979711628658389;0.0019081290926304451;0.0007684173325396428;0.0;
00100;1.0;0.37184396887757076;0.3613536177869681;0.3488435452892664;0.34745733729799116;0.3324798755198966;0.3260212017715314;0.3230541502316749;0.3128551178739779;0.31139479760849614;0.30358194700304303;0.3001339020950508;0.29296081200502405;0.2866716691655053;0.28272544686687834;0.27695425707167703;0.2755448230221257;0.27105802685136166;0.2695376416628231;0.26739016969618823;0.26470522203484576;0.26068820533959364;0.2601422380816845;0.2577648594200352;0.2507431491908583;0.2502393787764699;0.24706126648509902;0.24313290945821542;0.24101772976317534;0.23650812575765426;0.23440916146363203;0.23385518408678616;0.23060928606623574;0.22878873707253125;0.2261304079385901;0.22404789805285483;0.22301001419521213;0.22153453053988706;0.21860799916385476;0.21780468783693122;0.21534642675183735;0.2131042006829958;0.21035128888711876;0.2084043378896707;0.2071796998661655;0.20392106445111297;0.20279740146691355;0.19895054059678566;0.1968067429652666;0.19646045372707596;0.19405130079336363;0.19231453847183516;0.19095321970527848;0.18865488098913805;0.1874362798533891;0.18443465484571445;0.18239839964527493;0.18116129403384748;0.17997849467760393;0.17672178835331367;0.17523629205752417;0.17292667126219624;0.1713437304271233;0.17032360597166116;0.16927602481726794;0.16698246539263173;0.16551125199803718;0.1637099516841124;0.16143715383210427;0.16008823949500242;0.1591256296782703;0.15862020068866622;0.1574082631290593;0.1533289699104746;0.1529140993364448;0.15197242731135188;0.1509553986178592;0.14774357723012527;0.14590990223073474;0.14414868340199113;0.14318949091940894;0.1412048515812828;0.13929937592592273;0.13863514872010893;0.13622587173087675;0.13551753409110054;0.13503250240771872;0.13366675969373792;0.1317122274173462;0.13107773121802502;0.13053834584080148;0.12791394038557594;0.1263324801125963;0.1253358205439191;0.12429322203692438;0.12379486756410855;0.12144527551875958;0.11954553526961338;0.11905500772019503;0.1181329783225563;0.11649036216392795;0.11463307848000695;0.11271229984150763;0.11202183779708878;0.11142940915150101;0.10955307182007082;0.10758652093156504;0.10639828901791881;0.10515470043709912;0.10386369514459112;0.10236628676000772;0.10204830993042703;0.0990908667018641;0.09763283667036804;0.09507797590898769;0.09482542516400289;0.09383119308396744;0.09313988926676038;0.09104397430398119;0.08867497766444052;0.08816270214147787;0.0875915880047685;0.08663884292147582;0.08511361581285198;0.08448512635458405;0.08318191757561035;0.08204158085593327;0.08111264296059308;0.0803518048804565;0.07727730237246146;0.076333569027008;0.07554525824450335;0.07354691506762573;0.07198956332238748;0.0710088791365005;0.07042057796706486;0.0702569907611495;0.06839553191663557;0.0663803966032025;0.06585347520318054;0.0652631830635019;0.06376734260022236;0.06260293566150159;0.06129292550789343;0.06036214574450436;0.05912052192890305;0.05850109683049572;0.05565429907794468;0.05458380746799433;0.054173488312725296;0.05301780072156057;0.05280175094782696;0.05199686179266809;0.049878365687654316;0.048464106538272655;0.047767500762900574;0.04660960777710717;0.04555980510771108;0.044219680184169954;0.04321486354058986;0.04132667339906065;0.0409986569241842;0.03988844685653456;0.03827802647507071;0.03728026795142092;0.03514060952972732;0.033920767470243904;0.03316727898304748;0.031746131743344105;0.03115931518413375;0.030394373308164295;0.030181368068632808;0.028886076962478607;0.027783940516020348;0.02681835314304483;0.025898856909199477;0.023851650053289708;0.023351775771920973;0.02300635296982429;0.02079001644142807;0.019605190734128208;0.018380102958360244;0.018056500908376245;0.017172080580302538;0.016408098173046254;0.014602972600091912;0.01375506625847006;0.012152195014850696;0.011574042545682235;0.011156530440552962;0.01055206354304671;0.008958380445928922;0.008255454877379432;0.007288421053523943;0.00597680902628735;0.005219503632905207;0.004896705846359847;0.0027908158941603394;0.0012508696876589965;0.0;
00160;1.0;0.38844750752117424;0.36546282580714456;0.35613534252382;0.34263534077998076;0.3375102543385216;0.33372245161577724;0.3305442434661839;0.32464420044733955;0.32281669285583636;0.31933866036103387;0.31281601528441244;0.3098378949549814;0.3071472206170002;0.30308654222325493;0.2962314294033424;0.291949372026063;0.2902962790341427;0.2862663977811728;0.2844794397790576;0.2820382004165953;0.27900098858373135;0.2773561201834203;0.2756127573892792;0.2730851643502295;0.26844503347264576;0.2666684373137194;0.2639911699295331;0.2588049523249034;0.2577834665964698;0.2534885903153002;0.25030709114794797;0.24829730356672688;0.24578882047301273;0.24457876055628539;0.24310200754304107;0.24029780292668082;0.23895038371038427;0.23627451523524223;0.2353724369784683;0.2327036101233745;0.22912069644589925;0.2264138705990667;0.22422217472309103;0.2228367299448374;0.219598079343759;0.21650708511474803;0.21375748291664867;0.21314902356787688;0.2108339270412169;0.21043215781133098;0.20744783842040485;0.20585683300247148;0.20443799397692455;0.202896194984957;0.200095787448358;0.19822005120927988;0.1963213600444836;0.19297704345440306;0.19168673338499312;0.18989790264848902;0.18919223179368036;0.1840306751213285;0.1824496330953464;0.1818985768563631;0.17998707060673302;0.17875428437718038;0.1770472984633431;0.17527056402713873;0.17397010597692408;0.1723006889008218;0.17138708460032526;0.1701989357896058;0.1676255378671156;0.16616367922534464;0.16466103005418362;0.16149759817966083;0.16007659502241492;0.15836038867273675;0.1578581123849835;0.15576043320690883;0.1541437409318574;0.15307602578620141;0.1516752864886969;0.14944915064926384;0.14851199561285436;0.146352939945777;0.14487958069790513;0.14313684584577205;0.14202392145261689;0.13993862871225773;0.13797519992614504;0.13713140427815404;0.13659080032253915;0.13348801047604564;0.1321000663989861;0.13102660053008333;0.12946453643392572;0.12717799365204593;0.1269573840846799;0.12332422515416853;0.12242884730499164;0.12063006510128806;0.11890892285347533;0.11703149539884906;0.11659585705792645;0.1156424096628367;0.11220145550296742;0.11133560535020867;0.11060349234600463;0.10920480845556742;0.10817334573136227;0.1077996971347247;0.10594877032181188;0.10456198434117264;0.10326051237728712;0.1020414404463186;0.10066595630632927;0.09876977961193638;0.09775825096784424;0.09548377013696425;0.09417786433705254;0.09272160444684814;0.09076476188483415;0.08855056257301416;0.08784853265138395;0.08674261596479627;0.08640898186099831;0.08526778050102847;0.08402971185159583;0.08361848399789594;0.08217820461170934;0.08129612300796268;0.07970528985246625;0.07763557051539596;0.07593352903493074;0.07565514591857711;0.07406164607287508;0.07344833717353501;0.07253579705111365;0.07056286210147888;0.06863677252571251;0.0661336595090331;0.06534373042934061;0.06400318987172342;0.06304378235151427;0.06175265833521313;0.060925924404077375;0.06016694253252571;0.05823724605653078;0.05623907458008662;0.05535523202816083;0.05397242804910736;0.052781362325666895;0.05190073150319566;0.05082738759122046;0.048644245872870875;0.04704681577029472;0.04506332094340952;0.04439596932085138;0.04284446319395448;0.042192789666871504;0.04118544160229195;0.04062419492568464;0.03994534101985302;0.038479974583888396;0.03651709331107313;0.03542740873735276;0.03466908056731516;0.03441193296650087;0.031280929595342254;0.030767695864837144;0.02822225867496309;0.027018611765808147;0.026105232479488292;0.025921569716906415;0.025054877562114053;0.02318407846970783;0.022069847068846342;0.0203588173941074;0.01998298002272018;0.019315371502372215;0.018485372700944535;0.017671954221612333;0.01566170324467265;0.015223965233326642;0.01387805859503129;0.013250842606569795;0.011790493677445599;0.010795502062806115;0.009129057717410407;0.007937037865213431;0.007843204008072657;0.0071007252172050565;0.005298463258898758;0.004250349639079681;0.0024108796982012137;0.0016820571639020853;0.00056242723398061;0.0;
00220;1.0;0.39675900942170733;0.38050937361606085;0.374806723929885;0.3703642360566228;0.3608422861912636;0.3527655704622486;0.34323150987385714;0.3404154657623227;0.33520039405798047;0.3320768658316251;0.32130456079464215;0.3177067779056237;0.3143807024230962;0.3118351070697399;0.3077551128132182;0.30507151774586627;0.3013849997019593;0.2997751291880529;0.2933210924531766;0.2911190892368642;0.2871219872274417;0.2818110023071703;0.27795852873786553;0.276424021139663;0.2716769937916986;0.27121335936540675;0.269087866013092;0.2669266008257552;0.26210492978604993;0.26125395104346794;0.25873664433774524;0.25611606958062394;0.25294943056338326;0.25008211112043915;0.24618097975175862;0.24516448692086446;0.24258703798508804;0.2411275752654905;0.23755783585678297;0.23636084622919193;0.23490758114151328;0.23038424789313378;0.22861096368438635;0.2272764387174898;0.2233260359934839;0.2222118895041183;0.22044814527711368;0.21925158404439213;0.2174911249073473;0.21554405878681585;0.21381203597472853;0.2089655118438069;0.20791216032861706;0.20616477176482437;0.2025659103635156;0.20041516944228002;0.19651806312488165;0.19556494570289895;0.19399027700741586;0.19099544667844515;0.189147538354984;0.1879388408509334;0.18744276414685618;0.18496206699563159;0.18179497354243407;0.1812890133771423;0.17970034467896867;0.1775235592464398;0.17652778314127135;0.17517937977368622;0.17124095348117943;0.16962473557549948;0.16910604698048018;0.16742920354354185;0.16524780015893398;0.16342480590558056;0.16252909565790974;0.16104617922324263;0.1583983186476275;0.15674925804189416;0.1562340636315347;0.15413227701650004;0.153563634537633;0.15128029405448148;0.14912474543497176;0.1472775356593674;0.14478178240689052;0.14311745438729576;0.1415653702313934;0.13997884499502047;0.1385792264816971;0.13709459704387328;0.13585857921931227;0.13431926568484778;0.13152328303574334;0.13060020618113086;0.12924712169686242;0.12806876328738392;0.1258372039411375;0.12474873123722802;0.1228849802627461;0.12073468878466434;0.119643984881227;0.11745270587064463;0.1163168478463496;0.11505724287745017;0.11359672555085629;0.11239106960501201;0.11099312343512069;0.1093646692761306;0.10808362273883791;0.10624163801430504;0.10488219425838895;0.10378614139167422;0.10234673109075605;0.10070951274327286;0.09964238664484215;0.09763243183311224;0.09740174323833015;0.09628653524685087;0.09606268247708288;0.09225320988896155;0.09180936454050993;0.09061359700446031;0.08897400894272268;0.08751816076340072;0.0864028051833212;0.08461989908606887;0.084273846060159;0.0812948743098831;0.08048568727941914;0.07891844778555215;0.07862317907884385;0.07676092940561347;0.07472191433116317;0.07443985496381175;0.07380863176269131;0.07085255347067848;0.06899253979909804;0.06835360835515143;0.06740115397802346;0.06635551101386845;0.06537785935355134;0.0645783268788689;0.06258939147614458;0.06098821088301743;0.06084984500350924;0.05967340808858284;0.05918430745346143;0.05810235492931249;0.05718382208663876;0.05605499810209531;0.054355688234417845;0.05361477974161989;0.05052197064407133;0.04927939749690505;0.0476677121635779;0.04698664615253273;0.04584336418805655;0.04491859060230199;0.044014705052842995;0.041643502335916266;0.04106726714144972;0.04068356086269036;0.039967605248016326;0.038715849225106395;0.03813206904376046;0.03593124598533871;0.03566271209611626;0.034544906590659646;0.03330051451809428;0.031924949471484484;0.031164145122320963;0.029883923458614525;0.028150978442097317;0.027602448254395357;0.02683226007651702;0.026176835194520624;0.024538607176393966;0.02235695265874335;0.021214782254078964;0.019609669680799788;0.018194380174760015;0.01653745798793466;0.01622726652549722;0.0156564590449469;0.013829505833567934;0.012093864430067118;0.011888325160417846;0.010622681458507572;0.009177065686296847;0.0075649361446364525;0.006279857120936909;0.005746098951849935;0.004859503590028545;0.0029951946385386114;0.0016486741072745746;0.0009280557470180519;0.0;
00280;1.0;0.4374158039530503;0.41545651205488554;0.40163237198874274;0.3951225978251501;0.38377340418805755;0.37536117631265975;0.3673881006580514;0.3609204794744985;0.35709941256542516;0.3480476049011808;0.3412100249704373;0.33573625837218324;0.33336277503305417;0.3264801403574959;0.3248163987554932;0.31953223646499623;0.31699381466211324;0.3095301026146888;0.3074974784064767;0.30335206055051855;0.29878455696739575;0.2961951140701803;0.2938615323763718;0.29076285321427947;0.2855898636613585;0.2835889427809176;0.2790225090914477;0.2781972380146201;0.2740960095323922;0.27135137104118107;0.27051626232678133;0.26782291911765405;0.2658968914637904;0.2624306183756324;0.25885095858543655;0.2560338092882885;0.2525840432202701;0.2495284256643284;0.24807904133731898;0.2472744581500544;0.24209575499448902;0.23935728484433877;0.2366815955805533;0.2347694471281565;0.2306504467336581;0.22981472788063334;0.224790455000092;0.2232880174511978;0.22159918904445833;0.2199097167619689;0.2195306697306522;0.2168077840990354;0.21355411810469851;0.21136294486248805;0.21045163785863488;0.2083783853502663;0.20588045503793842;0.20396326001212084;0.2013982384297746;0.20007323399761306;0.19649127753819326;0.19453384367238394;0.19320116648796234;0.19080512375451886;0.18971113576612614;0.1856562675631488;0.18520234605300837;0.18370664525952396;0.18214005366906344;0.17986518886928196;0.17806675904779626;0.17466861655584126;0.17252308275673425;0.17192764386935352;0.1717759441066142;0.16936987060101735;0.16795955718311334;0.16424228583292308;0.16299334011213418;0.1604144606568399;0.15934908909305073;0.1568046358826558;0.15588700070815895;0.15472583288812436;0.15274127023990053;0.15113082909185283;0.15064927283580812;0.14773468493741115;0.1467356556001344;0.14550031614469672;0.14413764288210193;0.1427405661654478;0.1399762483530119;0.13827495552030264;0.13623021961361187;0.13515446807983839;0.13440958796635208;0.13283351968623677;0.13199605720461557;0.13147519052513357;0.1284788215619171;0.1268197571883013;0.1249649189277487;0.12286687311399912;0.12217311346409677;0.11996052695215449;0.11792764493173666;0.11759812951540642;0.11476950609577058;0.11329059444832919;0.11294645323730251;0.11182327735294191;0.1096992697012185;0.10871488707874906;0.10526227161209845;0.10468379946929898;0.10324310709281881;0.10206998842036903;0.10094971314433553;0.09935247123051417;0.09728818517942045;0.09567361563122447;0.09333282683145133;0.09274283928976751;0.0920501022337926;0.08918238722504811;0.08845357977260641;0.08639373613796576;0.08589337479586896;0.08519668354834094;0.08414440257354294;0.08144474576850774;0.08058709723735809;0.07905468216908221;0.07608484291346052;0.07544788749027595;0.07411167037824501;0.073058581868601;0.07244257753104563;0.07028628109267018;0.06921666149292961;0.06686220475549556;0.06602513865178744;0.06523787277780292;0.06423360105490185;0.06316802669527485;0.0619515519948915;0.06075091591170985;0.05940489996332421;0.058618992698011074;0.056874889357002106;0.05464112881887464;0.053911673451959755;0.052595925311962055;0.051091800915997125;0.050722904765367165;0.050211220908291644;0.04790047591312689;0.04742531338649204;0.04707186119877381;0.04596508495945281;0.04469149572627515;0.043549734750115136;0.0429803632458088;0.04028386468511468;0.03918665889871584;0.03848426272174586;0.037038515499334825;0.03611908816217486;0.034547901934154975;0.03399350250413661;0.0331027064874944;0.031163273148319244;0.03063743655156044;0.029636985953957334;0.02786730563750789;0.02699382951766058;0.024870131252043425;0.024119717694338825;0.023508514003138775;0.022493804454484713;0.021407690799734362;0.0203557832608454;0.01892401669970538;0.01767653174304085;0.01586814461080757;0.014224984005094057;0.012453111761866253;0.012330348835048554;0.009873838142719683;0.009053261149047859;0.008076916593896333;0.006733499092231192;0.0057381801171221295;0.004050416515322093;0.0023144857697498834;0.0018518922895100272;0.00035110986811808746;0.0;
00340;1.0;0.44906185876183385;0.4239350975549236;0.4021948906859382;0.3934922044156302;0.38080221602847547;0.3765301258016583;0.373119666769677;0.36867497478365635;0.3660598976656289;0.36015657808919893;0.3552516119717076;0.34953732701179974;0.34645414934996127;0.3444092293403382;0.340016034028138;0.3336676383154375;0.3261157790219331;0.32405878356947787;0.3229137188603461;0.3110145296675028;0.3090819338376735;0.3074817277059437;0.30105991140138505;0.297970639974178;0.2967674995111557;0.29325233503595927;0.2918066512376855;0.2841831501117154;0.28289341364150955;0.2806050288545035;0.2760704028663943;0.27398741047905983;0.2720435595038992;0.2694418673001293;0.26679901495493913;0.26118258358379903;0.2598254577974248;0.25760483618411895;0.25468034654290955;0.2509697198441966;0.2486960624646476;0.2465861977089371;0.24540660861910402;0.24267643905182854;0.2396860980120809;0.23689098500038955;0.2355138405590421;0.2335973851897528;0.23007938291774152;0.22862557721417032;0.22612966791485486;0.22122237434452888;0.21875934840018418;0.21631076220570933;0.215448145826992;0.2141562355248629;0.21205585968523552;0.20965448694459915;0.2078662023621385;0.2050526044900404;0.20267831249646748;0.20077014797438644;0.19868257045913337;0.19721025383147422;0.1962786793372308;0.19428660002059508;0.1920879369428885;0.19070559659936054;0.18747014059592398;0.18666676766716722;0.18355772306086965;0.18249296605323678;0.18126510857918407;0.1798028173305195;0.1769383316301346;0.17356422818195497;0.17231768950366977;0.1712740656622376;0.16969127105475848;0.1685379815831638;0.166179968084702;0.16388339099796143;0.1631317501563098;0.16179440758005412;0.15989740619929918;0.15768846493690672;0.1565072661704479;0.15351221722350453;0.15236649762362947;0.15166580552813394;0.1487028951375159;0.14703030657066962;0.1456334077645457;0.14484402669482788;0.14300783304193063;0.14177308403589922;0.14058262512274342;0.13821608373027597;0.13735480929550897;0.1361300931591578;0.13368635561341682;0.13003176380023138;0.12910769507944364;0.12722814269536792;0.1265218547767527;0.12459196653284581;0.12278558698039936;0.12033981309896061;0.11889674507295968;0.11627719309993541;0.11481499133034836;0.1132092833664082;0.10970104327688485;0.10895268173865325;0.10786364685224065;0.1068856406578809;0.10543794266999608;0.1049104474732895;0.10366049607772636;0.10200083541553635;0.10064839406954873;0.09722161513882083;0.09679228850350921;0.09516832074254522;0.09476593790696157;0.09263260745448743;0.09128410595150788;0.09033085915949632;0.08841647208480287;0.08757184214282002;0.08684298447679892;0.08629391667609046;0.08385696318470011;0.0815489372274505;0.0797136442888171;0.07888254601056682;0.078086033509844;0.07581845018476419;0.07510679888529828;0.07275484485330233;0.07210775377154463;0.07079245391228531;0.07029195784473283;0.06934077297497623;0.06721589050171184;0.06580529774345611;0.06459786349980527;0.06294684282109701;0.06215557635123438;0.06155445249214061;0.059377110743608436;0.057540778273274924;0.05632833273503097;0.0548219423304235;0.05348231943373042;0.052063473914097665;0.050439758283774845;0.04864390211289213;0.04842703534449503;0.04550085440589143;0.044937765085532766;0.04475770414787212;0.04279329850181556;0.04169850094657024;0.040665209775639075;0.038882661391699797;0.036513960925628954;0.03631735783952674;0.03510636424587394;0.03397555037097256;0.03246515899468644;0.0313162760061122;0.02982241853084039;0.029773091242389964;0.028150387506167225;0.027708517592877287;0.02627167631188654;0.024400032621457162;0.02372411012701129;0.02298138880612225;0.021453164849487543;0.019501168048412246;0.017826972497727855;0.01727653746357247;0.016176287641335253;0.01491326694828716;0.014045637793878518;0.012657075708617231;0.011588386829049025;0.010513058297180028;0.008552240195730483;0.008035356596327642;0.006766677783074529;0.00587370967863112;0.00463468900460498;0.003557669806395211;0.0023388721128957913;0.0001266671874823794;0.0;
00400;1.0;0.4425603001115968;0.43099120230103305;0.4209985306616991;0.4023062675290861;0.3974520117615742;0.3908658535701371;0.38780480114513577;0.3759473975331567;0.36815430354568157;0.364334290608783;0.36046587516638956;0.3576958155078363;0.3538053449589446;0.3468263858708848;0.33960971900461606;0.33691598235066317;0.33470047758101384;0.3293334782581652;0.3288472208118368;0.32482274189844407;0.31828066857796783;0.31581214658637924;0.3120942478622577;0.30668058493385997;0.30551778444266126;0.3022716442266202;0.30122295612268896;0.2980831465040687;0.29323076905726686;0.2881524105908688;0.2880085839996587;0.2852058611208058;0.2791864301962634;0.27713009095092506;0.2747263341686536;0.27103153909831257;0.26852703224079877;0.2663199399305801;0.2643710227183461;0.2611744881115118;0.2582986998712041;0.2552852034473459;0.2512792785754016;0.2469742647305453;0.24633005518031717;0.2449361839481104;0.2411642858750031;0.24091368105273747;0.23617364161941057;0.23434504419712043;0.23301767525847128;0.2304790284348544;0.22824082250759573;0.2277107713744521;0.22395623475573292;0.22143336967217062;0.22034465897709501;0.21795578430477272;0.21447587152936512;0.21422083264039232;0.21292780340517775;0.2086322947480388;0.20768560971793198;0.20486426519215814;0.20228919844446985;0.20139084965126222;0.1990761499037709;0.19707418311200764;0.19489176047417942;0.19152253319421733;0.19031360071410452;0.1893231683195107;0.1871659728489476;0.18591369873262392;0.1839496030304125;0.18074485399573992;0.17623874575378173;0.17519667698195446;0.17428968647765056;0.17229860468590183;0.17025895646315378;0.16830250390361817;0.1681011828279451;0.1660949066917604;0.1643234527616285;0.16306263704313853;0.16073610089739254;0.1604771024473406;0.1586060113042466;0.15538679238966843;0.15356856697879678;0.15312518471960251;0.15097796288365112;0.14993550861744273;0.14841717056508724;0.14647087786289434;0.14529401939450134;0.14317954342357847;0.14117997354497186;0.13968857294944856;0.13836416259877465;0.13735655469503677;0.1349211389126592;0.13356273399868776;0.13257743915064119;0.13049394749099244;0.12670385432299525;0.12489250727749886;0.123393928945646;0.12179456987355301;0.1208309788605679;0.11924999342991698;0.11706866361915079;0.11526025801543724;0.11316025511254522;0.11174818331461457;0.11069044599682355;0.10897780368710838;0.10651022132026917;0.10621687884243419;0.10254362194318214;0.10236148759975158;0.10099743125025881;0.10046042608657232;0.09978709341509584;0.0968989368585305;0.09560968579948648;0.0930184773859002;0.09149091599724977;0.09069598693829292;0.09014147609936936;0.08792982908327471;0.08692566927867745;0.08634948476636405;0.08503836515228175;0.08428004345137469;0.0818216194916857;0.08126025661709677;0.08052811307121176;0.07844706594185394;0.07688046805975164;0.07505465174573724;0.07478728820486319;0.07189635349115266;0.07094297628525044;0.06943784077488468;0.0685067421392014;0.06669867205195691;0.06440941833864841;0.0634756363388757;0.06252322339400172;0.0604107950967212;0.05876799749340228;0.057293683299487475;0.055819921327265896;0.054967557056877815;0.05441165714328433;0.052407586915685075;0.0516287162446353;0.05063020340382824;0.049741662371274954;0.04814250451204331;0.04692776304294685;0.04613940173133194;0.04499056136366526;0.04376604488357749;0.04125905993125008;0.040119190573578906;0.03817557967208811;0.037213756274789817;0.035452972257209156;0.03450029553699974;0.03383831223857418;0.0323223873477611;0.03220167588370382;0.03103732883063683;0.028941062925686552;0.02660152322989255;0.02480219727998513;0.02377274332672884;0.02308369507480629;0.021663881289749165;0.021354691244068538;0.02008972252137663;0.018692674392126168;0.017763784005966888;0.015061715603661796;0.014698434781804735;0.013633807428933319;0.012688312216734743;0.01124792768169023;0.010658020169579108;0.009143896347788085;0.007200678428631891;0.006059221385476608;0.005120228519434314;0.0023428222943021495;0.0016623807130313913;0.0;
00460;1.0;0.4744793695232479;0.45784817642798514;0.4368932875147063;0.41765026917847886;0.4105156078979662;0.4027753930306586;0.3976779713031278;0.39194243775634574;0.38580580407205906;0.3780211675523924;0.3751899497561199;0.3711841591777571;0.36685762602548944;0.3623498280571536;0.35194222441830864;0.34723270784419613;0.3408728569492052;0.33536100565898963;0.33413879304397565;0.3282212046797157;0.32572865766177705;0.323860525430574;0.322544074510775;0.31609108054990726;0.3147957730833824;0.31204351755608706;0.30636240734687625;0.3047886934241956;0.30189974716175455;0.297832218646484;0.2946402222698871;0.2903728250041672;0.2879309676410218;0.28504001883134955;0.27752441591493765;0.27387146663853745;0.27215874269441703;0.26933876048947136;0.26796588453834547;0.2651468653081051;0.26086442099196167;0.258122238387836;0.25530327280480086;0.25348339513179435;0.24951192184941998;0.24809919791555274;0.24313796990355538;0.24229795683629735;0.2409952637418614;0.2363632984684825;0.2353071386683686;0.23493499725390793;0.23327272898737456;0.23037411878826647;0.22809750482210206;0.22585620727177871;0.22329710449971185;0.2186205312523099;0.21688238145174765;0.2157957192552293;0.2138234654837536;0.21110972381308432;0.2082471192330061;0.20613225531348925;0.20403632150317186;0.20242587809744908;0.2004525934367429;0.19878143168378232;0.19744491217742566;0.19446198744731544;0.1920827137634576;0.19070720149120915;0.18746971560134382;0.1869051927543481;0.1824418376548747;0.18075285123958318;0.17879138789442467;0.17786508375786333;0.17316179842552745;0.17071070787202683;0.1697396957836815;0.1687536696980693;0.1683147720327619;0.16673672664865968;0.1642000721492134;0.16130232253310714;0.16075241234342755;0.15925536605883758;0.15867009101196192;0.1560522457020299;0.15253170033590718;0.15142374372121503;0.1503399459702312;0.14808550543470475;0.14709215480243054;0.14422903966352923;0.14139705582322745;0.14068556582769548;0.1386085239137117;0.1369083675873381;0.136415314171562;0.13436735966935134;0.1336788490937964;0.1326391229677975;0.1310226923219881;0.1298861622486432;0.12851008022684934;0.1256314136349182;0.1248231402513478;0.12414657854752553;0.1224302427723452;0.12138029989093509;0.11831729551278043;0.116105320940812;0.11513563707003263;0.11388803525323873;0.11322067092343407;0.11154264892211375;0.11043112621151864;0.1087701165982867;0.10777330231840875;0.10533069670541811;0.10362785838584353;0.1029953745946746;0.0992723043126443;0.09764730715073454;0.09634563776123817;0.09602449271966298;0.09349793519984244;0.09267977343047865;0.0907627642488137;0.08757795057787053;0.0872968796466155;0.0862908049410419;0.08434454506294264;0.08241518024955673;0.08113789139609795;0.08000434972366066;0.0795911751215119;0.07739344112507586;0.07656830038490421;0.07612558995823016;0.07352346201736147;0.07228858047843928;0.07095426396667784;0.0697722696079878;0.06850931139669496;0.06757086591363311;0.06585434299676811;0.06333302638168853;0.062721735069715;0.0606089300610038;0.059378942722356574;0.05797828586875467;0.0553710912828067;0.054470937461300724;0.05230466369443396;0.051832637563958936;0.050514119271571;0.04893220451217664;0.04701292848493289;0.046549314551862994;0.04376661782803624;0.04293342864734028;0.0423069598848211;0.04087685372281885;0.03978362820120528;0.03871260883196307;0.03824070543444232;0.036447172891666;0.036106546382039466;0.03361947027436224;0.03258667780807053;0.032064293405500315;0.0308868811703396;0.02908278262909126;0.028027572217604855;0.026433858073309394;0.02537456311547258;0.024321505229478714;0.02379047959873162;0.02063411618018463;0.019860071908838702;0.017854739423234022;0.017390673419462675;0.015840847421393973;0.014928668368443317;0.01386871291232727;0.012521017658415474;0.010835637012961542;0.010400079393864625;0.01002074672257366;0.008543044301398642;0.007019145300364191;0.0061162030736702806;0.00520291956129021;0.0032005278074496487;0.002647729655853389;0.0;
00520;1.0;0.4975249652902299;0.4529087434357597;0.44931361822442906;0.43408547269785513;0.4230379877528556;0.42031236763891416;0.40809634878811285;0.39672264319274725;0.38926147400548106;0.38388729914161274;0.3830145123504256;0.37061954411371834;0.36602759904691734;0.3593994983017975;0.3568494575988016;0.35020002054734517;0.3470331009372832;0.3438398283045983;0.34015999760062;0.33764603366612;0.3340385518093356;0.3258265818298323;0.3235320991083816;0.31961079871690684;0.31807373761395846;0.3155183163816082;0.3134015873178799;0.3112558386252869;0.3049540107000204;0.301688139541482;0.29801076227730566;0.29260823756908033;0.29212781086327033;0.28938938144401977;0.28495331754483505;0.2837630946984338;0.2797820162105123;0.2777741506891563;0.2753349878091491;0.2725757063849379;0.26409316681964684;0.263330587312859;0.26061739853846394;0.26007986377235487;0.25636317044253226;0.2530713026584737;0.25024881599144894;0.24795534881932918;0.24532683648315354;0.24433837618152648;0.24058688417288193;0.23718888967412202;0.233419594599342;0.23096262978431695;0.22731322205869697;0.2247661991636861;0.2227072089060287;0.22046553080125814;0.21856935420782655;0.21675900784608731;0.21432296091753436;0.21146699401322108;0.20930128037736248;0.20851702124847066;0.20717279526669427;0.2046309512206;0.20315087604917115;0.20176074443919026;0.19928112290524058;0.196516362427078;0.1928437655554558;0.19055140952810395;0.18913779031394762;0.1870291114266012;0.1864585018658591;0.18365785413071747;0.18088199756540435;0.1794169454671338;0.1755254442915643;0.17480610539396677;0.17329387987613723;0.17203551125480854;0.16656063659153003;0.16486368456876455;0.1642936173762503;0.1630974657541835;0.1603469675507549;0.15750038714505643;0.15725823217200197;0.15479723617511434;0.15253310986225294;0.14909861201170363;0.14858855745708655;0.14699117373971937;0.14479069907648004;0.1425980831238532;0.1419695292274172;0.14025461559250846;0.13866851371499567;0.13792143827964443;0.135837923465078;0.1329919904616307;0.13161884828073453;0.13090258298952043;0.12878724029662078;0.12701518726884747;0.1259176530828444;0.12462163300398071;0.12365029414176973;0.12253804392428842;0.12106702846520541;0.11911613099555252;0.11699878183507671;0.11448683020106075;0.1138808042743705;0.11098424767724174;0.10919331003836645;0.10872470100052344;0.10743253209167879;0.10579274752821283;0.10519136730365652;0.10439251897333145;0.10251336117967395;0.0996613343806984;0.09709162687466083;0.0967231358782006;0.09440039604185624;0.09249424317759426;0.0910834868298481;0.08866061816667152;0.08794231120991187;0.08754800104594981;0.08497900941136298;0.08360643724135729;0.08285705695285352;0.08073786533335206;0.07900400212296096;0.07745246199645212;0.07691364669259018;0.07589150667393599;0.07518081901523235;0.07441607792409805;0.07147301915204993;0.07003283719175808;0.06812283544433097;0.06799020846196477;0.0659586372165694;0.06479775127986798;0.06397754176374916;0.06285183187034997;0.061428606167558235;0.06110256887257031;0.058496577206106674;0.057830805784487925;0.05635756146325778;0.05412257562056731;0.05291605232879691;0.05073429995501229;0.04848090096096656;0.04808753222082605;0.0475978583424594;0.04578372646728557;0.04489274658245156;0.04344220055553277;0.04227379800227718;0.041463424415149885;0.04002044133568505;0.039091566654154246;0.0377013224068362;0.03604934059959504;0.03344930598098312;0.032116880412457555;0.031937754325920185;0.02989208469714172;0.02839359658156326;0.027461990751417018;0.025218799727604557;0.02496031729176532;0.023763491052790072;0.022250498830476213;0.02128638880291936;0.019697838970776888;0.018025394434214376;0.017398885437675815;0.01465446148984889;0.014369565302725684;0.013636366861909855;0.012547033852887428;0.011795316141886721;0.009919184784614768;0.007236124535775512;0.006782738423924515;0.006396503455883612;0.004342378365457787;0.003383736493441519;0.0026756191458526556;0.0020289521342574408;0.0015396960798373107;0.0;
00580;1.0;0.47153587627306126;0.46335169470068494;0.4556084616366187;0.44848499682117443;0.43852773429225966;0.4320468837492218;0.4273778458941136;0.4212981055097521;0.41145204951015474;0.40561351314144817;0.3907723037798457;0.3848073111098773;0.3779030237260996;0.3749973873163682;0.37001393516752507;0.3636619746103697;0.3585022289632802;0.3548978709778488;0.35138933092218455;0.34930655861458615;0.34022558175509326;0.3336417202839086;0.33142739039568936;0.3239354257943795;0.3233570434393484;0.3199320131242939;0.3172361114725591;0.3116377549632434;0.31005107500656764;0.30944466236697854;0.30491561071337303;0.30242090777926955;0.3005292056163355;0.2999018864889723;0.29291602075413925;0.2900667752014772;0.288092282997073;0.28472399517738434;0.2832445943130226;0.27998927473381524;0.2774626571240233;0.2739025628650984;0.2710666761434127;0.26938194621314204;0.2645253263796057;0.26291793739041186;0.26255095920677995;0.2587911102698486;0.25380593484489034;0.251167248578001;0.24778419287385048;0.24592902566429692;0.24407561973549113;0.24290360968122757;0.23982125261819137;0.2386376974907888;0.23459546221598793;0.2341538694853264;0.22909756539792694;0.22819358807148596;0.22638450107596478;0.2247122860183354;0.22125066612838504;0.2187052736767903;0.21804887252494665;0.2153200453886012;0.21190612981309484;0.20998542069340909;0.20861712906943963;0.20728963270821893;0.20648927746773255;0.20165550798883675;0.19924063335066966;0.1967544725536376;0.1929392968660015;0.19109232602936263;0.19006749640060933;0.18879979913590053;0.18728278703492604;0.18441450865055592;0.18308226469686673;0.18173520676536506;0.17856037594034926;0.1770514221433986;0.175139649059303;0.17269901813142202;0.17102915928321039;0.1696759431818602;0.16871358048483226;0.16683343863305802;0.1659041982894031;0.1627152550526096;0.1617989795209481;0.16141327252627885;0.15716690144843784;0.1551543997974555;0.15491299359180738;0.15290620237181343;0.15010735029346284;0.147833748607441;0.1464591736574544;0.14345917297974053;0.14192019528694244;0.14096188693251183;0.13842556721064558;0.13716174629736216;0.13478950528873324;0.13313517428558147;0.13155880711286252;0.12745666967267721;0.12601776384691576;0.12501316488091335;0.12409953109375825;0.12170348321031682;0.12027280228030669;0.11793257899675415;0.1174008237504045;0.11398054813262158;0.11275118415115422;0.11181824051418174;0.11075690178162652;0.1095003134423548;0.10861303175839207;0.1063861932424222;0.10502366725864867;0.10326301444227676;0.10167376326172604;0.09860442177949266;0.09778759244432186;0.0970652879816675;0.09439431916244144;0.09338161724034315;0.09031552484617193;0.08957064100802682;0.08805369633551301;0.08668322864454976;0.08519321523185076;0.084805081679778;0.08337675897978547;0.08186629591294656;0.08139841497578976;0.07839657399128311;0.07569124817322921;0.07359993034933499;0.07298525544501216;0.07240762543819608;0.07103844265429643;0.0680385350542095;0.06630643016675747;0.0651186658444612;0.06464391706999177;0.06266409422944849;0.06027054199787526;0.060189181847938415;0.059222675566524184;0.05892511190188261;0.05633692416601237;0.053914273833558214;0.05329118055122048;0.0525340482183516;0.05001960885199713;0.04944284609203813;0.04824605132897687;0.04650315545018963;0.045680015511133536;0.04449137773020277;0.04207888070565678;0.041358279229345304;0.03930217751251218;0.0384101164725835;0.037287558644649;0.035216679766776025;0.034690395294126986;0.032707406854515605;0.030604205877064288;0.029725869996324553;0.02939581516530228;0.027757602775251067;0.027598543927512105;0.025095212372213984;0.024556735912000974;0.02244375520434497;0.022311573352231367;0.02039430704621097;0.017754973445114775;0.01692839446246969;0.015195421498121489;0.014192236198869532;0.013096012706755183;0.011952834667538227;0.009612051067626888;0.009140241898778736;0.00802497224617792;0.006575333247493136;0.005257356863172602;0.00402980873305311;0.0021157819172419098;0.0007078357950311986;0.0;
00640;1.0;0.5103391551652633;0.4878302765106508;0.48033474641404356;0.44844556981150374;0.43819940813083585;0.43418736146101533;0.41753347296606136;0.40967777783127485;0.40437792419871005;0.3966758285127126;0.3950434051047562;0.3892857711613002;0.3840886588155542;0.380807461578242;0.36887343780533227;0.3665012044915456;0.3564191352182624;0.3523409959629574;0.3483622584346232;0.34603300021217864;0.339918279778109;0.3386285708792382;0.3351207035767118;0.33152812732326464;0.3307078887201598;0.32560130612139687;0.32149683564238835;0.3130340348257268;0.3117808830750541;0.3080812519487536;0.3026823272870213;0.30173507346650297;0.30003945929172054;0.2985108232751728;0.29488655082308485;0.2915316664353702;0.28699044781758215;0.2828141252404533;0.27922303953694017;0.275017998521573;0.2725070691166719;0.2696783923346518;0.2675504163200013;0.26711081253418;0.262874311293057;0.2589762428354533;0.25742035617339315;0.25441270372544167;0.25346720283855034;0.2527964171385751;0.2469289938908772;0.2423742750981658;0.23944961525013964;0.23843617655557806;0.23532138253926707;0.23363335907293656;0.23202442030287374;0.22947282620199708;0.22823516895830417;0.22549726786756688;0.22101371054698507;0.2189494700820648;0.21616021854257067;0.21267114483143199;0.21124462227111193;0.20973082964238995;0.2092352304271638;0.20754818035586597;0.20580456937576472;0.2033234029690311;0.20152534275069064;0.19884839633253906;0.19801738448616052;0.1961999351252793;0.19332725023783892;0.19120496946273946;0.18747100227192823;0.18677551496026334;0.18386965410475756;0.18133537595207183;0.17873161158620485;0.17772738926010612;0.17619936205737158;0.17388079126176345;0.17159089377216302;0.1709254163965908;0.1668497531414634;0.16506395402576451;0.16317981695690542;0.16220530341251535;0.16193071131207915;0.1593879356302169;0.15665251110483625;0.15608453742282746;0.15307682115889973;0.14958297864610318;0.1490084523769674;0.14814020173120912;0.1452687026994675;0.14309585290175142;0.1417991339342894;0.13946514982516117;0.13890261269223417;0.13823324901638126;0.1374128691962762;0.13439109371483887;0.13361027029747968;0.13297868927419124;0.13052176153994316;0.1275291971529984;0.12565056906607533;0.12390533866713771;0.12291772547870551;0.12259668250435309;0.1187287851202323;0.11723969118768644;0.11666446323847326;0.11552482098293446;0.1148332204792643;0.11402972774899225;0.11084094962974456;0.10933395245899945;0.10744685204592007;0.10694670275402321;0.10455021066809762;0.1027873699404073;0.10108454901293262;0.09940740541309245;0.09868917733368852;0.09584346751513387;0.09501472073032975;0.09470515874682796;0.09315397908846614;0.08968526861532583;0.08648617929952539;0.08581232741054849;0.08479094467311246;0.08351503433204223;0.08252543951924764;0.08187880392206993;0.0802876692301547;0.07947129487725246;0.07873889513144253;0.07390686103973293;0.07352355965984582;0.07287924124070735;0.07155947999047087;0.07065240797808119;0.06930154567418834;0.06719780293069676;0.06587273878282325;0.06388515485933796;0.06247733839591828;0.06141391589913135;0.06005310608755745;0.058607642723996475;0.056793088176671766;0.05526641862579264;0.053203925101231904;0.05242765739039598;0.05213161464048391;0.04896086233689239;0.048511898917070036;0.04732548769500717;0.046289091128064896;0.043789717534539;0.04342982246364168;0.040431260799805496;0.039969217099130004;0.03866440178061363;0.03672797290009171;0.03561219274376742;0.03533956894248793;0.0316316173803333;0.031215542528467446;0.030341192823489765;0.028986306977478404;0.027995344579980805;0.026219271602144625;0.024231591305854235;0.022554618495139216;0.0220395367446173;0.019776383110254116;0.017860132321990966;0.01737109861855158;0.016739647635786642;0.015005206550152543;0.013983294708648513;0.011606865085093595;0.011010891728515318;0.01025919345234007;0.009471559239054801;0.007592402812646288;0.006874101331023714;0.00477705702845485;0.0036000278957468252;0.0024214789384682904;0.0017556565656812618;0.0;
00700;1.0;0.4962090894273236;0.47186755091152033;0.46379113019476953;0.45358139822233245;0.4383834980153947;0.42953715750661914;0.4190851384637264;0.41644786003928796;0.4045675220610255;0.3988582202907876;0.39086365792669975;0.3852938106571259;0.3810495068732973;0.37819613351197134;0.3707125713413872;0.3690145773762636;0.3637615976300482;0.35812725914446614;0.3548890550881415;0.35246346615140606;0.34802858105108453;0.3414985159521586;0.3374388611966327;0.3370797271313011;0.3307982992243308;0.3250654952392446;0.3216922781768783;0.3215131241560132;0.3190956479893762;0.31217156242907595;0.310999587771199;0.3095800192943153;0.3073344607397881;0.30355152315817985;0.298898812060847;0.2975001053481439;0.2965670489698148;0.2886270909229435;0.2853490814778879;0.2838897138889294;0.27997883152847886;0.2771205514497445;0.27317029418486;0.2689803503742038;0.2684200506612184;0.26447297180970925;0.26148608532010853;0.25814049586637344;0.25639322888843064;0.25573532244187913;0.25405481842734484;0.24816841441808313;0.24749686044272837;0.24469541098072234;0.24251781829152536;0.24100607917295774;0.23568008147957284;0.2353487363192987;0.2315252465628858;0.22914784410913613;0.2257959501738436;0.22495748352153752;0.22111024169365992;0.2177214641426695;0.21574631506139968;0.21377257526665247;0.21252122295959122;0.2106612134396486;0.20919315422036908;0.20891621409287375;0.20616091275116058;0.2027177049643554;0.20194881454714805;0.19998836787840293;0.1966719414040709;0.19461920907730998;0.19418924578293933;0.1935045643642023;0.19121947632183015;0.18817764791127697;0.18725438010913648;0.18493297103458675;0.18413113589658972;0.18299575545474286;0.1787440894834892;0.176094992372737;0.1714849123709305;0.17039018304956483;0.16878671745194457;0.16757945093712534;0.16681839138405774;0.1648124358153995;0.16283070174584507;0.16018386879070867;0.1584905270292851;0.15819583922793712;0.1565986565860454;0.1547547291371723;0.1533502358540932;0.15160123098717304;0.14802908892785147;0.1473268948651327;0.14680025258316162;0.1442610803348429;0.14256222440981603;0.14099365364324185;0.13825855320748706;0.13707447779581752;0.13248205240104743;0.13201098917336646;0.12943533521140735;0.12763241164162384;0.1265687141416125;0.1241407679737307;0.12261322103628162;0.12172564475173415;0.1205215191627928;0.12035748423396808;0.1165450151764464;0.11428613379720567;0.11315622490692011;0.1115754378383337;0.10982354620046646;0.10829834057666904;0.10751572122519192;0.10586802987141294;0.10561251079786005;0.10363768603804503;0.10287533732838001;0.10021499968491132;0.09824456847543647;0.09685734159036587;0.0945979930311652;0.09339773344353705;0.09037700831348917;0.08846250660312915;0.0874054972973736;0.08576617104304003;0.08543785184916587;0.08309192442973576;0.08059471127710441;0.07979479669971054;0.07916101851490225;0.07827570417755027;0.07709294396851968;0.07658952294425977;0.0743303481223037;0.07334893888515283;0.07205182704611159;0.07048963513860852;0.06901298308187309;0.06815559971195831;0.067020826897541;0.06473507591735508;0.06305031080394918;0.06235047977039002;0.06048961494625009;0.05891063169263194;0.057482114328826286;0.05600984798633164;0.053103416597827774;0.05148366112687036;0.050541689129695096;0.049685141726607075;0.04769471776112067;0.04720802797967737;0.046059864376417826;0.044944159501220396;0.04350248632813494;0.04087767109316911;0.039108984458207506;0.03741594855956202;0.035739116027808195;0.03483018262903169;0.03344773102553401;0.03168264440180503;0.030645859246136855;0.02987873146432507;0.029319569764628944;0.02633457883425926;0.02516944188843794;0.022521844057783853;0.022201879274071006;0.021607431776762647;0.01966342358644569;0.018458623239502685;0.016847460594263123;0.01569012921089577;0.013589343885257954;0.012670270213409236;0.01053065265975199;0.009944850309787713;0.007190480739561912;0.006361476250203355;0.005294904698112444;0.003602206309570449;0.0023825764622933906;0.0008815396596435662;0.0;
00760;1.0;0.5267187592252357;0.503616845045961;0.4611797135507454;0.45369684814856515;0.43740423150139335;0.4313490123556289;0.42962418123175344;0.4229534168628972;0.417445841158469;0.41006633806369625;0.4090473831194925;0.3894562705879204;0.38068853910455597;0.3729126398933453;0.3689217289743504;0.36300974656863894;0.3601683004438338;0.35403741661025234;0.3507695410782577;0.3480642269478554;0.34293059858601865;0.33977680729460036;0.3363754214303674;0.33078390416031417;0.32974006537813516;0.32491980610507626;0.3238501689847654;0.31648803634224604;0.3116354677603401;0.3109579513505137;0.3084267142524097;0.3025577431110906;0.2983715425973528;0.29721608059408855;0.2939058013834217;0.2910692208257705;0.2884796542725735;0.2861612286284174;0.2839241222966505;0.2804014243071902;0.27920117596560917;0.27373489045918914;0.27267891129892324;0.2711180835400602;0.26928920584562066;0.2671248363083652;0.2652517827004997;0.25945268694870405;0.2575386454109865;0.2547245394473509;0.25185085986826017;0.24917131040038426;0.24744953087723734;0.24385224761145818;0.24203820183245905;0.2405773947202395;0.23963964737588644;0.23635235058732615;0.23336486351921196;0.23315161243803204;0.23044093418748915;0.22515663645629788;0.22323998270043266;0.21998850871392725;0.21712508662824723;0.2156940527845735;0.21449995802578853;0.212037534098893;0.21038783464448985;0.2094205118516977;0.20587846982267932;0.20564326134312452;0.2042982326597513;0.2016020941671656;0.19688810055383335;0.1939096623438161;0.1933919177862903;0.19066603186261824;0.1886580304992875;0.18717173681451177;0.18576051783887543;0.18219359193478887;0.18155067992155835;0.17861706232327737;0.1757905900742926;0.1755846352997287;0.1742406120892047;0.1734453906749502;0.1721860141909424;0.16609687486653915;0.16346504852945956;0.16241272165244677;0.16135889251803304;0.158622217292637;0.15697808290727727;0.15578257223145772;0.15501273531354295;0.1523052813036734;0.15067249803307795;0.14989382743916824;0.1488664631601159;0.14765754939529993;0.1473647758371436;0.14264826351435075;0.14172529677945894;0.1399124419029358;0.137691854051805;0.13557847034854725;0.13497363857989983;0.13220789154780774;0.1309674021534296;0.1280550503476229;0.12687155888847423;0.12441656354701716;0.12131910641172038;0.11937819272111094;0.1173586024971743;0.11553832043854183;0.11406265866234823;0.11337065212106964;0.11092964207771401;0.10963098214302579;0.10928457075614073;0.10792763200841453;0.10578451474782898;0.10273346731297418;0.10032547855954543;0.09974167855651243;0.0982651692911418;0.09754826718368995;0.09523880371110917;0.09436045198005348;0.09325195393986939;0.09202042419032269;0.09004086866403564;0.0895857720680818;0.08747547897366738;0.0865287096816931;0.08489919395361945;0.08269014126976378;0.08212059768743457;0.08094998939990715;0.0788771929747564;0.07580254300396484;0.07408305750565033;0.0716666997462845;0.07093247135049696;0.06968254513639921;0.06832124788295528;0.06735734941959245;0.06650095196334864;0.06507027058037691;0.0630423138572866;0.061010276144916484;0.059788156805948074;0.05897907276231533;0.057470534487572944;0.056347169514954165;0.05543602132000239;0.053688024335118864;0.05243130629546131;0.0497583018975095;0.04876395384610954;0.04760234807168219;0.04643419639172564;0.04398455527411539;0.04368207829598385;0.04307394007808255;0.04109797025699757;0.03959309957970443;0.037859165512692645;0.03480226994407513;0.03424316562836443;0.033846763011960226;0.0323796522444888;0.030816658771602126;0.029751120416271273;0.027106014358998853;0.025237596109437103;0.023761968060208263;0.02275925317159878;0.021099185146154217;0.019880039681116624;0.01897050018207261;0.01830481295275236;0.017668727553926348;0.01579737495686561;0.01468815362152927;0.013072174761180702;0.012010327433904889;0.010691546179402931;0.010491558521581488;0.009275901503815666;0.006526897051268978;0.005851519857815925;0.004742568854859504;0.0029985199694594826;0.0016584935947262128;0.0;
00820;1.0;0.49246261671273667;0.4887875892121582;0.45849265191772487;0.4520225482367466;0.44278433228748965;0.42952408484312965;0.42743417124718347;0.4236742044681545;0.414328919454235;0.40591690773805406;0.3906732046249607;0.38931412883147215;0.38611780228625286;0.3838618366230867;0.37938858116405233;0.37561881644465855;0.37158549067309093;0.3670434269652887;0.36149997085558133;0.35831750731064593;0.3506665379189623;0.3440026766422922;0.34299349241048055;0.3424037605830426;0.3394691657506384;0.3301999624864392;0.3296492504427964;0.32582314219850284;0.321329350639089;0.3191238609509769;0.3160168345045856;0.31145083708611976;0.3095307655419374;0.3060049642830145;0.30105320690662335;0.3003276861412151;0.298219787432907;0.2959545776139817;0.29291376148697945;0.2890366741111561;0.2856118514365492;0.2831068235831379;0.280614043066622;0.27903653913434573;0.27497051272325723;0.2734007098539562;0.2695259362389603;0.2684695241842203;0.26424042497952543;0.26226527869919297;0.25954347467869743;0.25508945326209315;0.25442270369768144;0.25279571882185875;0.25068364062948306;0.24773160419884735;0.24600299132970047;0.24207690235137422;0.2404303428822486;0.23850301480103836;0.23425857759424615;0.23146323907411645;0.2299249847150915;0.22848115548795572;0.22699544383978887;0.22550652019240155;0.2215601262656365;0.22030291201702773;0.21735353255383943;0.21397408910169655;0.21271742281689632;0.21111427719104212;0.20839626641710213;0.20433229943029219;0.20389367463948993;0.20110311925381147;0.19690990927611535;0.19494650076912273;0.19244168916034904;0.18912973450432322;0.1862908083534416;0.1851341235740571;0.18477634921524083;0.1825367949710953;0.18132940861464317;0.17918474751631974;0.1755942870763954;0.1752034163809156;0.1732145212649984;0.17198296677099145;0.16951314712529614;0.16904737024636307;0.16733992614308407;0.16645767762550773;0.1638913158682727;0.16038307064915783;0.15849721428120397;0.15799077660241717;0.1549164810003125;0.15319249895043552;0.15004687083572904;0.14778250494610887;0.14641154256288455;0.14586962267796305;0.14413059217548682;0.13999497180697193;0.13945693132526427;0.1378667058528167;0.1357788685697937;0.13486088680338162;0.13295148669373333;0.13135191388810163;0.12941269853158863;0.12851924003575896;0.12725827311718657;0.12330731027254892;0.12224133640730069;0.12110246893303235;0.11952043051190492;0.11886871221188444;0.11653821581827072;0.11451106956125567;0.11409584640845408;0.11086483662145269;0.11063719227605294;0.10861776262050421;0.10681790092658261;0.10559170996942426;0.10326859258039026;0.10256160830351824;0.10204568612341118;0.09934855795728496;0.09809730563346848;0.097189616484038;0.09533557253042194;0.09434821347129033;0.09144855677074086;0.09016676623151133;0.08860272247046619;0.08832255343296476;0.08557952457299303;0.08377218831499303;0.08086443449705431;0.08049899806317835;0.079852456841298;0.07739262318827057;0.07618106211448052;0.07524754549090781;0.0719145237251793;0.07108972363154514;0.06879695160977428;0.06796938323816241;0.06618762262632386;0.0630267935975599;0.06243109674909071;0.06153781504346044;0.05990845232833556;0.059719632585714964;0.057505582160653705;0.05529156381594712;0.05431467994709579;0.05262174331793941;0.05179219456181991;0.05056344474604971;0.04775542539832969;0.046494292558015224;0.0451515172511832;0.044435330950793606;0.04336491213742241;0.041546622294419716;0.04042614550185186;0.0393482299658197;0.037860852912515494;0.036920085028168494;0.03556093373037482;0.032834591144466706;0.03216766764085686;0.03131853353452856;0.028756880080805434;0.028110637926637056;0.02676420668471472;0.025410720281159656;0.02362590812977703;0.02093183935628509;0.020018957168093442;0.018146117555788124;0.017854160182355312;0.017053256512386726;0.01482813177338654;0.01444994693363392;0.01332124385826905;0.011255399338170283;0.010777778837703145;0.009538356417091795;0.00592809840219684;0.0056765498706560485;0.002657091338973166;0.0006618696613165798;0.0;
00880;1.0;0.503739825440021;0.4762816824180286;0.4661996739105923;0.4606542499180133;0.4433287891730423;0.43379963062168186;0.42083565397542816;0.41914695170987026;0.40754385595124704;0.40075535090027303;0.39992701358750277;0.38820498602435816;0.38545208637227507;0.3805356671734126;0.37383286186479997;0.3668449930553888;0.3622949830123048;0.3609094830503128;0.3558461081830682;0.35293267176761933;0.3502804621115162;0.3466995847945877;0.34217654834900363;0.3413025012437814;0.33524294190800025;0.32796540172934197;0.3235989406728628;0.3172538645713226;0.3167547733714959;0.31197070922360615;0.31032456193065466;0.30597819560778355;0.3026233871086107;0.29798068948597517;0.2965348789640461;0.29512413364590073;0.29266655036299893;0.290505654326334;0.28810125481395515;0.28432890504651354;0.2818712953388919;0.27995579233219303;0.2768754042350213;0.2744567620140586;0.2722397372826497;0.2695824549467515;0.2662607743395325;0.26354643091671204;0.2618550875731747;0.2573837828266649;0.25543413153014716;0.25256769903946086;0.25098878578990275;0.24823514496484916;0.24421987328797995;0.24167843069803427;0.2383170327957349;0.23656223239735572;0.23555223738323622;0.23210248033087538;0.23024618842156652;0.22959409113824117;0.2282859778975278;0.2257030929276433;0.22238195658575577;0.2202743066572176;0.21657708581471596;0.21377697044940766;0.21273471581598571;0.2100682870696584;0.20850397948277893;0.20469629304034248;0.20326555491836534;0.201915613767727;0.1995214048172465;0.19869326373815574;0.19635503287028502;0.19399669443577328;0.19198610095423144;0.19075507187512036;0.18927511854047044;0.18711354117049775;0.183973636804764;0.18247532595273508;0.17932026400613618;0.1777224915995613;0.17660063524074474;0.17428715509461126;0.1732637843125944;0.17197312564808875;0.16811723962593272;0.1666019614618962;0.16363919467727678;0.16229288665035144;0.15907275072113533;0.15816778085040906;0.15804649787524083;0.15611147857910523;0.15397212781261232;0.15198063318628416;0.1501293452384637;0.1486498406937242;0.14806427769677868;0.14444065529100816;0.14171352575906576;0.14073813609938188;0.13947644509317458;0.1385757911329782;0.1371402807372394;0.1337818938526834;0.13058480479317147;0.13000714799140375;0.1278234848002166;0.12700314591706674;0.12670197952983198;0.1253230413625012;0.12287105517234861;0.12138023431343095;0.11793786802679478;0.11737847550001994;0.11619360146383904;0.11505442847275149;0.11327414334825502;0.1109269304502179;0.10988790061084538;0.10820546849639914;0.10603192576324566;0.10402390467934812;0.10228815429587937;0.10054166889473255;0.0999458382789391;0.09924665850386308;0.09742742352490706;0.09579271724066264;0.09223966997107319;0.09108335320820678;0.09004221754524797;0.08850705249183823;0.08795561073671337;0.08609551499580874;0.08447254046594985;0.08383509840012603;0.07995036854588357;0.07839520374195838;0.07739342187078514;0.07641218228112087;0.0758040453387323;0.07364884639572332;0.0729140956833293;0.07081088475683982;0.06913373042606538;0.06775405113975135;0.06595628811001546;0.06372491052304853;0.06264906381642209;0.061957154275411715;0.059301924783548454;0.0579266851904999;0.057254440398617434;0.056340066770689576;0.05415537163189073;0.05225431171804216;0.05037871222672892;0.05020425514658685;0.048016368075044676;0.046833612637842054;0.04533820009295636;0.042958080372590024;0.04164468130670412;0.038976293769135;0.03746881125840964;0.03696630259202791;0.034779454500798127;0.03329462044963914;0.03200174044040674;0.030938159542548582;0.029854770142595945;0.02940918198440656;0.027659219605413225;0.02619749597687642;0.024048006277851273;0.022904560426057614;0.022123898727117296;0.02126072165221838;0.019433359781866465;0.01789243500617313;0.017487689652185702;0.014554484379153604;0.01353653637911195;0.010911580841079398;0.009826244872627997;0.008749060645624642;0.008070228597321262;0.0069213472683612755;0.005662826902234981;0.003172671457740708;0.00108423600103346;0.0008634109367208719;0.0;
00940;1.0;0.5107632887147168;0.4876521004189491;0.46221782302378556;0.4585314156768587;0.45038091806759367;0.4433773131245515;0.4310837483001095;0.4273961333659614;0.42430803425251984;0.4195213959447016;0.40810360306808596;0.4045986721424789;0.3981874196176376;0.39299902702889306;0.38675164970136433;0.38219311801811245;0.3812502106250019;0.37781125844485214;0.362832428135247;0.3611656312559608;0.35764962948575535;0.35263436241929075;0.35057429875400453;0.34649758284406673;0.34562033990328733;0.33930178418600265;0.33835508740162706;0.3335841733578519;0.32925392603798864;0.32843552502843815;0.32121334351377295;0.3148870720302959;0.31061293896825454;0.30890808733181274;0.30573931469617865;0.30268286944774897;0.298489131666739;0.2955184039233833;0.29506621353875967;0.29200536292919294;0.2883598441660177;0.2873967029241283;0.2857384945010304;0.2830538621910854;0.2817437381616186;0.27689201172456973;0.2757573588292495;0.2711397986168399;0.2691630389725779;0.2663350169404904;0.26492126369080776;0.2631156125315831;0.26018439470577726;0.25886343876763485;0.2555870431846098;0.24990444400911344;0.24783502178419234;0.24439666602472043;0.24340910136081445;0.23974655569685735;0.23898730597755966;0.2350034079967515;0.23315518939822347;0.23133761866051183;0.22881959171964272;0.22585991186328594;0.22389560005375508;0.22352772005043195;0.22094322573564423;0.2167209102940597;0.2160297745007513;0.21310276804316025;0.20968969318327357;0.20903090530750462;0.2061755480394955;0.2040378493602571;0.20188320406664098;0.2006849444337449;0.19869679334073653;0.19545113013582754;0.1931004703277727;0.19007909714685692;0.18939304429238146;0.18696909394932;0.18398895299535548;0.18180706711715947;0.180063863157059;0.1791660792707089;0.1783311818037137;0.17648193524933406;0.1724085137903378;0.17141980094326142;0.16969994626460894;0.16625501563009132;0.16566916677785726;0.16353756408340125;0.16233602937558045;0.15927019519639862;0.15703764095160494;0.1549709828555369;0.1543317551358087;0.15236822455458268;0.15026546324390228;0.14788307218534755;0.1447291636387624;0.14224413644278078;0.14134074891636472;0.13996963750473027;0.13772425482576464;0.136112342798612;0.13587631541446715;0.13315580183000558;0.1313082290017204;0.12893670576268557;0.12723470376071414;0.1256532800566696;0.12530538883079503;0.12208240767062596;0.1206629114376124;0.11974763612932429;0.11857055577610047;0.11738354113895681;0.11566957385017089;0.11354343490035794;0.11240057114882485;0.11120256217679081;0.10828846201668703;0.10467042464031873;0.10435198407125408;0.10126919151401265;0.10026006976752612;0.09965682439177845;0.0983356846919682;0.09584885533551589;0.09491881377354448;0.09357434151882874;0.09182878086756582;0.08938177022732598;0.08838470147853658;0.0874237125819564;0.08529294812944986;0.0841995312999226;0.08151331502914728;0.08069209688340546;0.0790351737429406;0.07615534535400606;0.07489886251036203;0.07431425592858712;0.07140215305170154;0.07048065349477092;0.0691512685011448;0.06861221494913243;0.0674145014317019;0.06616938420510547;0.06400348761186501;0.06139639188366731;0.05910353303746915;0.05813854852225356;0.05572136357320738;0.05535940217298986;0.053633847369853084;0.051311479241648195;0.05105389908537655;0.0492837388155198;0.04795110887932959;0.04582101570012149;0.04518153714680318;0.04236046833058386;0.04199517009745879;0.04016444553003077;0.03893497651153257;0.03852335144283663;0.03613045636966636;0.03532838235177014;0.033853972868911945;0.03206630203540211;0.03146650995078608;0.030972405814619255;0.0307494440657774;0.027379506876073875;0.0265168506593797;0.025850988372986515;0.023924151827895094;0.023202320646810916;0.020414595488847827;0.01879717554658915;0.01829788666932498;0.014279843915094832;0.013265861853370121;0.011709511875482135;0.01063007721054371;0.010215216590528693;0.008494853057583195;0.007679084255609638;0.005491149409989629;0.0039966618404855825;0.0014300325975322465;0.00022589198799246926;0.0;
01000;1.0;0.4975976858559595;0.4898183518548677;0.47512619505655823;0.45258127482221455;0.4480574370248766;0.4400389315436585;0.4359623575808777;0.42945438505623185;0.4171851777096652;0.41295894992539817;0.40718558889206713;0.3987825656168;0.39808768257908905;0.3840016882232831;0.3812102771510653;0.37840953213724593;0.373535447496411;0.36994661668875656;0.36504658295512743;0.35933135025725993;0.35701241540768186;0.3543804582257536;0.34990668807542197;0.34840698566769074;0.3444851554427676;0.3386449190703385;0.33777724107406853;0.33360661964771915;0.32965272234357873;0.32571029451604094;0.32174122198258;0.32003936466168714;0.31352413234581533;0.31089096117378884;0.3073907982049301;0.30515925281221223;0.3043496675015288;0.2998772307495721;0.29737052505204153;0.2939566052558937;0.2891382552856038;0.2878337691653432;0.28147859031337435;0.2784313003482594;0.27759638571448453;0.2730754290366309;0.2718433440649798;0.2693325050406124;0.2644350497013388;0.2611940374502997;0.2603541766895647;0.25535444171965205;0.25392482826420115;0.25117784738133603;0.24841843393880872;0.2462696279669323;0.24225826130451694;0.24072158436632335;0.23625111211614722;0.23550596614315278;0.2349748670687848;0.2325745343331418;0.23074528525776547;0.22837698993821604;0.22631182988478812;0.2245656214627556;0.2222198252067944;0.2203188015268659;0.21877473014424262;0.21449682185867933;0.21391171510928736;0.21262329244844905;0.20992111383795803;0.2069253542810077;0.2052848364393247;0.20290539222476753;0.19956746371950967;0.19812587382509222;0.19419913341781908;0.19371103296090758;0.19020160129940744;0.18639111255959162;0.18482499379194148;0.18478479517601112;0.1825124572928978;0.180314417393735;0.17735648040971727;0.17566258248713434;0.17394274907922408;0.17146705757994066;0.17110801712893184;0.16872469010420707;0.1663311269728382;0.16447899615171813;0.16203058732559456;0.15989609315974054;0.15757902954413427;0.1570441593521953;0.15431170544904005;0.15265899633965901;0.1487754281739781;0.1481309377097697;0.14637976799675312;0.14534831370644324;0.14360355820785745;0.14100788574750617;0.1385374698538413;0.13765996498124264;0.13696319118921751;0.13348715296458372;0.1330936625405242;0.13134978183939416;0.1300283840476237;0.12924677994292;0.12737159866095263;0.12525184135666212;0.12450252284969142;0.12136649955079573;0.11970737804514126;0.11818394089188278;0.11660803575497981;0.11560992292065785;0.11444108597713831;0.11149308676523498;0.11046070765799612;0.10749383434598475;0.10652259278436164;0.10462528062897035;0.10434545384161294;0.10300929061758166;0.10026968000620864;0.09880893195688996;0.09750834374790401;0.09550463474856179;0.094268879550477;0.0920173912356239;0.08948266111262694;0.08773245153944682;0.08622497330838196;0.08561180879576641;0.08394805782017124;0.08279065027902502;0.0818271526019755;0.08005031191909855;0.07904922027790817;0.07640378967073003;0.07461979696127412;0.07377498834731808;0.07210874073027462;0.06918967534079387;0.06838916172177958;0.06674398576608029;0.0654830272038431;0.06501870427451038;0.06194623684610894;0.06152928549311952;0.06041975650963005;0.058931917986996075;0.05852905260706342;0.05582711523098937;0.054771474954621084;0.05232959655201844;0.05054213041610478;0.04922119612068661;0.04803675223678673;0.04605228420070098;0.045265825507226375;0.04337707916141908;0.04197907348178877;0.03935029673982781;0.038621236000643024;0.03849270699094373;0.03668667008261199;0.03465393504397214;0.033536508414990125;0.032786270487197317;0.030153709304585833;0.02958405564429219;0.028498418326306552;0.026531092097068377;0.025660525677503838;0.024486237818679417;0.021527824107454022;0.020734291365165185;0.019327975951128118;0.018778856496973577;0.015565184920842376;0.014378478892536342;0.01311502147918542;0.012198621225440512;0.010128480561911658;0.00915520827330814;0.007489838497449082;0.005581336308265129;0.004565898123074743;0.003954529038933786;0.0019402233509141751;0.0013185402326551896;0.0;
01060;1.0;0.5047053180368557;0.4901464588286859;0.4886172959813252;0.465386893020963;0.45861281338147275;0.44520764120380424;0.44204735512358573;0.4378552866955578;0.4303539835617046;0.4163909616267054;0.414730053999822;0.41128730788097584;0.3969110823623357;0.3930740395541293;0.388743520976138;0.3833472425059034;0.3820791202062072;0.3740022875154828;0.36928867468140325;0.36464794552507873;0.36341933055548004;0.36010494618727146;0.3524455647619302;0.3493552631685192;0.3418654983042335;0.34093402469092393;0.3379459388618891;0.3327478950525492;0.3295434069847566;0.32854371509381936;0.32682665039174275;0.3201009492527116;0.317839903400526;0.31642644379504936;0.31466818023773424;0.3086604855311523;0.3064389073909263;0.3051948327574949;0.30292993010881125;0.29549544322665755;0.29061428019465824;0.2895209085207585;0.28753877229507097;0.2809770633642595;0.2778820237125132;0.2751388409500741;0.2733593894761474;0.27141824318055324;0.2674106488450859;0.26688912732799813;0.2654457307470655;0.2607731195875789;0.2580141200159103;0.25416326506556375;0.25328116089577973;0.24896042392015305;0.24828272981412336;0.24353302510383673;0.2409255407125367;0.23983139609911608;0.23853919915175895;0.2378837578573858;0.23336392258599276;0.23163613263826882;0.23105399891763703;0.22823415391182866;0.22392605055925988;0.222765292658114;0.21676098139857053;0.21525472883189395;0.2122879070726853;0.21082104269592056;0.20914307474633248;0.20717064103323157;0.20517231953833892;0.20166172609638786;0.20060516176783333;0.19836721014063302;0.1959671555553545;0.19433220139319954;0.19176274879987437;0.1882342672776655;0.1866621814892176;0.18514458654146518;0.18166710015935694;0.17998933206596096;0.17934216612433287;0.17737156819809072;0.17565539415172293;0.17278055244727197;0.1694942630169837;0.16861330851739434;0.16680849024262415;0.16425841054378745;0.1631828066604966;0.161369812763951;0.16009944599159204;0.15697247290713615;0.1561087036021865;0.15351911332366294;0.1525629308362788;0.14984679108441853;0.14891718664166734;0.14633669271892819;0.14399644123033337;0.14132265282575815;0.14062805878273021;0.13809893855236088;0.13730753159072995;0.13364781935379372;0.13065009980537845;0.1300130597082041;0.12859019712083392;0.12533752877008725;0.12350660592457627;0.12261597847083602;0.12159197822493684;0.12033608279855568;0.11834013678183733;0.11732294751301306;0.11587956030538547;0.11445163984694237;0.11412376484584523;0.11226736532911953;0.111243345051139;0.10949294443661567;0.10906557233000375;0.10543526283973997;0.1031550499500387;0.10181646941765313;0.10018344659760145;0.09919671568748446;0.09755071125517238;0.09685513066113144;0.0952666122783719;0.09381699087121123;0.09176949794502792;0.09075607181587918;0.08944472568084459;0.08587326000447013;0.08465203585327162;0.08379620021432926;0.08257427374445449;0.08176828250583734;0.0807972694431408;0.07908836144124824;0.07511922953593826;0.0722580405201272;0.07082927097984054;0.06924719209692777;0.0687070068220748;0.06700359408466693;0.06595900136673193;0.06449292535647613;0.06388247484015208;0.06204249588384603;0.060899382791532994;0.058976474042013505;0.05701017283181077;0.055317124252002275;0.05386440951141781;0.05166669826538773;0.050586910919886686;0.048340886272403176;0.046244702205616814;0.045441638870852154;0.043355301469186244;0.04302175924102286;0.04172857709856573;0.0400604610952708;0.03760020561125073;0.036791141621869417;0.03582903349817056;0.03571753070327615;0.034409062559979116;0.03240524272068686;0.031532219370627924;0.029509231878760853;0.027568712429145867;0.02685933135966198;0.025661934116899723;0.025093582106782163;0.023716473992085797;0.0229617756178527;0.02078026075717046;0.018430523393059235;0.016463522332223115;0.015586590761985819;0.014394802839003495;0.013619556782085466;0.01213842922266897;0.007526576098109811;0.00675886990089514;0.005657077717440788;0.0051253389799835875;0.0049466851176398485;0.002635250064462953;0.0005460824425415985;0.0;
01120;1.0;0.5356714936523508;0.48769645348115365;0.47194145739376875;0.46366958248477413;0.44906754843651214;0.43764249882806255;0.4305881394760713;0.41958820886354636;0.41675945617123805;0.41156581511119983;0.4047802659563284;0.4005973549004824;0.39284986613038614;0.3887645158178737;0.3870186444410923;0.3845788694538077;0.37956835896737456;0.36813629822339416;0.36431338439857314;0.3550565013616072;0.35288754243365544;0.3486798872219305;0.34606713323344834;0.34509490756470357;0.33993267810661415;0.3360696768202853;0.33247672580171456;0.3288331324786124;0.32248735518275545;0.32194210187146455;0.31744764971554795;0.31570322082518887;0.31287554466516565;0.30776054176830003;0.30544847528868035;0.30289533958232256;0.30180433820560487;0.29781445757955155;0.29283708175772016;0.2911170474449834;0.2877059477143471;0.285650608495363;0.28118137488311795;0.2793354001910812;0.27756569768272965;0.27182734965136557;0.2711524146057626;0.2694372856118398;0.2681692670449572;0.26315637001079073;0.26234861679735116;0.2580094266224235;0.2558056923913246;0.2533761025517302;0.2518357354939003;0.2487432255394801;0.24656801648739746;0.24506003336934246;0.24133778515032198;0.2401914244876972;0.23662452448507595;0.23486565776875934;0.22978324473634773;0.22888472639301446;0.22710294192390604;0.2239435031259878;0.22160863334487257;0.21941947822242483;0.2166399178855084;0.2148850672883672;0.21466962756800656;0.21319813856130604;0.2080655612808261;0.20727822605667787;0.20546829730245175;0.20169829381442256;0.20062696770909444;0.1966760729625758;0.19516553760572763;0.19370217420587954;0.1906886638565415;0.18986737282390287;0.18727240879110768;0.18493299218143905;0.18261352539439815;0.18056935244233166;0.17834850984246334;0.17501874808366938;0.17348535703156523;0.17185452978323926;0.17019900241027752;0.16917898319191546;0.16883359790441668;0.16545398221569574;0.16371402919260722;0.1616556649176568;0.15875715272657742;0.1559144940487951;0.15405022914455127;0.15337386972133232;0.15018990885671737;0.14935660794536618;0.14579630665925478;0.1454761783781527;0.14405305522067155;0.14273560001025096;0.14178575069438054;0.1391556603769712;0.13645151693053403;0.1354509574748512;0.13228757192712035;0.13067209432734986;0.1297735478731828;0.12925698817173092;0.127531921113257;0.12525779531899023;0.12387336371787147;0.12174558191451956;0.11932831620894253;0.11783414818088855;0.11682254684184236;0.11619239080137854;0.1145749586768947;0.1107544759162115;0.10992504301522679;0.1086825893896198;0.10800785395368621;0.10504476536090332;0.10468488422046555;0.10283523454316554;0.10138274700968465;0.10002431288180358;0.09717330539682482;0.0934491052714312;0.0928902405539428;0.09025731495831717;0.08926531196416751;0.08780483837912642;0.08661830010562031;0.08471192210379601;0.08367258233762141;0.08245141939766773;0.07971236783217735;0.07932311227009252;0.07911359472488454;0.0762677602650525;0.07463184610166626;0.07388962347934312;0.07193200364171565;0.07021731549413028;0.06825511392754875;0.06684547165187692;0.06664311623151026;0.0641906592634017;0.06136145198372261;0.060588799120566306;0.05915933563196009;0.05750017972729458;0.057093787353901644;0.054478010940114244;0.052984310499403386;0.05247492153877561;0.0509745721656421;0.05010098438940121;0.04857966133298133;0.04622141068223244;0.0457607242250077;0.04438554210723526;0.04253784381278832;0.04227023853657042;0.04084414805514455;0.0389039775654886;0.03802653150279776;0.0369200852847637;0.03479634366977299;0.033834556660779294;0.031723528956231456;0.031041702202461215;0.02774309288284742;0.026195449307363432;0.02506021607617541;0.024709211387112278;0.022909353287003765;0.022065592747106778;0.020614834773766126;0.019454053077760373;0.01867325134805337;0.016896468745649446;0.014672359344458078;0.013007435000402;0.011312370288547905;0.009563074180600978;0.007003803034172376;0.00573949942523237;0.004774426873609233;0.0023685532818313237;0.0013784557012730978;0.000991297921092547;0.0;
01180;1.0;0.5078670149193476;0.4945784314946441;0.48338828501828457;0.45857826121786444;0.4539111200174887;0.44700952602921773;0.4424470302208284;0.4306227692837321;0.42734399621129077;0.4241047845961263;0.41328322090479186;0.40606904633964075;0.4041269714881322;0.3941703488022511;0.38794341906509594;0.38639833658001327;0.3829146597268988;0.38003712733250233;0.37096607153686934;0.3662511561322615;0.36622353036643285;0.35872163801332496;0.3559703478422374;0.35176737224611254;0.34797089218184;0.3431284378470845;0.33864729591244586;0.3346817000925687;0.3331008573103583;0.33023261463256415;0.32666792617264034;0.32023799172625256;0.3188533894032149;0.31654733341987085;0.31375333914106396;0.31106655075114414;0.3074035500257062;0.30404563101475685;0.2989076587495102;0.29747798048119145;0.295062568556293;0.2898737772446365;0.2873296697372862;0.28390022296596656;0.28190010202583077;0.27836780469511124;0.27714743466042246;0.2764479017361895;0.2713071616166938;0.2687091104003473;0.2649710882213361;0.26163492837893265;0.2605226662811421;0.2558657235567887;0.2549391168048789;0.25299861277800745;0.2518420667117787;0.24753788443979297;0.24648407935379582;0.24197181971373785;0.2397016912519039;0.23792646891248745;0.2333564717214078;0.22984048455124031;0.22745327354587494;0.22665185942649937;0.22422394010593744;0.22229692859599368;0.2214117752683495;0.21934983892334844;0.21553506747951684;0.2139742198354062;0.21183430735949307;0.20864305706603473;0.20721707244913806;0.20606735727045689;0.20411360405503715;0.20320157161446764;0.20224829683207815;0.1984990984221675;0.1977976393895551;0.1955484242292736;0.19263547713424994;0.1898314219934056;0.18754957106293918;0.1871532812638777;0.18590785219214986;0.18374929513061328;0.18061671675665725;0.17873876081749232;0.1763014622796318;0.17523907669921635;0.17041496234480044;0.16916991435592174;0.16768521050590687;0.1648960161545807;0.1628425435209298;0.16217806938923973;0.15920629527897887;0.15802491352738662;0.15649441261781086;0.1540105091356425;0.152132920341885;0.15114714023116446;0.14826307098897937;0.14792511524247895;0.14620893048469016;0.14298872740998794;0.14194188122176526;0.14077943447799934;0.13886193116552933;0.13441254583977097;0.1332279119722812;0.13068484448093837;0.13017176239799322;0.1285343146188671;0.12708511133334013;0.12446563678551768;0.12295742845990647;0.12081897037274672;0.11995482415588242;0.11834515946250884;0.1157079048952867;0.11444042096475848;0.11274718670466224;0.11197857945479624;0.10960052992603032;0.10882702356870208;0.10605725093393334;0.10521517556102222;0.10479498672635364;0.10242486779911049;0.10209185548148912;0.10036357591586896;0.09862724829168594;0.09740363279652577;0.0944504646890031;0.09153292455754346;0.09068012198853383;0.08893528519419648;0.08712487279773139;0.08492092669921343;0.08349403980121993;0.08210584902725059;0.08081780378667361;0.07807388752402658;0.07671149326023058;0.07553661560867986;0.07543411756176546;0.07469670785108534;0.072429498161054;0.07035708543880746;0.06821191353923621;0.06470589209793635;0.06426513415331471;0.06297449791918955;0.06069121596451906;0.060266784476169656;0.05961401485274344;0.058600061573656256;0.057377298282997063;0.05415092520612126;0.05324878185390103;0.0515320896475618;0.05023140134837731;0.048918994998256034;0.048278117837515205;0.04702052321308878;0.04339629048487056;0.042499751838756004;0.04091928396072207;0.03965059837028376;0.038209104166548796;0.036220730286992554;0.03375562228577388;0.03295882043207318;0.030894264727365207;0.029703659545411463;0.028276727126964784;0.026614271893176823;0.025165728958251934;0.024634428113828207;0.023299668787700793;0.021441254129731295;0.020132157736123587;0.017604725461302897;0.01705219862461558;0.016648272952116818;0.014355520930656004;0.013934499029417645;0.01119602425334338;0.009959573855198647;0.00910638198453683;0.00865624515830867;0.007013719592069517;0.004849638599974625;0.0029594427459127036;0.0015182085322352028;0.0;
01240;1.0;0.5139995897742297;0.4934815663542055;0.46877845754736314;0.4497859673185599;0.4446568951643428;0.4397617404938097;0.42849172980541256;0.41963270412757775;0.416236308966082;0.41211028739790634;0.4063376802574872;0.3991221122315017;0.3917518414810507;0.38886641678927886;0.38064951487303367;0.37913250210710364;0.3723159928613863;0.36655456996692876;0.36179784008262245;0.3588650423607452;0.3542915768467032;0.35309441521861523;0.34576333023088307;0.343702561964841;0.34240703364351793;0.3396237152108078;0.3305681557169071;0.3263516807377495;0.3242759019328644;0.319483278338421;0.3174114503767135;0.3106569367229802;0.3075016499751435;0.30683799511402754;0.3041705970781311;0.30154998115011294;0.30026476656683765;0.2939919951892229;0.291648231516521;0.29051945815939173;0.2890028080373421;0.2877151897668455;0.2831020614307908;0.2797818507705441;0.27676549150287433;0.27124634526460534;0.2697166470091381;0.2672269213345118;0.2659529000284278;0.2625970807519636;0.2600183695859449;0.25540382636301723;0.2548164150130681;0.25009738370248547;0.24962456436400082;0.2466500368053225;0.24296132348093066;0.2418032137080913;0.2394414251731486;0.23689679749137013;0.23414403571019604;0.23094117572310816;0.22717780711767546;0.22636785697765915;0.225778492666864;0.22138306530239207;0.22088749596514504;0.21792843393891004;0.21553808489030407;0.214787087368911;0.21168047463499146;0.21075833741159;0.20847679759484003;0.2043480626133619;0.202629340836069;0.20049150942565003;0.19579586678762015;0.19495593397580874;0.194314904259766;0.19289095904312972;0.18948500257065534;0.1876932350033928;0.18618243648455404;0.1834401997917473;0.18147928738507488;0.18100304306892395;0.1788406203702124;0.17799088484082515;0.1755097026429099;0.1729856975507586;0.16994882351812857;0.16809233852091196;0.1664596772396313;0.16499538894775218;0.16360174790611448;0.15848875806057353;0.15801226304630614;0.15581266587352083;0.15397452966429703;0.1522620392093473;0.1514870887030107;0.15061719399060877;0.14816561618563023;0.1450579539817531;0.14423733947269307;0.14363503311695613;0.14256173784234674;0.1390040567440708;0.13846398063920662;0.13489024009115988;0.13250969418702047;0.1322095755045452;0.13123019494556695;0.12913413988344472;0.12852402271272167;0.12628907734561146;0.12446060909939034;0.12267174641429303;0.12071164144715577;0.11925073839999119;0.11719383778019984;0.11481347206470897;0.11279461066000392;0.11128552181733403;0.11084635321116916;0.10735826768140401;0.10616937891790157;0.10463155916434036;0.10323283802483701;0.10261793000265293;0.10110603215456648;0.09883748757253442;0.09789352868168487;0.09670417181285522;0.09303837390584971;0.09197586956097256;0.09118318557938734;0.08949597132448177;0.08889518118432657;0.08614117393825335;0.08509426430025127;0.08419739845668764;0.080408623670166;0.07922576313749038;0.07833350306060186;0.07709299991808403;0.07674759140956872;0.07331677276878963;0.07276898893317407;0.069915126036213;0.06870041151912352;0.06729781277506207;0.06593647102913494;0.06425457731302431;0.06240246774464818;0.060473907667170174;0.06018001285956587;0.05832793799258113;0.05709943713379055;0.05587556981548774;0.05357300433992482;0.05324863519458421;0.05127941328779639;0.04983234371399194;0.049443491069799894;0.04841477343098915;0.04620693975198971;0.044783450020256965;0.04407836432715406;0.04316585614309219;0.04188226302419212;0.0391398016347308;0.03798839705367063;0.03698995007951493;0.03586090111891947;0.03311029885187582;0.031845954364734926;0.029486304024894276;0.029234617181382396;0.027269977426841556;0.02584399938142227;0.024904153411120913;0.02301102693649595;0.02274333109726458;0.021088020542032137;0.020078145078949616;0.019039666670941483;0.017309853714170802;0.016673541816176224;0.015106116800683494;0.012924979221185023;0.011446732051705667;0.01024911375050257;0.009094921078817264;0.007783026485833917;0.005237700645638454;0.0034525913773612114;0.0013299013427309193;0.0;
01300;1.0;0.5354957110473191;0.5166153199600614;0.48406439608580093;0.47359686597954703;0.45348439009011665;0.4481791705397663;0.4315364876990924;0.42234917498642777;0.41927442088767997;0.4117938085870713;0.40404531186528286;0.39805932210386163;0.39237547761084923;0.38983481919399754;0.38644628275366416;0.3804831048487161;0.3779270041437975;0.3717739843539861;0.3666857158376066;0.3621402049959235;0.36107153627641647;0.35634886817869504;0.35244288311215377;0.3478611226327487;0.3453036838746373;0.3351890781157292;0.33208269519206796;0.33028518334548046;0.32721126727825883;0.32226257859095403;0.3210206631687469;0.31578433451765703;0.31541326011266535;0.3116267102175827;0.3079293876053363;0.30485191981370696;0.30101058737747177;0.29967930496222356;0.2977730358983863;0.2952968786220508;0.29315255700627774;0.28800272051640813;0.28204915113382045;0.2815698104508204;0.2771145449893125;0.2744080482994879;0.27180891198130996;0.26999816833617996;0.26753261418358637;0.26465967744157826;0.2629922341266852;0.25737274102345736;0.25527671662813933;0.2540033554632025;0.25160661110582083;0.24885446878761547;0.24756628036221465;0.24523783767408794;0.24154286369856398;0.2390167701746004;0.23719205759968437;0.23577086334456268;0.23384202158548528;0.231241428815533;0.22990516693704371;0.22866951686480566;0.22358309629900514;0.22273518605416812;0.2204757383590015;0.21900793693466686;0.2165492921818806;0.215564031928797;0.2124717643068963;0.20921858967159007;0.20797126689853138;0.20587217993607623;0.20130985241482155;0.19893064525123041;0.19882223825903983;0.19762790180688544;0.19552469329848585;0.19108116845578968;0.1896616530270346;0.18893173272644512;0.1878651434736258;0.1862574134551727;0.18447095888637313;0.18159157921641167;0.18008410492274154;0.17955354522198866;0.1763327198604291;0.17402011126348807;0.17325449809445012;0.17163714233382776;0.1680523976513187;0.16739810474152314;0.1666229441798597;0.16331779713999356;0.16062836146668155;0.15621283607445077;0.15550774621386418;0.15482867554071023;0.15214987116807555;0.1513100219653082;0.15044506900799004;0.14765660045526335;0.14507146248415184;0.14444266196052058;0.14169196857000507;0.1393763304587351;0.13863358786452346;0.13775272505794;0.1352358192298651;0.1338816172466125;0.13247367960726947;0.13006592173337103;0.1291106900525383;0.12670332163163528;0.12462343227965027;0.12412853173379022;0.12289218428052312;0.12163236555302165;0.11744981059404926;0.11661463660268426;0.11528637617655882;0.11378747836878096;0.11081073403842642;0.10913426266305958;0.10845723431945477;0.10650568656441174;0.10505768304544294;0.10213832159947452;0.10178043596691926;0.09873042766953484;0.09640584197491582;0.0947243843814578;0.09368352529010365;0.09202027524632182;0.0897058142444926;0.08874004311874592;0.08589292682854384;0.08464495325961378;0.08417939569531241;0.08195603001742306;0.08083237996003559;0.07927164515451517;0.07703365942439439;0.076835661820668;0.07605717360234883;0.07293928695964735;0.07238263365280968;0.06953747422721186;0.06792832851674657;0.06618109394067091;0.06550468093331004;0.06497804628081104;0.06243626694819667;0.06078098257419463;0.05991345002586405;0.05833983514718558;0.05601933142026537;0.053550233037441476;0.05251642773125985;0.05213357656062411;0.05043324117408926;0.049066589870533556;0.047976644024261536;0.0471952416754384;0.0458726335453971;0.043704252966540465;0.04150029503462145;0.04035385737822787;0.03787451107894004;0.037238146932381797;0.036026008763920044;0.034743869491195366;0.03385467111275542;0.033143188509878185;0.03074149332557731;0.02719911288997985;0.026669956324797534;0.02615752716844199;0.024095357106111426;0.023215845985661544;0.022327260454014775;0.019987195721679025;0.018017047598427365;0.01581167785813224;0.015786490508330298;0.01361310147421726;0.012491754157564192;0.011244420539620069;0.0109151508241924;0.007092451190853697;0.005914853983100285;0.005357118682166052;0.004108723014976022;0.001805671757959229;0.0;
01360;1.0;0.5323564234777542;0.5004107282783221;0.4810375328527403;0.4702929190505276;0.45922400623426696;0.4498236121801392;0.442048737231182;0.4314839749586768;0.4245332694049229;0.42074717672551654;0.41219039977136207;0.4078359015997869;0.3988092546045182;0.39473091190677473;0.3904530454180145;0.3839174534967215;0.3776406106555483;0.376082965064745;0.3679757989147029;0.3653127611526416;0.36346439183193774;0.3591186693334218;0.35484055418367155;0.35333279411681084;0.34879816737958025;0.34281472247009237;0.33776732841487433;0.3362063828790507;0.33593333681937027;0.3312132660946072;0.3275082570529695;0.31938899122657166;0.31795333396735703;0.308813175322853;0.30806286787165504;0.30369121134874755;0.3020484785656631;0.2980770986742969;0.2963081951051704;0.2940484500349748;0.2900793079708761;0.2871466046617503;0.2853850205444495;0.28207174295023857;0.27842044246456193;0.27251340984080236;0.2707972532724306;0.26925161860522107;0.2668716758913047;0.26510926224284903;0.25930694294763884;0.25755290109457596;0.2549514941336374;0.2544257364042099;0.2521584300948516;0.24876325712594113;0.24537040992503412;0.2444481533833381;0.2433878597705799;0.242720689243929;0.23993553152427008;0.23649046373548097;0.2325542529723737;0.23098378151779936;0.22657149353137052;0.22572897151774568;0.22309212894864022;0.22066800675795295;0.21718549262597775;0.21587632838209966;0.21396421920077277;0.21104191920926935;0.21042315855563035;0.20920571534856264;0.20450297630478398;0.20390742638977835;0.2001343386906716;0.1964892862362221;0.19605254198338132;0.19310952222219896;0.1909800724931644;0.18945723475577192;0.18803543885554685;0.18650124742310176;0.18304921171267788;0.17983863474293485;0.17884870534229852;0.17857017373311482;0.17732142637826473;0.1754733602208564;0.1743889570071434;0.17107864633033001;0.17063254014679305;0.1690792301452297;0.1663874986056876;0.16410980447266468;0.1616751492445205;0.1608561064261622;0.15946868778932258;0.15711421390693742;0.15554555547758533;0.15363646101978376;0.15306490025993472;0.15116932876559036;0.1480111602417668;0.1455394197105758;0.14387541914498178;0.14259653496184937;0.13938001524221327;0.13801492363058113;0.1346108912453614;0.13404209548921664;0.13329840929770936;0.13145366421679736;0.12827890215111115;0.1253764896897551;0.12429921825289264;0.12363016424866466;0.12208672413068115;0.1205632127342468;0.11942979329670086;0.11755376084972846;0.1164502705719749;0.11517383435508795;0.1132379603261795;0.1104082554363013;0.10999342619671727;0.10816089817107254;0.10733521079121684;0.10646065922350434;0.10305624981463178;0.10261655351885902;0.09975929339304751;0.09753521986952048;0.09628533427155883;0.09464900444564231;0.09419746018256478;0.09141368494872813;0.08988420133509979;0.08875629766648818;0.08651353105372536;0.08522273489298242;0.08425631992051312;0.08080058846990201;0.08002891369782734;0.07891819205720713;0.07783495205551405;0.0766090715572835;0.07474446482306632;0.07338573770348893;0.07228239387386186;0.07097899238082403;0.06890727322008898;0.06713825087305791;0.06590286492303665;0.06377451760176568;0.06213384516135347;0.05957405480037007;0.058421526144688894;0.058261153940855;0.05629823403488478;0.05306375928869708;0.05209888821386366;0.05044982563712396;0.050142056993428594;0.04891810420833739;0.04683168709501363;0.046097357371896956;0.04399047938797678;0.042630092021438484;0.04216915578094109;0.03986883270948069;0.03901565474398566;0.03692238845463491;0.035852854241025085;0.03334879506125802;0.0314512380703121;0.030279410176243624;0.029416926827255486;0.02848709688846759;0.02652101131187347;0.025086826459520054;0.02456451200241468;0.022483143822253877;0.020959488535118743;0.019531513558440197;0.017867774783269345;0.016511513640569287;0.015384078725607035;0.013620868975089455;0.011275392383113106;0.009719994229315403;0.009232543846241788;0.007036056092990112;0.005898246772508522;0.004398843065599955;0.0033484378986434857;0.0015974932312541566;0.0;
01420;1.0;0.5010029923465283;0.4919814530761513;0.47877148609977876;0.46181757218822256;0.45711900587150406;0.4482423288431107;0.4407958919559952;0.4344293362136985;0.42773644100290725;0.4205828242392411;0.41314260554331517;0.4094186171670423;0.40857180909165497;0.40017562821534036;0.397864429359759;0.38817678808414574;0.3837493027222204;0.37965548116391923;0.37393822386925624;0.3705749911251138;0.3681959220452768;0.36575121599985116;0.35969682919707735;0.35520477341246615;0.35244239104867886;0.3474889652228143;0.3420906759751716;0.33929435457052476;0.3338612454883639;0.3296726250496541;0.3282143602789576;0.3254382979771758;0.3244922091238792;0.32116923190119145;0.3119921199018463;0.31111666043040653;0.3071998848563067;0.303851182720984;0.29948117506255434;0.29320368663170543;0.2921482470846905;0.29159650109186686;0.2886138724225217;0.2830409442508839;0.28170456261266597;0.2779614298337599;0.27461250792627867;0.2724386752985121;0.26913139475026515;0.2667586081439654;0.2644810167402703;0.26148704421938435;0.2595688053199668;0.25604512609808444;0.25132265364665446;0.24839172302039011;0.24754760455593466;0.24380557322793173;0.24324898199973521;0.24154514744483183;0.23916540849396717;0.23552221662250758;0.23274426665832817;0.23122882381194854;0.22745433102200488;0.22610919043381833;0.22370709314838816;0.22137632163748108;0.21897514028261286;0.21762171218073592;0.21526510759526993;0.21273735899240948;0.2100871597358262;0.20868570757718694;0.20666577824460228;0.20573080181668535;0.20345723392305967;0.2010048812290769;0.19880230971402865;0.19633390467408735;0.19237958881706566;0.1907445023202029;0.18857797938536253;0.18840840212981344;0.18463658137960162;0.18321319780634548;0.1816384997078075;0.18049643117662767;0.17783967409601562;0.17598413497222878;0.17321556943689934;0.1720588899085392;0.17035287100415059;0.16790140208626045;0.16548521936396732;0.16243179237869143;0.16039180484089577;0.15879558509831596;0.15598673309853323;0.15511032125165938;0.15471840200188308;0.15043818687922778;0.14879365073255021;0.14813587034670214;0.1457543182279268;0.1435472817940594;0.1420725181435754;0.1410182654994979;0.1398934036655212;0.13859438307984484;0.1364918389678219;0.13565441184640908;0.1332268755002446;0.13150994010767775;0.12926056776073933;0.12741705603279915;0.12552942115890464;0.12494017821389994;0.12346732712816276;0.12117656616223456;0.12003801630668391;0.11787841960855171;0.11630752135761416;0.1146016248766508;0.11307168303658531;0.11254101572843224;0.11090141990791966;0.10799971634409226;0.10680964227265412;0.10515683579504295;0.10357142573337504;0.10154604498694356;0.09921230148046067;0.09785508960839193;0.09598363865804259;0.09383058437681357;0.09213905079078205;0.09064186713707136;0.08875206522163047;0.08669651038033233;0.08578217422759844;0.0847428287545839;0.08257363055167026;0.08156118234294328;0.08012424443832983;0.07788195733420307;0.07674278284826964;0.0757167822066129;0.0733040283643292;0.07162673656623927;0.06970570593383293;0.06920754605795952;0.06754376002582428;0.06686618068558695;0.06553668815079322;0.06338354646870063;0.06088877009481097;0.05994851512117004;0.05843464471838134;0.05663752024321208;0.05516003041290856;0.05452932260169393;0.05271252517074589;0.05195603448672188;0.05079114425266422;0.04674381131057768;0.04534774080811097;0.04502590201910248;0.04254791711413796;0.041095789893955646;0.03905977108818158;0.03860500560276997;0.037244747162326695;0.03564465112054051;0.035467615099478544;0.034464728415088845;0.031208752578088653;0.030601158114101766;0.028637079743656705;0.027555784741047605;0.026416603458858757;0.023544254646791836;0.022787959511569998;0.02204609797806153;0.020824504815612804;0.019081966218901878;0.017129546252812877;0.01634271579450048;0.015496249819977959;0.012199395021809775;0.011862424236691425;0.010656870053215764;0.00857271630598716;0.007822855517737615;0.00587688175691186;0.00494583971375632;0.004779865779099951;0.003501606567800069;0.0;
01480;1.0;0.5191386065110665;0.49912694791326223;0.4886021398356;0.4781450701276557;0.4611725968765448;0.45462613928515744;0.44156361083177686;0.4352924803329951;0.4279703581318443;0.41702656298102597;0.4082305579797965;0.4055711386896535;0.39914743030150723;0.3978923557164387;0.3933762756845199;0.383503361128108;0.38224670349217876;0.3740429446886737;0.37301951346336587;0.3687432696218991;0.3653623055467656;0.3626798843351786;0.3574564820300024;0.3495800937936316;0.34843774243576;0.3454296513783373;0.3384322744306254;0.33403940872431404;0.3297620845662571;0.32683539595474964;0.3201600431294312;0.31805555630430304;0.316171154041364;0.3115259347510443;0.3090193095418276;0.30360486552255894;0.3029807604426706;0.30122790604800326;0.29647768054507456;0.2941058496468032;0.2918941232272464;0.2895756486085945;0.2838056835915784;0.2827866460068316;0.2804191864341115;0.27858369331038096;0.2755952074577109;0.27371776104246176;0.27092904028421744;0.2689758497225373;0.2657544071978105;0.26346402769039484;0.26174831032494555;0.2592746110072711;0.2579057981150932;0.2513079287188693;0.24971852179561188;0.24691974133661831;0.2431748899456816;0.23882874834465012;0.2382742560722241;0.23518384662626585;0.234675685711895;0.22888146740090723;0.22651452673139724;0.2257273146464749;0.22379798150364527;0.2193959910678429;0.21737983546036457;0.21509050043053984;0.21354899805648753;0.21139901127301827;0.20943067209973312;0.20767772700608575;0.20523750276365985;0.20453339931781744;0.2025017268139019;0.19982652485526795;0.19615426160035898;0.19375884317881625;0.19197609404732113;0.1916109820109761;0.19025868312845365;0.1878997756631358;0.18742569860935854;0.18317165598396812;0.180145021789476;0.17739715583045138;0.17601104855116606;0.17489801649730896;0.17095153937271468;0.16927138378405035;0.16591465898745764;0.16402111897373545;0.16331870914511096;0.16062805041904846;0.15867659749071433;0.15816120317209748;0.15650754818088566;0.15547564395465735;0.15361003570187773;0.15283564883780687;0.1526696992687398;0.14747026430173474;0.14592380827571585;0.14337771113302408;0.1413094386897264;0.13995820707801152;0.139782075209096;0.13799142042774248;0.1355965496816728;0.1347758925600862;0.13031398101184294;0.12994508631569457;0.12787860264336678;0.12619681058825483;0.12404693167337542;0.12220449467121393;0.11949255491459078;0.1165764388060788;0.11505266790059353;0.1132777776487836;0.11210171438824681;0.11166767053162768;0.11145515219990035;0.107992176144529;0.10580583447183035;0.1043901816752543;0.10338789331683522;0.1010637252907761;0.09876018466609883;0.0980200100276137;0.09674956059651627;0.09649449074583792;0.09391866965888314;0.09288150060553621;0.09228137669010404;0.08961070038448266;0.08797054043383255;0.08601739637934022;0.08493621533067523;0.08257994878673883;0.08151453019283507;0.08024029417010667;0.07911332132190746;0.0786179847135996;0.07597061344630701;0.07432456435206028;0.0718233359009434;0.06976585185325733;0.06838279808624087;0.06748139558054067;0.0645742853717885;0.06410863960313946;0.06242059912901364;0.06182144969352705;0.05922601918271401;0.05800738912178672;0.056446963043702926;0.055008646839338454;0.05453149914473657;0.05166987366888068;0.05108118146834878;0.04955816799340285;0.04771204826942992;0.04673836741497063;0.045726181429118905;0.04503782237150968;0.041996753506098924;0.04103692549932447;0.04056486898599671;0.037938209304966435;0.03675356749780648;0.036219036690325584;0.033976078451986295;0.03221113483282082;0.030554608457095043;0.02912781949730476;0.028044076151565973;0.026593782727682418;0.025127819881724744;0.024076222002270897;0.02217177927382583;0.02125774581284711;0.019545607982882927;0.017220221521035486;0.015806330065138766;0.013836181870366322;0.013121528449743094;0.01070153420724046;0.009190169254251462;0.00788383798210445;0.007258770371580032;0.0067243406978856465;0.004982515593878972;0.004315759417950363;0.003009749668482593;0.0001955624497255311;0.0;
