1.0;0.24736073494853622;0.2383416537049869;0.2370363653974017;0.23199560114588805;0.22866413156154278;0.226048782110189;0.22450106638828127;0.22292820619323792;0.21533406365343688;0.21306710613952104;0.21145903841100225;0.20953092757267866;0.20809962137518304;0.20417559720629785;0.20181101604442386;0.1989579362692179;0.19805190849138105;0.19267338836434328;0.19150677938931948;0.19071072928210225;0.18916671044598662;0.1863572727765118;0.18498733720545585;0.183322473896583;0.18321799759919552;0.17996409934898827;0.17771631202341384;0.17626126197775327;0.17574106223485877;0.1748145567700182;0.17268312521976498;0.17067969488207613;0.16946340309480032;0.16781236127198942;0.16673768530274877;0.16383291804924155;0.16268105347257292;0.16085998835518628;0.15962448469393983;0.15790039641142473;0.15750443523992805;0.15727221243919584;0.1554688912738328;0.1527016328376871;0.15153598226677314;0.14990938654711258;0.14887451437186924;0.14627221731065035;0.14441239686926635;0.14330686652018831;0.14241657152684817;0.14079445828043366;0.1405160203227466;0.1382826255080328;0.1358870355959966;0.13561688694635;0.13480345414660758;0.13397403289524976;0.13277574080485863;0.1322158166640519;0.1293968718990943;0.12934987455217334;0.1285323811678298;0.12735789029276376;0.1270105631559123;0.12525416231168723;0.12281029316205125;0.12188199068880438;0.12027361976197247;0.11930146312937302;0.11823217115494997;0.11801486273047582;0.11696584133875841;0.11610524039672106;0.115179308624069;0.11342963309771954;0.11186608801159767;0.11089412627749307;0.10868515228393519;0.10686585212228852;0.10640469376932135;0.10541945617562248;0.10430630654964464;0.1030596480775608;0.10226349948003648;0.10175285195019483;0.10079494667619186;0.09990287135143266;0.09872548619296603;0.09833115238821073;0.09750514334729218;0.0961004771294195;0.09506524821356879;0.09429777985099419;0.09333214328954492;0.0918940867578749;0.0912447608686156;0.09072479491886733;0.08893544413591482;0.08845549895103831;0.08766605659223439;0.08653217961253352;0.08531148126882818;0.08369681803600795;0.08345450681284332;0.08244487800339428;0.08144588051432386;0.08022460838132388;0.08005728602751107;0.0793681940392065;0.07801520865356015;0.07742949793757041;0.07660308528947082;0.07497282144262692;0.07417006162084705;0.07212089117532969;0.0720208074076948;0.07072696520454545;0.07010346674832267;0.06929206027566182;0.06859322688124585;0.06792149648136839;0.0668645461002187;0.06628927732434714;0.06475133658817858;0.06362951538774951;0.06279428313285743;0.06234612745460083;0.06155196831387724;0.060097151634921124;0.05856074571110278;0.05736942272127927;0.056751225286041186;0.055847265323873733;0.05497444087857577;0.053614814746375396;0.05337293216569595;0.05140048803458157;0.05006660541332772;0.049585562928666185;0.04888968275758797;0.047973112944358125;0.04710039998796793;0.04664829033481323;0.04524673942453732;0.04481908244363426;0.043908305311377266;0.04327638320449029;0.04310694309898801;0.0413869043011001;0.041182959957603474;0.0406004677889585;0.03962551602091526;0.03903582226320327;0.03803322218004027;0.036970036428775555;0.036118054597058455;0.03455573956863369;0.034237174284464544;0.03338231336467535;0.03230155432795204;0.031101257830582752;0.030341296918143128;0.029024707567567778;0.027905531243371078;0.0272287737507409;0.026774208010190464;0.02579208275189646;0.024821414004854273;0.0239001051644523;0.022811389114319052;0.022413277568849435;0.022265743605449976;0.02208902452473588;0.020339932049480883;0.018915300187798054;0.018272023438757747;0.017468506485410533;0.01682912984163526;0.016300631840799794;0.014989989451047406;0.013278237131775813;0.012631025542858249;0.012350545286008404;0.011192130861114332;0.01014626679510195;0.00976066449361454;0.009474525004885832;0.00897852996442467;0.008158374073759663;0.007018455418959665;0.005971227311818606;0.005052101203358731;0.00408831626950323;0.003586693186539076;0.002540436997238809;0.0014441576841071136;0.0011605245139198563;0.0;
1.0;0.2595655117733993;0.2535774506592612;0.24770062625929246;0.2433280019957895;0.2356463835982174;0.23461287555218693;0.23291278812353466;0.22603862953671666;0.2220738451583089;0.22090011540190493;0.21686658895356192;0.21498605786781175;0.2135386838501166;0.21019834933203813;0.20851670733054029;0.20654630168596683;0.20323745401916907;0.20072787606526132;0.19924554967806313;0.19761447794159345;0.19560133244909836;0.19076521939532548;0.1891237655560709;0.18668688268163888;0.1843703621626309;0.18382073031166937;0.1817789838827364;0.1802529785314898;0.1789434900012867;0.17879602990770316;0.17749732203561455;0.1769410652699271;0.17406020784090676;0.1734948082075586;0.17170010656071344;0.17019442604725862;0.1682654710308217;0.16600192642801223;0.16473915322259666;0.1635309451812707;0.16292496859292832;0.16072478524394032;0.1598169825337638;0.15753557601401552;0.15583537970444789;0.15525150407837116;0.15294593055134154;0.15203871251851706;0.15048287256032838;0.14828159581358646;0.14572128424176095;0.14560768926333426;0.1439450559774351;0.14263679308093127;0.14087722919500378;0.13993326611731233;0.13885354273496023;0.13680466757283227;0.13627724457616694;0.13554952161733202;0.1349288376784267;0.13374193267490786;0.13323123445024515;0.13040157940588412;0.12954460706077353;0.12760583387560154;0.12729033246917842;0.1252480949771054;0.12493606766295644;0.1229427527440468;0.12215601315258581;0.12121476228423635;0.11989694121322468;0.11916945126804995;0.1186422416945183;0.11790165344353912;0.11528342937332453;0.11476925855169065;0.11358818970941889;0.11235677642890557;0.11064218757843924;0.10968462450956327;0.10887408970467972;0.10641957214462287;0.10616322421450183;0.10398931974933495;0.10298145708158296;0.10223100694090578;0.10127295345717562;0.100757611277072;0.09956980510557652;0.09766196828047218;0.09725130250617499;0.09617967743360348;0.09543893684590678;0.09421192292690293;0.09244546850963734;0.09186694325702005;0.09088456528833995;0.09039493496819455;0.08903815629996743;0.08782623126684984;0.08745063754932582;0.08662008776562888;0.08623764958746528;0.08455426249731796;0.08388761777558763;0.08338356763488558;0.08199095907216888;0.07983367864286536;0.07882011823455978;0.07853941213934668;0.07639929834953112;0.0762369787206777;0.07532555439519717;0.0743887040649397;0.07384667302930686;0.07250490108411953;0.07095861237382768;0.07031212279024109;0.06910399621076405;0.06728315679160914;0.06662632457240802;0.0656420026105079;0.06543763163949391;0.06376404109396117;0.06281168236689263;0.06173937988686605;0.060763666687452464;0.060175444970978195;0.05925229127273674;0.05793429690960578;0.057137517923925234;0.056435507859014224;0.05522530508151383;0.05455079420833151;0.05366966491992362;0.05322260617049599;0.05155899647647387;0.0501391733810117;0.04963387439371333;0.04957999042875883;0.04841212841363642;0.047353316183794104;0.046303035286488874;0.04573555051228632;0.044634479819868594;0.04367102214077699;0.04301535211103904;0.042139012593738936;0.04098716819000771;0.03948773647089488;0.039192548556490604;0.03839744250973861;0.03797295640726458;0.03740413835287726;0.036167414497641874;0.03576048220324579;0.03449225347226092;0.03385042969665009;0.03296137711202998;0.03162564963698373;0.030611851259751206;0.029911582915647085;0.028777260904339796;0.028255252981251856;0.02740810099394469;0.026521408128396713;0.025579417974564967;0.02514566098249385;0.02451159068802167;0.023651751354568065;0.022874033326410664;0.022328889862033498;0.022011983496149558;0.020460650636971396;0.020109291448417936;0.019232791099268523;0.018035337677623407;0.017872105172970918;0.015796561731086345;0.015563227672503063;0.014320126940278245;0.014122632602774271;0.012732941512453298;0.011766235096293215;0.011059918024731398;0.010052307375428114;0.008280500471094758;0.007711228451064097;0.006933391524512879;0.005290957384949793;0.004917914048915056;0.004708811598003337;0.004157717050713804;0.0032217731349397567;0.0016960421348086634;0.0007058052880507466;0.0;
1.0;0.25651113672343645;0.2520024688653774;0.2457105697104853;0.23895389277124066;0.23738810757478396;0.23221786093683586;0.23080052083895083;0.22881539639443502;0.22695756567522193;0.2235479798414422;0.2198623954800447;0.2182778799009057;0.21179193343422337;0.21067795539951495;0.20855788775374207;0.20593616577660845;0.20425924936693704;0.20352316869034004;0.2019087771035573;0.19801100520249265;0.19678071390029864;0.1955085716556766;0.19396329362276107;0.1924022228679642;0.19071186284100605;0.18855470730384422;0.18723861075588596;0.18328497146624886;0.1809730015552522;0.1800095023810271;0.17904689530946682;0.17783560492719067;0.17566131484431904;0.1745127406155647;0.17195495569276545;0.17063210319760438;0.16804476747256727;0.16751673153571572;0.16725339361514424;0.16427700313069057;0.1634888662619991;0.1628283161832859;0.16071930597826728;0.15929820636191608;0.15807975412786443;0.15612413150738225;0.15434015265791973;0.1536057808136716;0.1525230716372962;0.1508672590877338;0.1491804118470642;0.14761137467444901;0.1468165500201176;0.1454987352790398;0.14436816837059135;0.1428015110577087;0.1415119027171083;0.14047434991560523;0.13821976712566067;0.13769248598490472;0.13589061422161416;0.13497662470460664;0.1332750927981038;0.1320725657350382;0.13160106069571736;0.13026389999074578;0.12831724115758592;0.12728346349022437;0.12659630804196817;0.12572793645317318;0.12343770491937628;0.12329756055258705;0.12225700208126994;0.12049096719608375;0.11999150992249911;0.11906114330047933;0.11644519520926276;0.11549080903426102;0.11366121184845163;0.111371961932707;0.11024328308286097;0.10929741312426658;0.10876429271110309;0.10721701615928923;0.10635454883776274;0.10582290322866131;0.1054176601431998;0.10321292006720985;0.10238609197897598;0.10234855636803133;0.09924450839722;0.09917430884866406;0.09857737231331026;0.09711012274496533;0.09692269214914963;0.09516412552381098;0.09423364657938851;0.09372559327795824;0.09227449030909093;0.09133527992398857;0.09060401628155783;0.08867952603172162;0.08696285321051446;0.08630384324152184;0.08516363529515358;0.08420516349888436;0.08345801832451581;0.08305317989676263;0.08167592352329207;0.08061569590237118;0.0804024341131391;0.07887250111698836;0.0785327623147277;0.07673026380652986;0.07538477937462437;0.07435203597788317;0.07332155462842188;0.0724941707960727;0.07056235001422162;0.0701781117816723;0.06902296122088733;0.06875982428392939;0.06799049533667934;0.06707190606318082;0.06604668148365928;0.06457702168161947;0.06390795562640765;0.06170658748344261;0.060500396416216407;0.05946557939245732;0.05928234048464051;0.05803670126223406;0.05703061487215903;0.056378186944254595;0.05523913213029421;0.05480446753329546;0.05333701089460207;0.052478069730889455;0.05215407040763056;0.05121687336128661;0.05066935417832407;0.049722985303599684;0.04864359588620683;0.04756004730404487;0.045799752970142514;0.04559697929857313;0.044051342537233515;0.04289597269029054;0.042528540846636174;0.04128580046863988;0.03955059274069311;0.03907634749456388;0.038667534423633715;0.0383530540107338;0.03639853821695338;0.035657149004182265;0.03540331650207196;0.03497178352873253;0.033372227374202125;0.032949535506963105;0.03239038065143715;0.031206666736189822;0.031091366795300657;0.02915550611038817;0.02789501699294459;0.027576207223348154;0.026202210016378378;0.02513479483240436;0.02445550459168033;0.02397247558826929;0.023430565125413187;0.022145980366110807;0.021616313638819253;0.020689413993856102;0.019794836235037645;0.019062888317541465;0.018094599453857524;0.017612291015776313;0.016335430675689454;0.015664824485070346;0.01516602143483324;0.014116795866880609;0.013722311035471441;0.013245970297603755;0.012413275000762029;0.010769971818549648;0.009584003833911819;0.009275961641374281;0.008674469611264297;0.007427260255171145;0.006817346224066965;0.006111020002348715;0.0047137888996433615;0.003933597081925374;0.0031130563269245936;0.002419662075709112;0.0022196942418292766;0.00024356525475012782;0.0;
1.0;0.26540699075310203;0.2636118956626689;0.25618909436395637;0.24945370074203221;0.24797708531787124;0.24424109443100206;0.24080663856900736;0.2349556580762642;0.22650985709582686;0.22516482520323317;0.22242405408374058;0.2160783073741209;0.21511219179995184;0.21153428564972276;0.21105827943410596;0.20677567789373935;0.2048050967758715;0.20282595572601694;0.20076706821431795;0.19934479137068795;0.1964156761914156;0.19625354043382975;0.19519414730854692;0.19417926711792083;0.18978965838861986;0.18642459348000182;0.18597979601159492;0.183591707603205;0.18235237679129299;0.1807288743957088;0.179125519300076;0.17565438603584776;0.17505984074816128;0.1739461162615791;0.17306457811053733;0.1724937545663834;0.170749077238746;0.16829722656611473;0.16684463614647696;0.16594880894962705;0.16425975299648607;0.16268993864545722;0.1601691572949481;0.16010453436004102;0.1588790587769003;0.15725222346881473;0.15364123558861698;0.15303697621463852;0.151783761313518;0.15031580449658907;0.14922861175303945;0.1479920866763018;0.1469492568547607;0.14594422036516363;0.1449012961760875;0.14340788653629785;0.14206336555729585;0.14067196117510936;0.1395606403116951;0.13869622168238324;0.1372511584632739;0.13520600816810724;0.13440534632018108;0.13325676351370788;0.13272832269347562;0.13066079181474916;0.12994053512927892;0.12801264021957612;0.1269732077668565;0.12671933453475653;0.12551105399170057;0.1244661650980654;0.12250531448108098;0.11985416439371052;0.11960273052708319;0.11840273674846052;0.11675863022018841;0.11648638882619083;0.11583953725506667;0.11430918521106757;0.11275672440366978;0.11149675924288688;0.10973024371976103;0.10928167685121361;0.10920101529491358;0.10825829988604525;0.10688778641499214;0.10466576026675112;0.10336715930144524;0.10328161721361398;0.10185533930599142;0.10129025963015144;0.10081216830304156;0.09911248681520464;0.09875320808754648;0.09732024684187703;0.09557408827752009;0.09434544624134164;0.09373524885581763;0.09119224699102085;0.09049969424104458;0.0891434010827817;0.08895747298988649;0.087999320197586;0.08588817231338831;0.08581851280489745;0.08435509901896332;0.08341031263701704;0.08144189369932953;0.07992572003020613;0.0793680752934248;0.07888104076444684;0.07752599250238836;0.07639147074404043;0.07612547703200241;0.07538162458328435;0.07457537070918392;0.07300909631734877;0.07203191747434134;0.07118015171942861;0.07058461088853876;0.06837458587007778;0.06790646734436219;0.06709634488956188;0.0657598702831942;0.06507235699153903;0.06431535856039383;0.0642084963702733;0.06213597945124375;0.06196976396065759;0.06053307469003802;0.058567446425092165;0.05794073344590266;0.05677100802821049;0.056375246030412274;0.05527829948622684;0.05496710795926489;0.053647477010867736;0.05316199644419521;0.05161153531238337;0.05137387689555981;0.050468977110818235;0.049171574475121375;0.048951276957945905;0.04822348413813251;0.04655096082337227;0.04624047453238945;0.04499999113380861;0.044471512083536426;0.043234484413803655;0.041875642145411264;0.0412307955229403;0.0398211536550121;0.039112907298671146;0.03829901606720953;0.03764275031506539;0.03676498627287981;0.03632411129572105;0.03573578833550798;0.03500360189120881;0.033421521581624515;0.03188346187262926;0.03131589340852592;0.029908586916655763;0.029485023387786375;0.028102563830894167;0.02734144226659963;0.026113401558107086;0.025426547139298986;0.024389200979320166;0.023560711544591825;0.021453970637811112;0.020485622505488445;0.020118989692425208;0.019448014598150758;0.018457716470008795;0.01780007124177407;0.017274685765261213;0.016112185705112206;0.01561557968422013;0.014432217418984436;0.013999854414377462;0.013023223275136723;0.012496081264371304;0.01236616052068645;0.011757644729577995;0.011216912425473144;0.009762520750266715;0.009068973754187314;0.008890000662915218;0.007198876330255243;0.006153434373258327;0.005077835729131211;0.003854390212411204;0.0036807226957276348;0.0034630119266342596;0.002294737936994723;0.0004667258018057438;0.0;
1.0;0.2654002136495673;0.261245268394616;0.2518622687983611;0.2482803550951538;0.2471640818599892;0.24208841981787182;0.24103076165953907;0.23814886228100482;0.2322646172794118;0.22980427618239901;0.22900126360812623;0.2266761006812543;0.22367704628431706;0.22166724416013295;0.21815987964329736;0.21284645205869998;0.21086396894719253;0.20824288298250251;0.20726072727542882;0.20472822125024592;0.2023401047326577;0.19833009701670212;0.1963761951563598;0.19548076634687092;0.19333934045812495;0.19176413437834958;0.19099423933685067;0.1896080771490437;0.18739252327953826;0.1837219450383525;0.18281886732005634;0.181688264392535;0.18089146827392585;0.17837633697449176;0.17772520329341382;0.17602372862417565;0.17479362703442985;0.17375367743148193;0.17073145984935056;0.16991306031453632;0.16864495313812577;0.16798786340329844;0.16513626698984443;0.16454850662275244;0.16017496586558866;0.15944256922741046;0.15856970688281113;0.15824906836923952;0.15792946184835233;0.1552121522130419;0.15434035142729927;0.15306276083652062;0.15167352826777306;0.15063134132041658;0.14933480135894847;0.14828811944363834;0.1456537295348109;0.14477961857197616;0.14375562387175667;0.14324996079051736;0.14219241883975134;0.14061690509908994;0.13952059500268993;0.13828651859717273;0.1368690899622817;0.13530630206879893;0.13351060264318776;0.1320843614494355;0.1311502225459608;0.12997765056908958;0.1289195025944647;0.1269363217065523;0.12599974744656325;0.12422571734202272;0.12365309502168151;0.12230686285598023;0.12192879724891016;0.12083611009993536;0.11963197343563804;0.11875737009948384;0.1173054835786032;0.11531486197362159;0.11415821329813175;0.11323179950288322;0.11209754470809012;0.11188215043343999;0.11119233661393466;0.10821662754807455;0.10754348243690692;0.106609776469367;0.10533488501517375;0.10387309491884399;0.10342356281489895;0.10144094845966631;0.10022703354705524;0.09954627308275252;0.09842638478649268;0.09692884938632958;0.09587592734598717;0.09490890176941362;0.09325089821994788;0.09224667851910348;0.09147208026867708;0.09071465962252731;0.0892725991191145;0.08855334661978112;0.08672128338123766;0.08582960804887657;0.08455029545917372;0.08433788709391676;0.08298010161704265;0.08168330995882526;0.08082804980872478;0.07981245571460337;0.07920142561908855;0.07768681969103436;0.07660061093942894;0.0757507177767908;0.075436496232501;0.07272268767557542;0.07160604036736605;0.07065054047725736;0.0699543939246429;0.06890513930280515;0.06822322913877157;0.06721708911626861;0.0658637227177039;0.06556625935483366;0.06403163522147536;0.06254110907385692;0.061894933062143276;0.06132902702994628;0.06010851921777544;0.05937567645789601;0.0588183327125504;0.05817068139828726;0.05811693102224592;0.05541207795630148;0.054532128603758265;0.05308945839772676;0.05242209473187044;0.051717768629824405;0.050711225780884266;0.04987490409602158;0.049181421692302;0.04808731799100587;0.04710804698032374;0.04530669037019991;0.044964591262958827;0.04370375484985759;0.043261056123419295;0.041337175582725066;0.040570768072668816;0.04010912739818798;0.039858184959078766;0.03894309737963055;0.038175644629875605;0.0366501740763631;0.03623146473676624;0.03549742518360001;0.034604705955705084;0.03360717648173189;0.033389921341968984;0.032175296400729525;0.03125515573821828;0.029341767065712617;0.028277347210817004;0.027801382594335084;0.02686412123760665;0.026409830146912738;0.02511352581715981;0.024493568328153068;0.023717658730998452;0.02257467488268958;0.02208834735118636;0.02122338271111102;0.020462576054547876;0.019319682053627836;0.01911173953879383;0.01820374289771452;0.016980295603158432;0.01543558692572035;0.014738841445250585;0.013705127609857445;0.012662719029273609;0.012059060805584115;0.011950609793149092;0.010474789342274091;0.009409963928473443;0.009175395937166693;0.008700250526469843;0.007546191281559631;0.006419666208070673;0.005720029215130094;0.004627624832994293;0.004431472792524478;0.001569029841396099;0.0009785125217050036;0.0;
1.0;0.2746253081191173;0.2644614729014106;0.25612946109243084;0.2533033784959047;0.24695248429653296;0.24393469536000076;0.24096698064389208;0.23720961676513305;0.23296620918753094;0.22997981205522883;0.2266316576307905;0.22364419249912168;0.22034955356886707;0.21934970962104075;0.21681545753385534;0.21388700062192414;0.211459727759116;0.2097964386860742;0.20689355195434442;0.20591502311201604;0.2041823618139899;0.20296230927361508;0.20066443896061203;0.1999249347986618;0.19662627267732732;0.1945349944576852;0.19272005178004709;0.19141131353264862;0.18820938492476297;0.18582382250309806;0.18324923634063206;0.18205989969708739;0.180507137110036;0.17855151426539786;0.1777559309271344;0.17562013229295395;0.17498464956119875;0.1737422463028037;0.17223582956145378;0.1700182189887104;0.16853320953402817;0.1679040914823585;0.16525535364016553;0.164244774677096;0.1636723276065814;0.16161071592507964;0.16033356220627426;0.15777218871983942;0.15702015810195477;0.15484141028725568;0.15320591888200194;0.15297103973556433;0.1526231167709212;0.1501102079272219;0.14995515028451067;0.14730125005337924;0.14550578892410487;0.14508675795930792;0.14383651124579236;0.14272370750290572;0.14237812025891625;0.1411752869769813;0.14055461632270513;0.1387574365198623;0.1364372122984057;0.13529132456681256;0.13294646856215273;0.13261111166615594;0.13050670638573397;0.12908186348718445;0.1286042284929099;0.12687067870889326;0.12609974082209474;0.12505140369853496;0.12247324146350898;0.12138657620967858;0.1203298590428123;0.11862721700271973;0.11767279228461028;0.11578044742919028;0.1129641545020958;0.11163920655432158;0.11135841713440871;0.10993178264359697;0.10898040430155642;0.10846991271499447;0.10718892028105706;0.10666262663078535;0.10498546482208547;0.10377276473527827;0.10291245000001427;0.10263584259111096;0.10163763352234728;0.09974554089312418;0.0978545135603196;0.09649807707195335;0.09565251360759988;0.09475175249813665;0.0940628726052221;0.09375473083503867;0.09142629567491746;0.09105482792357801;0.08994337866634004;0.08899103365128741;0.08723667118723497;0.0864976732060061;0.08593742179929216;0.08362308576352956;0.08315719320459199;0.0815299467398332;0.08023307052850844;0.07952591900001643;0.0787668591806147;0.07831055855431797;0.07700967107741395;0.0764314848587391;0.07624944410673692;0.07496341300993649;0.07328361000652127;0.07248733991165941;0.07137661796504513;0.06950851747513763;0.06861611041590258;0.06720746875163093;0.06663194733917577;0.066133682477841;0.06549813866581904;0.06392657213003074;0.06323021978448504;0.06248062852452251;0.0619662107559658;0.0613886381011237;0.059243737973332655;0.05886610750788973;0.05769739317020253;0.056743235017561226;0.055530158260402564;0.0544154739619621;0.05374069052380108;0.05237833469239271;0.05178832959285108;0.05156583678891717;0.0504276469617333;0.049338526513242;0.048283906237541876;0.04652437041386542;0.046091996759112665;0.04498397535015366;0.044305976806418214;0.043752607694267025;0.04255297439713698;0.04204239576880565;0.0407407230418405;0.039905040152053234;0.039100147314210694;0.03756364100696572;0.036656056534394056;0.035362684751385536;0.03504520617969405;0.0343616371072075;0.032984287232738496;0.03264360071814258;0.03166074758730573;0.03018087815815849;0.029190053475338703;0.028503081958249132;0.028074005556551956;0.02782830243699215;0.02684667145666602;0.026235340410678425;0.025447960584364587;0.023571859184547343;0.022147926690767202;0.02195887018507618;0.021373319752606135;0.02020698425381056;0.019544178801493742;0.017956564546808235;0.01677920959909295;0.01602402003476685;0.01507992200705963;0.014022038630413375;0.013908336139164505;0.011995722807652678;0.01190094124969082;0.01058922825435954;0.00998346620597735;0.008745602751753404;0.008149636539182617;0.007878649755589554;0.006138682306687203;0.004721967294016433;0.003923068111096057;0.003222541679670689;0.0029659551489444936;0.0023823691400061656;0.002053307252323297;0.001183643668179469;0.0;
1.0;0.2807434060616539;0.2627681126985145;0.25900407778475765;0.24946910119760557;0.24722919673149818;0.24400671946377198;0.2408912890097595;0.23535345950292721;0.234058262233057;0.23106292369482306;0.22834503919878374;0.2266971540967227;0.2250972871505589;0.223435528225894;0.21919244352666167;0.21760411362279322;0.2159741257225711;0.21247562558668326;0.21151673166063872;0.20866714261110028;0.20802891488733735;0.20515028236919924;0.20390823342093573;0.20123166351478156;0.19814013650373516;0.19749114460771747;0.19698102595690495;0.1947753600863012;0.19229847205941616;0.19090963478944628;0.1882005297981578;0.18496889847058876;0.1840911398208494;0.18240722805435342;0.18073737857075678;0.17917193424846087;0.1763533861287169;0.1754660376235724;0.17211297866250563;0.17198853565794142;0.1700002135041452;0.16913491837168498;0.1675565308125052;0.1660946035739626;0.16350930535524424;0.1626212721794219;0.16187862625834631;0.1579833442567833;0.1573477694920302;0.15580520451238566;0.15406551674479224;0.15337187413720405;0.15307194490739393;0.15086592774032676;0.14931591666974045;0.1491428118312333;0.1481444700656969;0.1460704024854089;0.1444657069501791;0.1428558229642662;0.14180294309538036;0.14042580905748098;0.1392459872735628;0.13624536537938275;0.1350888920756996;0.13454070995562814;0.13397876910922477;0.13310494882886356;0.1323642644998967;0.13026111590691106;0.1296838982032484;0.12868938051613205;0.1257213472765203;0.12434988043132726;0.12401315040918862;0.12344387350605471;0.12285378004370913;0.12132626197487893;0.12064735198261774;0.11940053556681869;0.11694954550546334;0.11617548445740856;0.11566522287247781;0.11440449246108923;0.11350050487439373;0.11160628231649607;0.11057672695661781;0.10951777717881672;0.10849909750515575;0.10830896025185506;0.10485071106311476;0.10422303416402225;0.10262693589420337;0.10211247256289523;0.10112349829405379;0.10089104432057466;0.09824829360496336;0.09759005395265372;0.09591313043315121;0.0946534308523105;0.09375385738025702;0.09265130195118128;0.09179051171779254;0.09151502842385704;0.08977495917966609;0.08896118676788467;0.08846937991407865;0.08798513209987306;0.08530445260594392;0.08395996467189516;0.08280540564815182;0.0812399806452893;0.08047391847840131;0.0799135444594413;0.07893213867656278;0.07823377415222335;0.07636778781919448;0.07505743708863559;0.07328465335042543;0.07260215902544669;0.07229615786294455;0.07139220898153277;0.07030062443631169;0.0696441083005581;0.0687783188374303;0.06839359446463658;0.0674893046121537;0.06558591697064924;0.0639381294649781;0.06369704020939927;0.062245562656355;0.06076596641653189;0.06038772509833797;0.059592064769262945;0.05886372870967751;0.05845410120843522;0.05751138960246875;0.05604293987628039;0.05513680464091054;0.054409252856200116;0.05352224052240189;0.052776796485868874;0.05239694695514473;0.0510218671194061;0.0501058410469741;0.04822725221684788;0.04818968895238204;0.04774741909941399;0.046848729683364114;0.045403740641030144;0.04433751626607167;0.042876113106007176;0.04251456391659229;0.041181430465308436;0.040653513582418886;0.03934279681941435;0.039070578571431064;0.037110575937484715;0.0363821949122866;0.03594402047784133;0.03436943850062629;0.03377944311715012;0.032644348900989356;0.030932842853196564;0.02993736357971941;0.02904454021595711;0.028556912324833574;0.02731547864990599;0.02640007517917106;0.025491880633238446;0.024766348722479504;0.024441930418469923;0.02218126560969416;0.021878906118764137;0.02154520310099061;0.021078893402527003;0.020560749884750908;0.0197369492187196;0.01872816987446895;0.01785959364275511;0.01719703149121876;0.016757667453215542;0.015230174839065372;0.014004560955872662;0.01223530325506243;0.01148535226727256;0.010491640957677281;0.0100843952290473;0.008226963202498187;0.007645798599958722;0.006873856363305978;0.006155814358609694;0.005277979266838384;0.0038198566310565446;0.0033028478852502106;0.002859042222681248;0.0022110572206250063;0.000822291182328244;0.0;
1.0;0.28105181723774075;0.27164709678785864;0.2660571045560701;0.2544575240485108;0.2521273355103451;0.24513660946024532;0.24391689881450962;0.24055780507694433;0.23889933022693116;0.2344429847103035;0.2297728554400142;0.22854497803231288;0.22451989994314528;0.22048446254406737;0.21823387347474568;0.21702155813358026;0.2149597320048363;0.2134079071549766;0.2128132844542982;0.20962417259372904;0.20603644780967573;0.20350006290882344;0.19939604526376856;0.197789129344837;0.19710048651493642;0.19560115740256964;0.19391194097357012;0.19135063420892237;0.1892379509102475;0.1875143177898348;0.18655039603350823;0.18356063455403535;0.18193686952655366;0.1806585941592908;0.17993314627965198;0.17766888637379816;0.1770370913192687;0.17601781331050367;0.17454801331593103;0.17106363441950204;0.16958590740907292;0.16873425538017617;0.1674264251099669;0.165459304147939;0.16455582665165067;0.16333334359039253;0.16245448682248007;0.16045341238881414;0.15835660310862953;0.1570054688465672;0.15554287138485215;0.15325606831660357;0.15265882714839257;0.1508573014338506;0.14989763072953138;0.14831800895726727;0.14701818546000076;0.14617326116164306;0.14287385148052317;0.14265846429319762;0.14167540869412387;0.1408015182909774;0.13904920812174884;0.13769492550863302;0.13712169083448777;0.13451088503756775;0.13347100048170984;0.13324408405577162;0.1312395580054576;0.12920189103845384;0.1290524261656609;0.12795612443810545;0.12658170598644364;0.1256735054641081;0.12429593963649087;0.12428605316820814;0.12357623054316551;0.122585452336961;0.12160091586513129;0.11847490556620939;0.11803525990124854;0.1167820352376765;0.11519283786796379;0.11486770421735289;0.11401478005438645;0.11137554707100267;0.10943579794669393;0.10911135877453855;0.1072111446771222;0.10591212164946019;0.1056340739851053;0.10443547754658083;0.1035484218936104;0.1021129015323393;0.10104330929566081;0.10013103397364448;0.09914903042757899;0.09863104597659252;0.0964131225358527;0.09527736992631348;0.09408661096885884;0.09310810773831701;0.09176125362165889;0.09131201785357218;0.090706866652739;0.08854253788260222;0.08748287953705508;0.08503908729929674;0.08420900440506059;0.08281698954264705;0.08258908868996845;0.08243927047709763;0.08088859825711676;0.07956150017006226;0.0791273052026403;0.07827493346695583;0.07718874477537917;0.07609507490023869;0.07432493332864573;0.07401923143966178;0.07347245426662874;0.07296487818550249;0.0716548165124902;0.07073311035175991;0.06860559489796775;0.0684122604085;0.06712406363156301;0.06656260643202644;0.06533058250077269;0.0646824267304293;0.06301546991071386;0.062200880736605235;0.061869349315989905;0.05997516663824794;0.057634288400943624;0.05686263337597889;0.05598147072552549;0.0551837954545089;0.054765785976964486;0.05387403197137304;0.05304127297177109;0.05198236124103197;0.05053801034254069;0.050208311584062804;0.04942872704108913;0.048342554654542715;0.04745813739786093;0.04632522458602016;0.04561891448936391;0.04424337145200801;0.043704616555612405;0.04275633443856934;0.040872455344028565;0.03987926354513887;0.03889645629507473;0.03884870980780134;0.037679499356168454;0.03719695852686009;0.03653334805862384;0.03467126859340378;0.033662408396367145;0.032910979564787994;0.031837412160893995;0.03074281351931312;0.02979178589354191;0.02915080323233375;0.028516896613564834;0.026784677542323346;0.026233017267408138;0.02543135670556728;0.02470950287510595;0.024195779397424812;0.022676179162224315;0.022070990828232762;0.021763269987039473;0.021038375150738784;0.01916700993211739;0.01893445470937082;0.01819583469247997;0.017433303787335996;0.01633413827558474;0.01593453160653701;0.014485195309300966;0.013884605273744698;0.012438947358633993;0.012226838704699197;0.010852888734466113;0.01038657926180459;0.00925237482773276;0.00832870598470287;0.007437164455447934;0.007007942028020411;0.005389123845056396;0.004064560122320174;0.0033516762167613737;0.002777609731245519;0.0018952087462556827;0.0018659568622511255;0.0;
1.0;0.2855709810167338;0.2723875169357635;0.262444874706282;0.2575817647415041;0.25257310549541867;0.25141750716736044;0.24769327074381067;0.2424122775059334;0.2420496439448742;0.23810862006164388;0.2338382424846774;0.23261003376047618;0.22933689072637362;0.2280179746579697;0.22529796674373567;0.22193747198075453;0.22106331626121248;0.2162885716114674;0.21585366958023686;0.21312723818621176;0.20972998676960153;0.20674232282210958;0.20632201147458587;0.20487996248926624;0.2030337911660073;0.20095167124550492;0.19883815707558367;0.19874031750240884;0.19580302919607753;0.19444742286059857;0.1919076394662912;0.19152553868393496;0.18830582276615748;0.1874779281961155;0.18492726906377505;0.1825436792404934;0.18040217997977007;0.17927978360966781;0.17688945028015157;0.1744979064318223;0.17367354651267128;0.17145423727513537;0.16957393822174324;0.16941105693267317;0.16709381074454094;0.16642518264672215;0.16551770159518514;0.1652922525716135;0.1628648996855659;0.16055942368598666;0.15986731748852206;0.15887174403886326;0.1560058820041604;0.15528722046291304;0.15346464502371931;0.15276228847214612;0.15236167940584594;0.15057460076753976;0.14847226357746854;0.14777560118542143;0.14569798938839235;0.1436832777564935;0.14350765734365584;0.14219602100227915;0.13925787313641877;0.13846725469083257;0.13675743774847315;0.13486427932521491;0.13358273733877876;0.1332033591433556;0.13252660296000032;0.13003765808499654;0.1287992559385684;0.1273805330599526;0.12605448477217546;0.12576507680181825;0.12390220978761338;0.1226105857699061;0.12068667331528707;0.11927487759649891;0.11813351969697422;0.11683675217774063;0.11629595111699018;0.1148067940191832;0.11373173025427843;0.11263939785224376;0.11198462427914727;0.1105257358926858;0.10997449922220016;0.10907634250200296;0.1074243049500285;0.10562114389173176;0.10525167404351825;0.10431596299853939;0.10296540007494756;0.10064677715974302;0.10022292966775782;0.09858001938996247;0.09777003085289586;0.09759723829697259;0.09630846696709468;0.09540114684933093;0.09455694211160143;0.09276547479511361;0.09187520360967287;0.08973026383345327;0.08898278979782039;0.08853947824258646;0.08704525089104012;0.08559008441071407;0.08478905391493347;0.08241452078532252;0.08182836364169274;0.08006112608789866;0.07998630302723914;0.079053628705803;0.07799929087689572;0.07679566541920474;0.07620206513548386;0.07589765662019746;0.07348699724513245;0.0729238731796918;0.07218018222507226;0.07139698885299142;0.07000867032595054;0.06920490654848158;0.06818392282863578;0.06622213573066134;0.06467196086768147;0.06354496104739962;0.062482497904395716;0.061859588772150045;0.06119751476129508;0.06052596406902569;0.05887239309932372;0.058262604097030844;0.057052326706664803;0.056624867110333224;0.055622225923479686;0.05392892331211107;0.05314617493007155;0.05276712577857707;0.05203957630699874;0.050969634296219306;0.04989862970583001;0.04938231967203339;0.04831519588644383;0.04675873939653192;0.0458269518840966;0.044238505455084204;0.04338781053437661;0.042920131827771026;0.042558821079209705;0.0411784168576099;0.0405408364927485;0.03855950461830535;0.03723149208364528;0.03695031432229184;0.03581213943583381;0.035798772686836344;0.034694233977089886;0.03415427891720902;0.03206189744517014;0.03130830302978901;0.02996673821066104;0.02923075873190838;0.028857133034143896;0.028061470047406757;0.027726320732876963;0.02606151506139406;0.025114269888629193;0.023206773432029468;0.02239776959217092;0.021363304434497403;0.019975231464048754;0.019561377992800697;0.018343893780281045;0.017660914953359193;0.01682078601184924;0.015234372753219401;0.014598071880859898;0.01377863701291814;0.01246611731278962;0.012140365972135636;0.011340531811225464;0.010892786556436539;0.010161257848403903;0.009253098263095528;0.008092860443327738;0.007734729641661484;0.007003305588351906;0.005858907925437265;0.00434740500527662;0.003878994238700059;0.003798427415226107;0.0033980154195131745;0.0015615187412231755;0.0005957448547884588;0.0;
1.0;0.288121720402378;0.27825598141221836;0.27522921614248536;0.26872921657286475;0.26256859732116616;0.2573694518973132;0.24841530778239543;0.2464407793405158;0.24218855774315523;0.24008992904016965;0.23546524289571352;0.23209941112718335;0.2290696439376442;0.22813362364860643;0.226293445908672;0.2243216931712645;0.21951701673031243;0.21704820136790115;0.21327288494385055;0.2117012189620547;0.2103969334528132;0.2079831364278129;0.20506769087945534;0.20333599501931182;0.1998506048683739;0.19937341427134955;0.1970167734493803;0.19519828255184;0.19425402875430692;0.19341160280880274;0.19157104195286564;0.18973015832391746;0.18924704773994905;0.18638259485994757;0.1842790345905024;0.1810015247973377;0.18020124189484693;0.17736791387541845;0.1767276265149174;0.176127967025108;0.17449198235566057;0.17300581606751292;0.17198612464138394;0.16881880789857215;0.16824421710558782;0.16723623167955462;0.16620288907007486;0.1647625606653441;0.16089943313306246;0.1599920321688559;0.15958253942632777;0.156771269603783;0.15483122301785093;0.15170163338349896;0.14997029535296375;0.14850586914086245;0.14784659178469384;0.14770851525787357;0.14601137005832246;0.1455700552104528;0.14486095160411555;0.14255626503275032;0.14132222774578923;0.13953123504921508;0.13909480155594295;0.13815572190820335;0.1358931871161365;0.13404682052673825;0.13244785156972289;0.13182650283658046;0.13017128831160096;0.12882536475665757;0.12654460631425604;0.1258912271071724;0.12466057458164843;0.12386102425355416;0.12364134495058;0.12186543707437557;0.12067811816981691;0.1205838315390311;0.11790150058669341;0.11739601038810221;0.11559023562438954;0.11436546963081294;0.11417836951566603;0.11195025081444643;0.1116132284069;0.1107376857540526;0.1082405981348534;0.10717917721826287;0.10462990982106452;0.10434680434674065;0.10381690926916633;0.10311656049363384;0.10285552644619446;0.1001964245232565;0.09958809050518273;0.0991547172582404;0.09790414271369946;0.09666549765401966;0.09572606921730496;0.09408626028386524;0.09325566436686925;0.09129692449830859;0.09121805268647652;0.09031096225401364;0.0890966818766;0.0871207077171287;0.08684548152604411;0.08538432852568557;0.0842772483326006;0.08226103400817013;0.08105967956728542;0.08021513897188846;0.08018719176981907;0.07871211290379858;0.0776685637984616;0.07737945803960818;0.07562604969176988;0.07530920067470198;0.07420882721847807;0.0735873336391815;0.07251226439636103;0.07100993590047684;0.06976836249428037;0.06941071499161756;0.06794412962795088;0.06706675909753922;0.06531988279889264;0.06480956880896648;0.06426628659075916;0.06398919123587547;0.06225519913772541;0.06064996663118111;0.06020558637695676;0.058914554968297284;0.05802502663515392;0.05703203744619595;0.05640058318710714;0.05472348338578969;0.05414253216398786;0.05341005788240585;0.05239951675159201;0.051882049858200815;0.050018944411589404;0.04917139416121991;0.04848515160654425;0.048292212765024295;0.046374617326005896;0.04621315072937053;0.044830925144912256;0.04388846062271531;0.043225136708316625;0.04279896757355137;0.041016337371691816;0.04020811607317972;0.03832864056147911;0.03736700604651151;0.03671832139473142;0.03589332685658523;0.034503278799802445;0.03335978691562176;0.03286141177077222;0.03184378426621555;0.031705490357695786;0.030773274333416624;0.029136278928023274;0.027977729370284907;0.027649789358423122;0.027147412299686004;0.025589537924413652;0.025240723762338185;0.024484710891488386;0.023602001878187232;0.021446205285107565;0.02071345156990679;0.019840521159479856;0.019223153632643247;0.018556364651914247;0.018027646447255907;0.016494959108365133;0.015831325397550534;0.015257933790294814;0.012873449633425568;0.012658400058601832;0.011572168630276644;0.011288801457224855;0.010340901307399685;0.009745372707460924;0.00835148725199031;0.007036355429910869;0.005799049837416815;0.005087324792009114;0.004945958012466899;0.0030215646045012898;0.0024117595064742634;0.001298074475853264;0.0006541283345810991;0.0;
1.0;0.2948282884073381;0.2818659634758101;0.2796706885860079;0.26752425162209287;0.26243084684868623;0.25527689923288466;0.2513588157199388;0.24903692826635085;0.24440726138368737;0.24006673790935867;0.23715906246330315;0.2341080966207921;0.22996406485196966;0.2265322879548725;0.224973740885485;0.22272765174120202;0.2201546207616153;0.21884842249617184;0.2147237692005593;0.21427163497467994;0.21133864616420797;0.2099309331316091;0.20802016525089656;0.20617338083373593;0.20416303904970942;0.20138721411868585;0.1996943998938699;0.19886648812866647;0.194940804951478;0.19438039248441782;0.19130945757538334;0.19020130192726448;0.1883656274801916;0.18767540319349557;0.1860578654549901;0.18476397370027264;0.18253967660290207;0.18092556132411414;0.17936455804766152;0.177964879014019;0.17582944541943488;0.17434662292782593;0.1724538754532999;0.17128699031916314;0.1704961832593809;0.16864254063299083;0.16821946081319014;0.16644981658159028;0.1653239250632296;0.1622432380288213;0.15941455980112745;0.15921030204172618;0.1571925684088742;0.15582710065976627;0.1549516492933709;0.1539335665308646;0.15143999836694097;0.15083100342548564;0.14891223739620107;0.14679210741721135;0.1439259809806462;0.143181141382761;0.14141290372791332;0.1408540238760062;0.13935626901843853;0.13901070820232214;0.13788695177523058;0.1373374419057486;0.13660549047244228;0.13429542115147694;0.13322101298907432;0.1310748312313483;0.13012465341498083;0.12842049518066032;0.12775602099190578;0.12656166857981657;0.12523430524734894;0.12418033583160457;0.12328971528328496;0.12164341915485317;0.12080466237852598;0.11992551053202727;0.11878306449365052;0.11746918266963782;0.11653196464570577;0.11598111138738251;0.1131975833107228;0.11184325069242707;0.11113777112616312;0.11010266618109636;0.10939590962345731;0.10741162037077714;0.10599996037369307;0.10509321523002042;0.10417119788764605;0.10341922013744671;0.1021279879347231;0.1014085401785114;0.0998942136503214;0.09975093699127496;0.09696451390008207;0.09615367929247734;0.09439214408656409;0.09380599619511397;0.09293914355394553;0.09156474512807297;0.09010278480174719;0.08988526782097779;0.08882790197274276;0.08694577327123645;0.0857588554574035;0.08436414463695918;0.08343088100581118;0.08236044098495907;0.08223271605459075;0.08050795403083211;0.07848977558103123;0.07803420502945323;0.0768435378267815;0.07582105429819416;0.07457742194628919;0.07394611563476382;0.07262486985338007;0.0715163549731996;0.07096271838719964;0.07022918682741058;0.06904704995572594;0.06757415642815698;0.06707085067791069;0.06534873051971714;0.06503179156337183;0.06277385209538686;0.06235348634548758;0.060776120834830576;0.05985102399904078;0.0590455145625956;0.05879882161160447;0.057112836234436214;0.05635978165946526;0.05581754152285413;0.05496721168585006;0.05272583790690202;0.052459677725055054;0.051827266263072255;0.050957237884863144;0.049790387887464524;0.04840394226628341;0.04730309070028341;0.046452853424954386;0.04608304536048122;0.04380695288326779;0.04316051006345893;0.04272941243688401;0.04183009217210092;0.04053204255243085;0.03938204241707178;0.03831770957123646;0.03720845351358867;0.03666572429455798;0.036351588757644965;0.03510083720384964;0.03473995982352424;0.033311739956546335;0.03256275306775088;0.03216573908419611;0.031533835736529396;0.03031013154316934;0.029934817135877985;0.028046325276370083;0.027248694361262416;0.02589068713874573;0.025374834516200772;0.024628129359032226;0.0237381199329958;0.02304681959336212;0.02187507179987673;0.02076826980645468;0.020480061167648174;0.01932136838949439;0.018908693122615113;0.018281451204840902;0.016079336463925356;0.01479120273994994;0.014275144306546894;0.013531401641262231;0.012530281155243673;0.010503907441790071;0.010040778519051358;0.009532023532132183;0.008932243361315076;0.008059769942423873;0.007308650676349436;0.006344764879464599;0.005882410997724652;0.003627759329574409;0.002187890721473824;0.0017935703199236962;0.00011349159404386969;0.0;
1.0;0.28555132173846826;0.279153616192776;0.2710248184506755;0.26826631269123324;0.26261727029636445;0.2566619540228562;0.2543907924814008;0.2445700218778065;0.24327692127865155;0.23912115503926198;0.23666866795184663;0.23550378711081824;0.23261911006622155;0.23050490767041737;0.22663109227759415;0.22485399398214195;0.22243987351263902;0.21962658189581985;0.21816720335089745;0.21521696582088962;0.2129517150845215;0.20956002302523644;0.207856460750861;0.20381058333658086;0.20292877992090205;0.2011426660428958;0.2004169001699888;0.1987087720432376;0.1970955895744464;0.1961738038672416;0.19517076927701174;0.19264266045838166;0.191606271473672;0.18841159025840973;0.18737035827968915;0.1858734230099141;0.18531951344529526;0.18326912889839245;0.18219599484592786;0.1798356096746219;0.17834230444455246;0.17486926062571173;0.1729563796001211;0.17111276059769648;0.16972928948285923;0.16857996622157734;0.1670638049681577;0.16420143398401718;0.1637642568313258;0.163035255322613;0.16003529857179338;0.15980571986101186;0.15864309306543997;0.15814062516220445;0.15521639300083578;0.15354187955144816;0.15278463513111087;0.1513629144392273;0.1501211279718929;0.14991228197698847;0.14849754383156943;0.14722170122886166;0.14456372589989996;0.14243952181177305;0.140943072435594;0.14045226988588858;0.13928127731257306;0.13634626882461118;0.13470213699170366;0.13342478185269518;0.1318925950126166;0.13138991494314578;0.12966472218674138;0.1291389134496638;0.12809892139055132;0.1270093718452756;0.12485975781749141;0.12466096426476206;0.12312366020498874;0.12145453743934533;0.11964003550025538;0.11923349955782209;0.11822942891384669;0.11694391127019846;0.1162553480174028;0.11430868292818566;0.11399302930840266;0.11295495261789662;0.111614355309993;0.11078907870318916;0.10994478802936729;0.10852881920469312;0.10670877554941122;0.10538507973902812;0.10490860077806306;0.10459786456771554;0.103503711122626;0.10277820805698215;0.10069978320277985;0.09957097832460518;0.09809031628448388;0.09750548275240423;0.09652385691563072;0.09359520514729576;0.09294541873000481;0.09234813757977767;0.09173535821002372;0.08976354347877898;0.08835978210057455;0.08751352087572804;0.08615514082693686;0.08485682552462148;0.08375989183912047;0.082945323035883;0.08207554879808956;0.0807665592402659;0.07880891142828295;0.07685891176553798;0.07623125825280919;0.07522025658314938;0.07401909541061154;0.07285507853762861;0.07143587651671826;0.07126141831804068;0.06948925477129356;0.06893043852367302;0.06852726949261803;0.06648327130162188;0.06582917806772695;0.06499421335214982;0.06364541197280071;0.06302827184282025;0.0624636578904153;0.061281810910059284;0.059896750176913545;0.05965854337295302;0.057933011637253846;0.05683126373411071;0.05620068908292782;0.054711367297438473;0.054012111100966785;0.052633331119277205;0.0522514774404561;0.05051140724793075;0.05026639207442018;0.04904677687706481;0.048497559397404584;0.04755839580675628;0.04689257961334977;0.045543444325369546;0.04430872965919539;0.04290991441049194;0.04263877533920387;0.040930236157884874;0.04010873371387848;0.03974966473644676;0.03894199280138148;0.03877733056462344;0.03687516307080559;0.03673612278236855;0.03556606059636199;0.03369065255991627;0.032812851687165766;0.032423643624095076;0.031945444564666754;0.030491048383157044;0.029406142499431007;0.029089651415074243;0.026981242082020053;0.02639321083307852;0.025202315262133845;0.024471687098034364;0.02312269800260958;0.021995836326803332;0.02099869982890922;0.02008225519058887;0.019446931810217238;0.01864212558231947;0.017031778638428897;0.016370906912881553;0.01599574872795681;0.0145873978286626;0.012845794532971442;0.012590471964862689;0.011940160331561596;0.01074450132465203;0.009762002190460228;0.008732885883912531;0.008325499042261266;0.006673494385989297;0.005362915754330454;0.0049221900459497136;0.0041533296020461255;0.0026998225925221643;0.0021277197535560957;0.0018113674562500568;0.0008543136369693455;0.0003175884223671219;0.0;
1.0;0.28619041057188577;0.27553810029590836;0.2726156893139473;0.26731524455271877;0.2625494292029507;0.2562862557427149;0.25506230197163565;0.25252854301092714;0.24933604363994905;0.24616819425673883;0.24195643948613177;0.2374945417161917;0.23450817830272608;0.22923692653551092;0.22863620217559213;0.22545846004143805;0.22176948864679338;0.2211810197665059;0.2203664774393157;0.21829678688954463;0.21499016951200034;0.2127625728000329;0.2108491998544378;0.21019124286130775;0.2055282023760357;0.20325651108719225;0.20030192567168761;0.1993148880109817;0.1984535944522569;0.19749706747270954;0.19530159405079683;0.1930513467166734;0.1917940199235682;0.18920044720234233;0.18585593614046575;0.18432031657226552;0.18272847713467985;0.1813550702815155;0.17860836078235495;0.17823215406462;0.1759867184316418;0.17475861440983442;0.17345705766439815;0.17194950596378333;0.17153933913185124;0.16815218305154464;0.1661136891639606;0.1650917103697257;0.16245340037419514;0.16079073675807762;0.15922129366574964;0.15855815518209018;0.15648651626816;0.15597631867591924;0.15465758897630993;0.15278462662890432;0.15164253984102322;0.1494407911701164;0.14868043954231072;0.14785109726843654;0.14676240435655827;0.14593984827499046;0.1430358510159171;0.14183638685943203;0.14026747471936135;0.14009752836702252;0.13872302504591205;0.13690045064042086;0.13609414479751603;0.13500504708793568;0.1325083807076608;0.13230402810470246;0.129350949843472;0.12860088127257555;0.12793213635525652;0.1268717634417846;0.1253418884478112;0.12374586678942148;0.12282566704902656;0.11978297531247249;0.11868794005462972;0.11777430547414029;0.11680005200262361;0.11452291215062455;0.11362469450659057;0.11231222048892572;0.11122122586140289;0.1099762908174164;0.10829041635104018;0.10734301314041798;0.10616459785523277;0.10480342548896186;0.10450310942330034;0.104084576642848;0.1017675670913842;0.1004353786582758;0.0993274669549477;0.09904520729136893;0.09716978768390394;0.09614932287157857;0.09500353122568657;0.09384813372088152;0.09245807119964009;0.09084958131927147;0.09042937806657175;0.08927968448615291;0.08821175031282769;0.08683131331681428;0.08611783253803729;0.08495886507965623;0.08451275151817836;0.08423909031263682;0.08211045069033819;0.0812533558490001;0.08059335015907412;0.0797107485155315;0.0786574420214447;0.07771507436114472;0.07578729124187489;0.07438386292630073;0.07369186810542273;0.07239510352070515;0.0711661862670933;0.07036473037153593;0.06926008286423861;0.06840255324564865;0.06599412970390546;0.0658694363460104;0.06515303070887737;0.06447379348447961;0.06387029338897032;0.06294985774376083;0.06246686696935406;0.0617772537804472;0.05969987016972569;0.05907670994925416;0.05841486378495874;0.05781435477196775;0.05777365357546078;0.05565057418303144;0.054423845841604444;0.05162046451675635;0.05112123014769822;0.04993942977084794;0.0493233121054553;0.048173518699673734;0.047581552767515134;0.04711271578993692;0.046446273108928175;0.04465736490609978;0.04357706261023823;0.043121237007666624;0.0425315845374007;0.04138548732942799;0.040810538213286736;0.03955230906214894;0.038857630714794165;0.03778109010871156;0.03657416612052827;0.03591499252328376;0.03487654592472094;0.03365889979108916;0.032921416449379265;0.032275272097786925;0.031193139587034523;0.02982939985529737;0.02860362880068521;0.027346138281034174;0.02705906636296689;0.02558084336808039;0.02496433803321319;0.023625533424681978;0.023188762065851683;0.021950242840380718;0.021421706101401473;0.020878134537948245;0.020394931354120387;0.01909432843174004;0.018550161099678535;0.018049963985345096;0.016281978352019347;0.015197768355601155;0.013982249383494972;0.01324418393765277;0.01236394093664624;0.011852488614346336;0.010143823576825585;0.009605968337933245;0.006967509625096654;0.00594365525834212;0.005563347487027677;0.005103815731983426;0.004494825663881014;0.003332881433240028;0.00241301232492491;0.0018383231972790414;0.0010089220365327562;8.455808693573498e-05;0.0;
1.0;0.2899522781627154;0.2821393404703595;0.2761362626359805;0.26853589118609644;0.26359978393320965;0.2550763389725818;0.2543249461076184;0.25029001884584723;0.24818077223523305;0.24676081185567603;0.24092290429926294;0.23673450315200112;0.23602749453869953;0.23320293310259527;0.22870529907172427;0.22629041635453426;0.22421522417798698;0.22310211221182455;0.22156845768130778;0.21760521919304104;0.2169958149729029;0.214283052694536;0.21075984749567156;0.2093767625960786;0.20902430939972022;0.20452197599179778;0.20155582427652793;0.20007937409269672;0.19796901539037934;0.19595222514025884;0.19353342574089663;0.1911163139369618;0.1899118407695659;0.18784209317560643;0.18491129816975377;0.18356066997177722;0.18177391214952243;0.18083676114582933;0.1804576925461649;0.1775412316216176;0.1775115922228334;0.1766193223687893;0.17214035692051277;0.1717302160970334;0.17044647877756855;0.16934413913502272;0.16863985652722177;0.1637213304215567;0.16346843404420103;0.16213939210773848;0.1599438056731491;0.15929149383085256;0.1577813681845339;0.15638436788732613;0.15460076139562134;0.15146259848463428;0.15040780225963857;0.14967325872338647;0.14815252793112993;0.14705609012937576;0.14682907240122856;0.14571835370608216;0.14361540569508946;0.14208384234248828;0.14139452353092496;0.1405052173945889;0.13869615769069232;0.1379566414062577;0.13668287314758087;0.1361598533203787;0.13395647972652241;0.13214681347984217;0.13073189186173384;0.12871103724511054;0.12713590687070775;0.12699238721415912;0.12605731546062846;0.12468727283625226;0.12278854775384046;0.1212741834689144;0.1204046135591881;0.11929853106056079;0.11811352171477724;0.1150015942756764;0.11441517101747518;0.11403941671097173;0.11289281120252521;0.11230764281383034;0.11078874695958357;0.11033080901211166;0.10869394567859883;0.10810489475562954;0.1062297759473137;0.10394883931855499;0.10332871271365025;0.10200113221179989;0.10160137483280572;0.1005449177918794;0.0990721070501491;0.0982132644191997;0.09656512806031957;0.09608208089333602;0.09551946107394456;0.09212296306779574;0.09089940274371741;0.09066438988523669;0.08901612158703227;0.08812052335112847;0.08779878254494754;0.08694936609779559;0.08644959307127505;0.08457920772322734;0.08290909818658225;0.08241842269629775;0.08213775457820315;0.08090281611721942;0.07943845653763094;0.07861017656962214;0.077362691800797;0.07673341670084992;0.07543446900218491;0.07488886591107285;0.073723102104773;0.07308224558653605;0.07209734987106696;0.0706673237167144;0.07011702322076671;0.06803944772610286;0.06761414601214438;0.06637519109281584;0.06507309239383395;0.06421592850524284;0.06352452724143869;0.061335225452183756;0.06084463902734611;0.059751323657860005;0.059105647990050275;0.05785351009414187;0.056882117125960995;0.05543399851916565;0.05420843909324782;0.053527072071457876;0.05315864617127256;0.05234791622536512;0.05062205878697329;0.049755723797530516;0.0486295742887835;0.047671603440557264;0.047241904862693716;0.04566006522591325;0.04484867308816596;0.043296750511362295;0.04295181379835248;0.042054270167672436;0.0413683030263696;0.04017485592794721;0.039495194905782315;0.038256469920932526;0.03724244018048525;0.0355802472147439;0.03526405706680628;0.034161219411000095;0.03334956498141213;0.03221081304352518;0.031600415054168836;0.03043398062731438;0.029899976937475797;0.029232549787725895;0.02759937751706275;0.027299878398481924;0.02626836449275413;0.024610353704258955;0.0237241284697921;0.021913521235949113;0.021614010107525707;0.020914266969101973;0.019889356640032434;0.0188524260768419;0.01764920814534032;0.01637621208521176;0.016114632523129654;0.01576377939645627;0.014852270395360627;0.013710430921531408;0.012746862635051892;0.011954548794384671;0.010813660040927108;0.010309159598341926;0.009683361282812912;0.008248407930347947;0.00780588714339651;0.006337670831837986;0.00503137730021684;0.004606443293139873;0.003180027621422761;0.002552962939389122;0.0013629946466965223;0.0008114385266279901;0.0;
1.0;0.30143485302168715;0.2843396834591403;0.27596654171761337;0.27094928534645046;0.26756281256592174;0.2620128999667307;0.25741749297508904;0.2551020065584057;0.2487133926187753;0.2478439384959018;0.24483115952607892;0.2423065076424141;0.2382641372988986;0.23522028821051832;0.2328622306063346;0.22978121695021692;0.22725354859764169;0.2251472193793921;0.22429994770346426;0.21949505177446385;0.2178021812801305;0.2153947697538519;0.21120243127007368;0.2097349552195454;0.20822641422676813;0.20613470040922482;0.20410331291941428;0.20284244089288425;0.2008718205155026;0.19988150709746852;0.19830653364666628;0.19816355956081372;0.19397404190601944;0.19098243879142;0.18962880729802767;0.1891856456862884;0.18744745646576602;0.18476524239916986;0.18393776119264227;0.18174180863052083;0.17993390071097634;0.17827253999601067;0.17775863799604255;0.17512440537763188;0.17304269825979376;0.17063753631014295;0.1694362390832866;0.16819688404303393;0.1675516150467565;0.1653030958780872;0.1640480778282062;0.16312743026712967;0.16240480679180833;0.16158283535982126;0.159237411670152;0.157423883194935;0.15473286509898931;0.15339261491565828;0.15254804592343446;0.15021300395249224;0.14875002377130642;0.14826914998945478;0.14759403386081393;0.14544384417787273;0.14319752827901103;0.14293719766194615;0.14027243583869434;0.1393665188429995;0.13826072924957364;0.13813716557323144;0.13583689080193054;0.13452593274614882;0.1332188601301014;0.13218407953663594;0.13157464941489114;0.1300170576581097;0.12957032779748304;0.12756037343826104;0.12685798565768455;0.12535811166990316;0.12290167099505285;0.12238464347167688;0.12026478348813792;0.11864591315832479;0.11786062174316311;0.11711111581550672;0.1135556014386584;0.1123714576605576;0.11153549965905042;0.110757859240084;0.11029533102201279;0.10878116681625372;0.10663807406133843;0.10545437012993629;0.1047357619509342;0.10358293672924306;0.10210631952828281;0.10182291725091269;0.10053952454897337;0.09980426426496034;0.09889679361974249;0.0970233548167248;0.09542285606782572;0.09486540474861721;0.09453736562548921;0.09301774213452524;0.09299190191230446;0.09076171570641012;0.08839084663936601;0.08800041480236308;0.0870768901725743;0.08634247850284238;0.08573391810769078;0.08248317330676326;0.08125738699063635;0.08084686274472311;0.08019323448659685;0.07923148847731966;0.0780982515916957;0.07785957377454782;0.07692485551587916;0.07519236485892718;0.07394265036748493;0.07301222209442719;0.07203098306970152;0.07176822968024858;0.07086682860361151;0.06994034185333795;0.06821318267599484;0.06731235716364432;0.06476962558380345;0.06399135822397892;0.06332474457959208;0.06276683192513116;0.06156219970869054;0.06028307341738392;0.059370611489529365;0.058380510567604446;0.056440471351661185;0.055310014597135276;0.053678021321347066;0.053406945229512066;0.05219626640170066;0.05110813546455663;0.05061187579797953;0.05016618305718159;0.048727134396701705;0.04832895582186046;0.04763934771022419;0.047032258295417045;0.04554893047585252;0.04463898807330072;0.043132395989890174;0.04250694850401322;0.0408992686006152;0.04021035048915209;0.03919492249578963;0.03888566147473554;0.03744040267963999;0.03641279253312751;0.035387747058552264;0.03464223656991445;0.03357846688575756;0.03312220264322671;0.031506310365808865;0.029052187436097054;0.02814988512802548;0.02805284912364285;0.026530036816467137;0.02601226888647905;0.025318830963900293;0.024418218708673733;0.023240583495230407;0.022622250901005364;0.021263070424399212;0.020409110163599097;0.019241633360789403;0.01855098164450188;0.018134827368060786;0.016713161751546895;0.01626835447338634;0.0157257143742234;0.015363967725280075;0.014267829816846059;0.012873521585650924;0.012416198886969038;0.01115529481341418;0.010318522767164362;0.009840162603920686;0.00870277439476156;0.007658796290271139;0.007278286086480017;0.004892425646865745;0.004641189309898838;0.0030763031940027005;0.001974737394213555;0.0018927705136402256;0.0013368479670164994;0.0;
1.0;0.3110185891647917;0.29244103250268894;0.28168221011548605;0.27637108428796014;0.26863003636061;0.2614257275644249;0.2592802746953706;0.2528436184239429;0.24916930855972214;0.24813931581113752;0.24557374430520684;0.24470637317668648;0.2419057634545723;0.23763863457429138;0.2334513278940515;0.2307492383317029;0.22847316018875355;0.22621648808018807;0.22365730687098875;0.2227145771546616;0.2206410981449023;0.21766146501854078;0.21476741397890864;0.21122997543349883;0.20963707060451553;0.20764687711036384;0.2061818781550961;0.2040322787758021;0.2026056504665642;0.19840156726454025;0.19766603272011302;0.19618574256783622;0.19604664482922277;0.19429882633903578;0.19115138872037934;0.19065145281002274;0.18851138835907894;0.1854092553123131;0.18429649265942707;0.18118484432064322;0.18016141515587172;0.1786788960131599;0.17480595085354894;0.1745410121682983;0.1716823820390931;0.16977929510492967;0.16965305799589242;0.1695747112470184;0.16621174072863476;0.16410064769956575;0.1626038485069001;0.16193394316552887;0.1598704564000092;0.1591527667420445;0.15761029376245758;0.15695184421892974;0.1556342675220801;0.15442722699636813;0.1517998513814484;0.14982158617721572;0.14794351669930966;0.14715133406056496;0.14629355274113795;0.14540887245952794;0.14409825589396735;0.1425204352513225;0.14137480358325577;0.13930905363095958;0.13817976670341175;0.13520415157600899;0.13462194604182345;0.13385526999577868;0.13257071910785598;0.13043962195022032;0.12919231244483936;0.12795146930924792;0.1265143404515925;0.12602714739644624;0.12461146747484078;0.12313478350047496;0.12281509694741193;0.1207247923623322;0.11958668591288943;0.11904447288825207;0.1183327945037945;0.11602439781188735;0.11518209869065735;0.11387835209210216;0.11274427930304513;0.11149636526355729;0.1103421998320812;0.10998974929465462;0.10711362088328868;0.10644634213461701;0.1061154494276879;0.1050418698554253;0.10369200162922029;0.10155226473744305;0.10099576556484585;0.10018708715383326;0.09892305141460951;0.0959520213428897;0.09483023417122259;0.09418804083552369;0.09261169015402114;0.0915490852105438;0.09084943128104635;0.08989925275965313;0.08909349747475273;0.08769534968676738;0.08609993489503298;0.08535698840483023;0.08480875862079575;0.08339894112547772;0.08153720031983851;0.08051562345399452;0.08020371288687635;0.07898346453287344;0.07845707862253258;0.07705839094497513;0.07630499763893514;0.07571757946675933;0.07412087657811267;0.07305128333996438;0.07158467006146564;0.07078293363884448;0.06874092005254494;0.0677775332765512;0.06686155261475359;0.06570653072969243;0.0649907353155801;0.06421128554834545;0.06353150025706475;0.06170591342252207;0.06072482306881892;0.060426980391301184;0.05972677474078711;0.05790201022111522;0.05708599899257042;0.05642169643930869;0.055526734994430595;0.05367675706739154;0.053238971987770736;0.05235581178575366;0.05189208325640277;0.04987190564398189;0.048263627161441586;0.04792270446373662;0.04674906677667514;0.04615398104169342;0.044987122973356566;0.044547093494464;0.044020815130256595;0.043100815422621425;0.04237970267653277;0.0409219193148225;0.0396708581428165;0.03889372544086617;0.03743281332961042;0.03705795029070911;0.03584176750476547;0.03464104686121338;0.03449136564982421;0.033458153620729104;0.03200419788040418;0.030760641983171227;0.030500412128116463;0.030128115119092448;0.028758969525578;0.02787680025444315;0.026457156482410978;0.02553599184773044;0.02494913013381658;0.02448427541950695;0.023254261591332603;0.022996406336846974;0.021049186789100012;0.020055577320696478;0.01836871358977943;0.018017281088296366;0.01707105773820086;0.01686087830258619;0.015317535243252236;0.013504944653265256;0.012550628431135188;0.010894625811517742;0.010228461943484701;0.009940733521265725;0.009134261224483827;0.008214954859844015;0.006243167683637939;0.00602285260673982;0.005596508651062303;0.0038737331635549936;0.0031241783081155145;0.0026977351369115213;0.002000322580669774;0.0010493154422371877;0.0;
1.0;0.30297046476147854;0.28451596087015196;0.2816496348370902;0.2739204440919765;0.2668727166934256;0.2646484276643302;0.26306296200233553;0.255716068833785;0.25365092509707304;0.24861182548815414;0.24399403810745163;0.24339692723030515;0.24189521993197688;0.23830585315487693;0.23623793696171091;0.23298776195478113;0.22982923212207368;0.22664665397214753;0.22386502728556537;0.2214694305709407;0.21847586723641443;0.2177596027471533;0.2165147885973264;0.2121553424015987;0.21102989456429355;0.2062194990183692;0.20425445717380764;0.2024278651525214;0.19849667844059252;0.19703629348151785;0.19606634001375214;0.1937449197491485;0.19291801296500163;0.19060593494532174;0.18996631645250583;0.18681418878770759;0.18594594733790487;0.1842264676328758;0.1828725567428342;0.1807214954015439;0.17893332088787794;0.17873995949693916;0.17555196997857309;0.17321684865315612;0.17138569588072583;0.17078241000008898;0.16790622692497661;0.16615546910039683;0.16576987479878968;0.16422387536013017;0.16205505820041174;0.16177358374698728;0.16129922282696277;0.1585510083080507;0.15759093547119987;0.15697001050160236;0.15377456012907675;0.15227648249227818;0.14989145911314372;0.14863400600579937;0.14806801184976512;0.1460492509419241;0.14545380809325906;0.14399102350683138;0.14295551932168127;0.1411233952012413;0.1392932272336902;0.13734295191395798;0.1364784205146794;0.135754251688517;0.13310200933076816;0.13169227498942543;0.13128145248225026;0.12906633270013249;0.12830051138376364;0.12652229362242032;0.12601620270985323;0.12293473383380799;0.12250948251797115;0.12113754556720174;0.12065416198585587;0.11951078102135138;0.11724729308661117;0.11600849686025472;0.11518361526924092;0.1137922407516443;0.11263975936719134;0.11195528876039536;0.11083454959644033;0.10985262689821094;0.10774114468528433;0.10677317796523617;0.10594532215975551;0.10469769455208514;0.10279829388783135;0.10216496764906167;0.10015454986413098;0.09930597514740704;0.09838138828105782;0.09672834517157691;0.09410705052184112;0.09371804816393785;0.09349600394352103;0.09214873614883293;0.09099057878754815;0.09015098732004222;0.0884209179985669;0.08765814421081441;0.08635710741411759;0.08489194706199386;0.08350733073291743;0.08312889836936309;0.08221896587650612;0.0809260948801626;0.07947027591623151;0.07914098994240978;0.07787507410972357;0.07632454919569084;0.07539462064263779;0.07506330327822873;0.07387499299029256;0.07312966321104686;0.07191502776839634;0.07113478066153614;0.06970963389873577;0.06899503902726355;0.06740287734494028;0.06626912911740439;0.0653894299130024;0.06438273967825656;0.06245287670400689;0.061935334377067656;0.06156200134190903;0.06056186086872493;0.0598028485683526;0.05855706002817292;0.0572720513304934;0.056840634905759115;0.05571221932942623;0.0538147987209688;0.053694929138432365;0.051916673263603795;0.05136139949984721;0.049607959418557356;0.04890195931172121;0.047637175966960675;0.04676539362221632;0.04564336982509032;0.0453323037233795;0.043460487487967506;0.043183485472692615;0.04207554524065426;0.04114921673120977;0.040434024816958965;0.0391469597813454;0.03863641644869679;0.03813468277362801;0.03770335642608555;0.036585442292557065;0.03509004638785921;0.034531109654085235;0.03328828060444554;0.03280584558804638;0.031537234929476216;0.03065677422319972;0.030483832427217746;0.029062965997215744;0.028767657696289597;0.027590847528339058;0.02695018247344414;0.02576225746511271;0.024855260293918467;0.024407405313056883;0.022705479479313083;0.021041036943421545;0.020022345928511015;0.019133802946466362;0.01822831533094319;0.01749002640927264;0.016377492942662518;0.01588977051012023;0.01539769557660601;0.01487605786511082;0.013614763861187238;0.01248601803978219;0.011502892523148543;0.010026940091039478;0.009924298198934848;0.008166499843180526;0.007658460648155805;0.006577459453556843;0.005936239668095751;0.005187337010537186;0.004836894071843824;0.0030772641286584785;0.0028310404377278344;0.0016521588810796334;0.0005965575833720105;0.0;
1.0;0.31498931759931315;0.2890050994046317;0.2836180073473607;0.2751334738266901;0.26979159897494825;0.26713559883318466;0.2599024484713761;0.2562072156420852;0.2527546145769016;0.2502224560893192;0.2477698289199407;0.24510339855595306;0.24037228574058725;0.23516397650086562;0.23443941330711396;0.23180981247144997;0.22849595138273043;0.22645494528853988;0.22417126042662786;0.22396098146253535;0.22239359148581714;0.22119940197078627;0.2192551960716354;0.21593212335456088;0.21280323258500994;0.2109771407817669;0.20870276915417335;0.2063029923303112;0.2052008253142664;0.20324296300323724;0.2016012550742177;0.19799441743347657;0.19632625648271068;0.19327218581487746;0.19255530448705035;0.19087938446321942;0.18927246021592026;0.18867405029611434;0.1871586860409408;0.1847786986855374;0.18449274389244877;0.1814486399785729;0.18089498736636478;0.177986302423265;0.17746252271902865;0.17425469524699727;0.17382757173646501;0.17190405706370912;0.16972765859615616;0.168423003773794;0.16650296289486707;0.1651157044708232;0.16296235673739604;0.16027369026523894;0.15953398062995425;0.1578062967356015;0.15644649498220156;0.15530579670429204;0.15347554548866574;0.15208920386608624;0.15132251019699425;0.14896809998448599;0.14729785379611926;0.1457031618559832;0.14539343141724992;0.14387483447040478;0.14308843515943465;0.14204628909488154;0.14163032407403356;0.1406586148575322;0.13911486409015483;0.13716625600862623;0.13523842129501493;0.1332481227576131;0.13240764760776894;0.13179899295940828;0.130030595598333;0.12865732577338837;0.12707750661743752;0.12651679882014333;0.1245463789231875;0.12405971131732636;0.12221976634895186;0.1215893227967513;0.120665514570368;0.12012048375561567;0.11776072068152048;0.1162018129720557;0.11589525018112375;0.11474014132380093;0.11455550318795885;0.1120340775526325;0.11130897505674031;0.10982991236440202;0.10914772164461288;0.107723550000892;0.107088311839105;0.10540228666104824;0.10464199102628259;0.10420503775429538;0.10236121800714304;0.10038223026745634;0.09912703926928534;0.09867885599715444;0.09721653103308946;0.09630928364612266;0.09480680398993914;0.0929528819690069;0.0913488240944159;0.0902274445878912;0.08906510473230782;0.08868787275658174;0.08839253534530422;0.08549487107976374;0.08440859060346233;0.08332357911867125;0.08297154314528594;0.08127984162901683;0.08087667259263037;0.07982518285742286;0.07836227465802086;0.07723847783054931;0.07659280514134738;0.07572185967354947;0.07478588653087463;0.07209569736199302;0.0717280573862946;0.06971870072687775;0.06945264467872883;0.06934793152386555;0.06834520509328526;0.06696176587435966;0.06617480554637807;0.06369992403485501;0.062939455034561;0.06226036008738496;0.06131832688926965;0.06092636873087185;0.060134752785284094;0.05810286894810056;0.05675507570373776;0.05657026578294372;0.05446366476174289;0.053945376241578774;0.05244527067691377;0.05231463830077345;0.05097561666512203;0.04931224727402323;0.048358419813513256;0.04696915500931667;0.04618251263165833;0.044300324898151194;0.043948983779194116;0.04326993314028917;0.041636508401898;0.04112805624813879;0.040433004923011294;0.03932894679641583;0.038622641679434;0.03698259568784407;0.036305759953494283;0.035841203635116566;0.03494775651830965;0.03354742471711362;0.032519786468374404;0.032342889393560253;0.030448254778573054;0.029706574559156877;0.029490904870110295;0.028239618469416146;0.026984626466753422;0.025104489798791613;0.024294234078173882;0.023626814206563068;0.02301139999568047;0.022317843961341226;0.021981523991385605;0.02135701379330042;0.02034329043467613;0.01932739830925828;0.01734840322370602;0.015911129182330338;0.015445555829763372;0.013822252394274526;0.01325481619139668;0.012942231599787364;0.012568949217149078;0.0116373051996886;0.0099980584750536;0.008090942045442369;0.0073583281095914;0.0066711748442752124;0.005106327434548589;0.005005828978378985;0.003953560417487568;0.0030881003485928016;0.0019263245067286724;0.001099232778427682;0.0;
1.0;0.30232899018882947;0.2860251244329593;0.28251140443828743;0.2807641117522343;0.2722443942380005;0.26783685994398276;0.2599433944999785;0.25932016238562033;0.2532880413939939;0.24931113022548185;0.2458945739514981;0.2440995125457335;0.242416270131117;0.23692735158675074;0.23437887410119349;0.2323561563902722;0.22993908605671043;0.22756791330281897;0.2252811415379949;0.22137282109256326;0.2203243148847847;0.21763489309339895;0.2146482631241972;0.2136004694058497;0.20886566150107225;0.20776914136755179;0.20667028804620058;0.2051130828087975;0.20368556918475092;0.20125356996424082;0.19755522480443613;0.19423512105283441;0.1937889042439461;0.19227731471229323;0.18982199943775963;0.18670293947088476;0.18610424949227683;0.18368220948192365;0.1821422644017434;0.1810406003734462;0.17971302237112896;0.17900585108004693;0.17752012062848332;0.17341601775868798;0.17162613775233063;0.17107714677924027;0.16973889114440638;0.16884571934594925;0.16715192170467413;0.16692914585803229;0.163903759493955;0.16300591835022654;0.16167195592141778;0.15923258957985972;0.15718762915786064;0.15638211245974656;0.15416851245429686;0.15346936021592433;0.15213412636361595;0.14995908373254807;0.14844601779433048;0.1472257207106606;0.14645005166574232;0.14568015402636045;0.1442582913041333;0.14315576406582942;0.1420695364676154;0.14046707588441956;0.13880915817096054;0.13800434607330556;0.13599537416576687;0.13374219349017677;0.1325563056908867;0.13141777450789213;0.12998281896489342;0.12946546290981936;0.12880419275096014;0.12761699874635335;0.1254229082315596;0.12448283287150302;0.1227172415489877;0.12236642219818802;0.12105951445680897;0.12088144548944893;0.1182714219321742;0.11755523018662971;0.11699364969109133;0.1147270080387798;0.11332880201803096;0.1116882222256089;0.11071855215219498;0.11016195894385598;0.10890407972512979;0.10789204431170935;0.10580659840471995;0.10516842173028622;0.10476383007526423;0.10428196457058764;0.10349305154135237;0.10197059665808265;0.09952404414903515;0.0976104269077368;0.09671469502590843;0.09520513647996968;0.09361534014039694;0.09219111515539657;0.09080737490971151;0.09024305980307652;0.08903860949088015;0.08860310045355864;0.08769815523657684;0.08704979136129075;0.08511971175701484;0.0824611106804972;0.0821125655549003;0.08143096256317897;0.08012830778756636;0.07933155929092088;0.07854804143060232;0.07769699867846512;0.07546639749044683;0.07460033227578156;0.07449029168346662;0.07317889139407911;0.07218731173587006;0.07187747597597839;0.07029503188888106;0.06885419518611569;0.06830981497040836;0.06758535435612187;0.06699408160324652;0.06519862133729729;0.06357449366768972;0.06289952139406638;0.06244684353767801;0.06112918073708154;0.05928497266775322;0.05847084056446565;0.057152766983532416;0.056580604265979995;0.05478556452659374;0.053998007272476604;0.05284687504691626;0.0522597993882778;0.05110134378559442;0.05036327010044538;0.04892921041881754;0.04838385441462776;0.04735756300658809;0.04694539964176033;0.04560253110365065;0.04318939204232109;0.042903432804668545;0.042538013930481185;0.0402492102696308;0.03942615431940327;0.03900557667500458;0.038225069176616534;0.03710942007157766;0.0363840902564776;0.034390600223798;0.0335079084044174;0.032948206079801486;0.032233402640674536;0.031226532251842205;0.03056387110453748;0.028979791556127094;0.02841341947201835;0.027800347998828388;0.0267359836231771;0.02649416971066424;0.02581346260479194;0.0240454290973059;0.023184603409035377;0.02262916145725681;0.020626713224731374;0.02006426026210966;0.01911862799961297;0.018116545486235758;0.016962786519552134;0.01648248454338287;0.015379857008912484;0.013886718845485816;0.01242748734964886;0.011553226210690843;0.011186451835896997;0.010307442321202913;0.0087521305775715;0.0077306370854930495;0.007578329884662798;0.006080064237795962;0.005389592193510973;0.004676868663016352;0.004153535110762101;0.0030943008025213444;0.002682777694578854;0.0017721572141215275;0.0001972513882727758;0.0;
1.0;0.31115985013219427;0.2973240038865595;0.2765912749461958;0.27384826084959835;0.2718846248980659;0.26513685846731827;0.2612241644253997;0.25527102607719504;0.24904517770137313;0.2456455485601995;0.24401423610363307;0.24337453815181595;0.23969072218253845;0.23622379619793413;0.23550576013910848;0.23008087072476024;0.22784394992782409;0.22615003567218517;0.22362374028577348;0.22200393079846567;0.21906016677430076;0.216523586894339;0.2127098252306483;0.2120005016784109;0.21069261205809134;0.2086880580440127;0.20597401638581372;0.20314482734891956;0.20032210908498066;0.19846636308325644;0.19809016919954905;0.19738143235062802;0.1954121636446273;0.19291854495818417;0.19134386737170994;0.19106619051631665;0.18834055326255283;0.18634401767496964;0.1842227806978602;0.18275597611961888;0.18256806595645297;0.17962101224054022;0.1774885515037155;0.1757713578547156;0.1750270215462279;0.17336175044345242;0.1725797350805329;0.17141331294130802;0.1700344655661472;0.16819184917325258;0.16734791265994928;0.1633757691368254;0.16258513226747104;0.1614526378454753;0.16011272248471195;0.1576320951185991;0.15682880458027534;0.15443400062926682;0.15407813727226563;0.15287581445698795;0.15111577884599908;0.1480904200030244;0.14590188913234675;0.14555936444992393;0.1441317055761855;0.14291041321903442;0.14198374645417117;0.13992204397693908;0.13875425723592974;0.13709695557808732;0.1361584736384999;0.13560763252351238;0.13377596417844692;0.1324693426171453;0.13137983929549854;0.1290839361491538;0.12703439410212505;0.12663525565236972;0.12582054712544566;0.12427127857074324;0.12362140185656743;0.12106450039565575;0.11996204069773454;0.11953366661672384;0.11911239512097427;0.1177416168071531;0.11514511458772547;0.11435043965162972;0.11319886172809883;0.1119628692502307;0.10983686717909742;0.10934071304688558;0.10838220941484987;0.10791698785083265;0.10672866223445532;0.10525404175428159;0.10417606638836345;0.10362786676181099;0.10215726268923045;0.10027946955435729;0.09949860426770483;0.09853873968364671;0.0968717003459524;0.09572646803121732;0.09440567841034328;0.09299426330633363;0.09282281690917076;0.09065339218218857;0.09002708505521877;0.08914372209285758;0.08831697133236312;0.08717700508412553;0.08657703668987078;0.08571265982552802;0.0844408271508676;0.08252863857253542;0.08161999099638324;0.08058381663102275;0.0786066624781426;0.07719691263067345;0.07680743776557533;0.07579962038672108;0.07447333227716801;0.07379860286633744;0.07174291749958679;0.07069547342692267;0.0693087203879828;0.06800905369933027;0.06790877478937815;0.06660148146358547;0.06587130097204129;0.06455780240697681;0.06365907944910319;0.06234050310269291;0.06172354053286423;0.060544193314747224;0.0594731451066442;0.058558079160397736;0.05776219840745434;0.056158478177356856;0.05537400159212691;0.054571672906375226;0.05328018626496544;0.05256548541000186;0.05107310972337204;0.04951100257083233;0.048667336389717424;0.04845199728233993;0.045967345896151035;0.04540314935152533;0.04505177851522829;0.043261367500843396;0.04243423298001637;0.041700919700052186;0.040936048459749144;0.04057971688901093;0.039732073120891914;0.03857695673594605;0.03689454089995195;0.03667759534983813;0.03532485021174323;0.03427695287345337;0.03375969134071496;0.0329647275773591;0.031468694706632765;0.03125189941463242;0.030211648017205397;0.02793783789903651;0.02735903534642875;0.026424527099966285;0.025866317510604316;0.024907661465059603;0.024125217962702967;0.023345126591242105;0.021894592814387513;0.020402729808913153;0.019819340564983582;0.019499461583646127;0.018443349608826824;0.01801394310157993;0.0167470004998232;0.01662521864673845;0.014723910939204422;0.014365604633363727;0.013793728512246525;0.012444884403386574;0.012082974590127476;0.010933842638541033;0.008964796427090667;0.00864632045658485;0.008083442887515387;0.007313841912373966;0.005455029646651154;0.00496151441191415;0.003943553509280691;0.0023102470257113077;0.0017983656624120166;0.0010197767080952747;0.0;
