00040;46016.57031;667.8912354;320.7303162;199.5688171;109.4761581;101.2426529;81.1194458;60.710186;49.29293442;42.25257111;41.7310791;40.98212051;40.53241348;39.96520233;39.50908661;39.20378113;38.8343544;38.65098953;38.18400955;37.45734787;37.18999863;36.6569252;36.02513504;35.96752167;35.32740402;35.1478157;34.89635086;34.2471962;33.93628311;33.6450386;33.23913956;32.81182098;32.69966888;32.5970192;32.31293106;32.13257217;31.57919312;31.3315239;31.09455872;30.74808502;30.70874405;30.2407074;29.86488724;29.72179794;29.52631569;29.26797867;29.01560402;28.75598526;28.38670731;28.30272675;28.22688866;27.8666687;27.53857803;27.477911;27.207901;26.83532906;26.6440773;26.43725967;26.09235191;25.64827919;25.3800869;25.23345947;24.87356567;24.67678261;24.49342346;24.36130524;24.03371429;23.87249756;23.70684052;23.62441826;23.47449493;23.18437195;23.05607986;22.78559685;22.64580345;22.47402382;22.15283775;21.91508865;21.65056992;21.54738045;21.26596451;20.9897747;20.76659203;20.53500557;20.41823578;20.21786308;20.15194702;19.96243095;19.835392;19.40009689;19.24755096;19.11406898;18.87930679;18.49981308;18.37514305;18.27887344;18.16991997;17.89650917;17.59844589;17.22149467;17.10724258;16.84803581;16.7469368;16.53232002;16.41938591;16.11083221;15.94535065;15.88233185;15.73081875;15.51356888;15.3111105;15.17372799;14.96648502;14.84101677;14.70014858;14.44674492;14.20780945;14.0589304;13.78349876;13.54030132;13.52807617;13.25218678;13.04015636;12.87380409;12.72344017;12.61090851;12.44005394;12.35906696;12.02614498;11.88334179;11.85198021;11.74782085;11.4107399;11.38324642;11.152174;11.05190277;10.89772606;10.82815552;10.32620049;10.07876587;10.05704975;9.931734085;9.778336525;9.447128296;9.19785881;8.93751049;8.880852699;8.595005035;8.518315315;8.418635368;8.276930809;8.050022125;7.947564125;7.89018631;7.808001518;7.362486362;7.231412411;6.965480804;6.785560131;6.740706921;6.523548603;6.322818279;6.154757977;6.026311874;5.880393505;5.753920078;5.398581505;5.378450394;5.300418854;5.096488953;4.895698547;4.778444767;4.634646893;4.325592041;4.182160854;3.930069923;3.853177547;3.686253548;3.568642378;3.426283598;3.191694498;3.127982378;2.839793205;2.647817373;2.528163671;2.296468019;2.200901031;2.196204901;2.01177597;1.852604985;1.585984588;1.451466441;1.298491955;1.084560156;0.7786665559;0.7227599025;0.5680907965;0.3950380981;0.2476748079;0.1369129568
00100;46031.28125;667.0126953;320.4176636;196.4185638;104.435173;97.38298035;76.2642746;53.90953827;41.7301712;30.61151314;27.48667526;27.03388786;26.51628494;25.52444077;24.93254852;24.62762833;24.25886726;24.13889122;23.52536774;23.36826706;23.28005981;23.22062111;22.86613655;22.61813164;22.55189896;22.22775841;21.90332031;21.80298424;21.55574226;21.17671776;21.01584816;20.77872086;20.51546669;20.35897446;20.2172451;20.05342102;20.0273304;19.57024193;19.42726517;19.26179123;18.94405174;18.70296478;18.66903877;18.48229408;18.22317314;18.1559124;18.11402512;17.98257256;17.7135334;17.48540688;17.38113022;17.21270561;17.09703445;17.03025055;16.96457291;16.72123528;16.59069252;16.46991539;16.33662796;16.07853317;15.89660549;15.67511272;15.65300274;15.52818489;15.43801403;15.31579876;15.22815418;15.12343597;15.07905769;14.76547146;14.57875729;14.46807861;14.36219788;14.20994186;14.04134941;13.95315742;13.82909966;13.71698284;13.58527851;13.50823593;13.40488625;13.29152679;13.08612347;12.87828064;12.73850822;12.65884781;12.4132576;12.25264645;12.09262085;12.00745964;11.86735249;11.85385704;11.66200924;11.50766563;11.46965885;11.21228409;11.06757069;10.97367191;10.92195702;10.72931862;10.55043221;10.51110744;10.49345016;10.37517834;10.31767368;10.19449234;10.04350281;9.92770195;9.796216011;9.62136364;9.589812279;9.518836021;9.36393261;9.224981308;9.180718422;9.064428329;8.923048019;8.863960266;8.598594666;8.543532372;8.427606583;8.286530495;8.056152344;8.045991898;8.009003639;7.806082249;7.675780296;7.582385063;7.475791931;7.296014786;7.233899117;7.152207851;7.037689209;6.965927601;6.862529278;6.699427605;6.534111023;6.491454601;6.354119301;6.255576134;6.124023914;6.087233543;5.883622169;5.812396526;5.683151722;5.673774242;5.564568996;5.447162628;5.359326363;5.29929781;5.170159817;5.028669357;4.93117094;4.769931316;4.63059473;4.462800503;4.387152672;4.284533024;4.157612801;4.091278076;4.011930943;3.896873474;3.776646137;3.713624239;3.569122553;3.561410666;3.361833096;3.338365316;3.25494504;3.199862242;3.148247242;2.997422457;2.924486399;2.76624012;2.586658478;2.565724373;2.511320591;2.455264807;2.308385849;2.067345381;2.017956257;1.908138275;1.801873922;1.648048282;1.636789203;1.521432638;1.483266711;1.320152164;1.108530879;1.058912277;0.9575086236;0.8705573678;0.7792733312;0.6754133105;0.6048992872;0.4517252147;0.3630287945;0.2850811779;0.173415035;0.03335539997
00160;46022.18359;668.1220093;321.0657959;196.9488525;103.5280304;96.48186493;74.04125977;52.24829865;39.9627037;27.39719772;22.94397545;21.87652969;21.00778008;20.88819122;20.47787285;20.17758942;19.63959503;19.40544319;19.04457283;18.78781891;18.76603889;18.65793419;18.49941826;18.32594109;18.19269753;17.82380486;17.76588631;17.59220886;17.38218498;17.27162552;17.09834671;16.85329437;16.71925926;16.579813;16.44936943;16.39299774;16.13968849;15.95744705;15.71946812;15.51858425;15.49935913;15.33302402;15.21268749;14.89540768;14.8349123;14.67255592;14.57527542;14.46076012;14.36894703;14.21954727;14.09256268;14.00038338;13.82435226;13.73403931;13.65821266;13.37962341;13.28879452;13.19901943;13.0871563;13.04510975;12.90530491;12.65587425;12.58885098;12.47567177;12.43639851;12.28320694;12.22043705;12.09187984;11.99682045;11.93963242;11.76062012;11.69203854;11.57999516;11.36423206;11.27485752;11.14706802;10.97626591;10.91806602;10.85525703;10.77977276;10.66338444;10.63240051;10.50363159;10.46889877;10.32256985;10.17370701;10.10935307;10.05882549;9.9383955;9.863663673;9.738568306;9.641518593;9.563611031;9.441500664;9.355872154;9.238833427;9.073009491;9.040440559;8.954655647;8.843759537;8.734373093;8.667472839;8.523094177;8.459190369;8.345539093;8.322170258;8.252960205;8.176343918;8.04861927;7.88657093;7.875490665;7.796966553;7.730706692;7.603713036;7.496403694;7.422645569;7.291442394;7.201958656;7.125755787;7.079344273;6.844004154;6.721387386;6.683560848;6.564357281;6.550802231;6.497588634;6.305736542;6.233860016;6.110830307;5.934702396;5.892754555;5.857296944;5.773152351;5.629116535;5.535581589;5.453500748;5.390185833;5.251079082;5.238318443;5.193421364;5.148786068;5.025419712;4.905084133;4.869711399;4.604649067;4.593123436;4.492163658;4.440217018;4.376937866;4.266805649;4.199125767;4.118728161;4.051587105;3.863628626;3.745633602;3.739874125;3.688175678;3.600652933;3.541169405;3.365943909;3.292566776;3.23970294;3.144703865;3.099526405;2.964372158;2.908522844;2.801260233;2.695148706;2.638087034;2.532673597;2.439612389;2.354593039;2.231518507;2.143639326;2.112025499;1.908173323;1.860240936;1.787212014;1.718568802;1.681447387;1.584360957;1.491027355;1.456720948;1.349119425;1.280997157;1.228068471;1.129966855;1.104060292;1.038091898;0.9605406523;0.8741964102;0.7107239366;0.6940463781;0.5271984935;0.4666507542;0.3657143116;0.2256841213;0.1333154142;0.09193208069;7.311131776e-05
00220;46022.34766;668.0119019;320.9766846;196.2721863;102.728302;96.40267181;71.94065857;51.14097595;37.57740402;26.1842804;21.92273331;20.68887329;19.35386467;18.50287437;17.57870293;17.49877167;17.01628304;16.78748894;16.69870377;16.42594147;16.20581245;16.0430851;15.97551727;15.76558781;15.69797611;15.63510418;15.44519234;15.29611015;15.21465588;15.13686752;14.95948887;14.77790165;14.70544815;14.37705326;14.27456474;14.07012749;14.0024147;13.79483986;13.66442585;13.53069687;13.44968128;13.24713326;13.10150337;13.04454136;12.95529175;12.89049911;12.82077599;12.66292763;12.62073421;12.51742744;12.28343964;12.25724316;12.2087307;12.08584976;11.9846344;11.94122696;11.78170681;11.62655544;11.48228073;11.41773701;11.3391552;11.27113056;11.2433157;11.11996174;10.88790798;10.81137371;10.74503136;10.65996838;10.56063366;10.5084362;10.42602444;10.36925507;10.29136372;10.17132473;10.10211468;9.987854958;9.854957581;9.708734512;9.604846954;9.531766891;9.508913994;9.399305344;9.304050446;9.218868256;9.085706711;8.985479355;8.883610725;8.743299484;8.721616745;8.675937653;8.559293747;8.484311104;8.462866783;8.239155769;8.152718544;8.056452751;7.960771084;7.926132202;7.898774147;7.770856857;7.617244244;7.466881752;7.412998676;7.3207407;7.286991596;7.240107059;7.092762947;7.008580208;6.999563694;6.936279774;6.829354763;6.734044075;6.623963356;6.587253571;6.527345181;6.41829443;6.342563629;6.257540226;6.222567081;6.157765388;6.044496059;5.985423088;5.895851612;5.837387562;5.747836113;5.660642624;5.614078999;5.553037643;5.498637199;5.464810371;5.26362133;5.155579567;5.122992516;5.064330578;5.032193184;4.904436111;4.826096058;4.778596878;4.671058655;4.609300613;4.503755093;4.338554859;4.319785595;4.107758522;4.091195583;4.032860756;4.022325516;3.90558362;3.863417625;3.800054073;3.742405176;3.637029409;3.583069086;3.483896494;3.450083494;3.338786364;3.26536417;3.182814598;3.102324247;2.999267817;2.902326107;2.785302401;2.765700817;2.709672213;2.618891239;2.564850807;2.546606302;2.437438488;2.369519949;2.214391232;2.143748045;2.10389185;2.070154428;1.968796968;1.875029564;1.704717278;1.646623492;1.593521476;1.527308702;1.455088735;1.381926656;1.329352975;1.276447177;1.193726659;1.12826252;1.050468922;0.9628514051;0.9349504709;0.8918911219;0.7991574407;0.744046092;0.6728973985;0.560002923;0.5099684;0.4366136491;0.323928833;0.2787698507;0.233218506;0.1710414141;0.03667678684
00280;46022.99219;668.7236328;320.579895;195.8695679;101.9033966;95.84433746;71.58766937;50.58750916;37.05450821;24.96775055;20.96493912;18.48946762;17.85652924;16.46541405;16.28435898;15.91511059;15.62292671;15.46770287;15.21758461;15.14530087;15.08011436;14.71556854;14.62088585;14.33869362;14.25977612;14.16233921;13.96172428;13.74674129;13.67379761;13.56109524;13.53380394;13.32683754;13.17860031;13.04898167;12.79203129;12.74465275;12.64818478;12.58949566;12.45272636;12.36251736;12.17556477;12.15680408;12.04337502;11.96438217;11.91875267;11.69060516;11.6710434;11.58874035;11.4299202;11.32991505;11.24463272;11.1645298;11.05595589;10.97429752;10.92866135;10.79396629;10.69154549;10.65650177;10.46592522;10.40663815;10.29571915;10.28087711;10.12488174;10.0009203;9.946973801;9.844128609;9.795041084;9.70650959;9.618224144;9.528967857;9.415616989;9.311321259;9.239602089;9.086465836;9.055725098;8.94698143;8.915378571;8.731554031;8.704107285;8.612088203;8.511265755;8.477311134;8.457789421;8.348521233;8.246022224;8.151909828;8.117337227;8.033777237;8.013816833;7.939819336;7.839537144;7.703403473;7.648729801;7.625795841;7.497803211;7.430217266;7.265785217;7.228544235;7.171628952;7.017137527;6.953029156;6.896246433;6.791407585;6.739735603;6.680468082;6.57378006;6.48478651;6.43160677;6.347940922;6.23782444;6.149728298;6.099285126;6.013835907;5.943143368;5.878014565;5.848333359;5.72280407;5.680696964;5.633220196;5.518555641;5.462830544;5.399086475;5.353949547;5.292105675;5.22802639;5.16720438;5.098352909;5.049386501;4.959236145;4.894225121;4.858430386;4.719239235;4.637360573;4.581535816;4.490177631;4.452324867;4.415371895;4.381809711;4.217211723;4.180895329;4.09558773;3.933058023;3.911113501;3.845661879;3.814589739;3.74525404;3.702795744;3.671351433;3.531782866;3.437589884;3.327970743;3.281618118;3.17347312;3.099629402;3.024015665;2.964586735;2.910500288;2.870676517;2.711723089;2.620309591;2.577090263;2.493236303;2.443208694;2.3935256;2.305850744;2.258007526;2.225117683;2.167022705;2.088886976;2.048271418;1.996225476;1.910064459;1.825573564;1.73593092;1.685902119;1.581637383;1.521090746;1.447067857;1.368529797;1.349740744;1.298462152;1.17990756;1.114051223;1.05432272;0.9831923842;0.9079332352;0.8140119314;0.784539938;0.7757357359;0.7169813514;0.6357042789;0.5715246797;0.5617436171;0.4342750013;0.3312523067;0.2496035248;0.2100026011;0.1289206892;0.1127816141;0.01914404705
00340;46023.82031;669.2250977;320.7862854;196.1772156;101.601799;95.84753418;71.22537994;50.73065948;35.86924362;24.22364616;20.90864944;17.60727501;17.35539055;15.78450966;15.02801037;14.76597595;14.66871357;14.2900238;14.20705032;13.9971714;13.72560406;13.60160732;13.44762611;13.38516712;13.27686596;12.99514008;12.85331726;12.81142712;12.61024761;12.57148838;12.27313614;12.12831593;12.05637074;12.00132942;11.93871593;11.868536;11.81188583;11.75804615;11.66935539;11.53118038;11.35573292;11.2891674;11.24034119;11.15515709;11.14840031;10.94747829;10.75358582;10.68632793;10.57154655;10.55535221;10.46687889;10.30956078;10.22858429;10.09764862;9.976672173;9.916334152;9.858104706;9.797940254;9.669516563;9.613940239;9.516098022;9.425113678;9.346970558;9.313139915;9.171855927;9.116077423;9.030962944;8.882793427;8.875457764;8.815198898;8.742689133;8.642388344;8.577483177;8.487382889;8.428997993;8.37642765;8.187265396;8.17283535;8.06744957;7.980392456;7.891992092;7.824373722;7.74895525;7.651474953;7.537333012;7.446182728;7.423200607;7.307182312;7.261588097;7.226666927;7.127929211;7.071656227;7.010069847;6.994318962;6.861374855;6.816488266;6.751636982;6.696687222;6.606702805;6.588522434;6.563634872;6.448579788;6.42717123;6.247384548;6.1703372;6.074297905;6.023754597;5.978644848;5.903377056;5.827261925;5.770368099;5.683503628;5.628422737;5.574471474;5.507348537;5.403866291;5.383794308;5.330550194;5.301463127;5.223534584;5.122913361;5.027644157;4.955287933;4.869549751;4.786664963;4.743904591;4.686676502;4.662412167;4.610107899;4.510344505;4.504942417;4.447667122;4.40747261;4.291527748;4.171732903;4.109788895;4.095240116;3.981789827;3.902512074;3.799238205;3.728152275;3.68823719;3.664904118;3.598357439;3.55587697;3.460833549;3.439391851;3.347236633;3.282375097;3.237646818;3.146755934;3.073757887;3.035241842;3.004030466;2.887205124;2.825252295;2.735046625;2.666211605;2.602795124;2.58330965;2.499888897;2.46986413;2.44378686;2.213658571;2.209937811;2.110093117;2.058535814;2.013446331;1.959160566;1.927436829;1.819231629;1.772617936;1.752402663;1.592400551;1.577796698;1.513722658;1.411445022;1.35809648;1.270572662;1.234919548;1.176152349;1.142718196;1.030339837;1.001123905;0.9536691904;0.9150646925;0.8901984692;0.7678297758;0.7572776079;0.6810417771;0.5945145488;0.5446265936;0.4795651436;0.4260596037;0.2938216627;0.216044277;0.152777642;0.1179959774;0.05344286934;0.03333540261
00400;46020.59375;670.0279541;319.8735962;196.5307465;101.5107498;95.32791901;71.21398163;50.24954605;35.55959702;23.62137604;20.3721962;17.42246056;16.27801514;15.14277077;14.58771801;14.11918545;13.50665283;13.32135963;13.18449211;13.12700653;12.85746384;12.78464413;12.55747223;12.51386261;12.38524437;12.33057404;12.14285183;12.09004879;11.98236942;11.897048;11.65694141;11.505373;11.4345026;11.34869289;11.2726965;11.14989567;11.03819275;11.00954247;10.95598888;10.82076168;10.71553612;10.5702076;10.53368092;10.50462437;10.29205227;10.25540066;10.20541286;10.07612038;10.01236153;9.987202644;9.777768135;9.691392899;9.615576744;9.587288857;9.461445808;9.417553902;9.302508354;9.262799263;9.200419426;9.162124634;9.075048447;8.999462128;8.963563919;8.834745407;8.775079727;8.742364883;8.597810745;8.540588379;8.475374222;8.414343834;8.229036331;8.168840408;8.106874466;8.064668655;7.902458668;7.839635372;7.79552269;7.730460167;7.64484787;7.624857426;7.53904438;7.440945625;7.371213436;7.295422554;7.241075039;7.176690578;7.069734097;7.028957844;6.946765423;6.870019913;6.824373245;6.701596737;6.617379665;6.580758572;6.481259823;6.419917583;6.398090363;6.326717854;6.270370007;6.176458836;6.149683475;6.069631577;6.03525877;6.00381422;5.919299126;5.864459991;5.832286835;5.76364994;5.69864893;5.616396904;5.584530354;5.496275425;5.44019556;5.358136177;5.289296627;5.148312569;5.115038872;5.095504284;4.984697819;4.963501453;4.876433849;4.816609383;4.716008186;4.641947269;4.622210503;4.489465714;4.451391697;4.364100933;4.261032581;4.241691113;4.197620392;4.166353703;4.120846272;4.056538582;4.021951199;3.949941635;3.823444366;3.704271078;3.668399572;3.599449635;3.561257124;3.497922897;3.466829777;3.436990261;3.379514217;3.319723606;3.289663553;3.18502903;3.122382402;3.115695477;2.91965127;2.898860455;2.868795156;2.77836895;2.744766951;2.670699358;2.661819935;2.510446787;2.485013723;2.353980541;2.339950323;2.316706657;2.238074303;2.168069839;2.09220624;2.054512739;2.000840902;1.890491128;1.882911921;1.826921463;1.746835709;1.7009691;1.660378218;1.51171267;1.493989587;1.403424621;1.383931279;1.322856188;1.249977112;1.172207594;1.128247619;1.02181685;0.9621709585;0.9472230673;0.8555064201;0.7919784784;0.7671028376;0.7051514983;0.6596013308;0.5998230577;0.5348232985;0.4710710347;0.3891733587;0.3514640331;0.3014079332;0.213965416;0.1936667562;0.09557100385;0.05986477435;0.003303222591
00460;46020.37109;669.6400757;319.6948547;196.421814;101.7235489;95.29784393;70.94554138;50.20858765;35.77564621;23.42207146;19.89461136;17.26251602;15.56249428;14.60009098;13.60050201;13.25909805;12.83232403;12.72661972;12.6309948;12.34818649;12.25568676;12.15055943;12.0725317;11.94327164;11.74425316;11.68123913;11.45442295;11.39904404;11.24289322;11.20993614;11.12983513;10.90786362;10.86422539;10.78796577;10.7265501;10.58914185;10.50523186;10.49452114;10.38287258;10.23804283;10.10155392;9.985314369;9.926834106;9.866983414;9.772868156;9.681523323;9.582927704;9.508508682;9.466378212;9.31583786;9.25878334;9.19235611;9.171377182;9.084100723;9.045474052;8.874745369;8.799734116;8.760725021;8.619941711;8.565436363;8.498810768;8.459129333;8.326160431;8.234020233;8.163850784;8.115703583;8.094507217;8.067406654;7.909272671;7.862566948;7.770758629;7.729983807;7.619030952;7.59943819;7.556435585;7.539216042;7.481424809;7.385032177;7.318153858;7.290301323;7.218937874;7.13595438;7.054202557;7.026876926;6.948760986;6.876274586;6.814314365;6.759465218;6.655691624;6.632650852;6.483062267;6.441717148;6.375802517;6.332888126;6.196273327;6.163811684;6.125084877;5.965340614;5.953716755;5.882972717;5.826633453;5.747208595;5.695204258;5.639554977;5.591241837;5.556724548;5.420485973;5.379483223;5.325423241;5.277229786;5.186842918;5.128118038;5.07380867;4.988287926;4.963342667;4.925142765;4.86700058;4.821153164;4.773976326;4.695484638;4.631941795;4.583509445;4.526676655;4.416339874;4.385925293;4.329656601;4.258624554;4.208024502;4.178058147;4.090037823;4.0483284;3.962546587;3.867614985;3.819332838;3.756806612;3.724725246;3.676422119;3.61479497;3.558785439;3.496328115;3.465607166;3.355750322;3.251324415;3.190948009;3.161273241;3.142318964;3.058355331;3.027384043;2.924783707;2.907765865;2.781210184;2.749596834;2.669388771;2.623708248;2.570283413;2.529894829;2.487914324;2.394628763;2.348853111;2.254464149;2.209633112;2.192263603;2.086174965;2.017921925;1.993415594;1.941717029;1.90651834;1.785010934;1.762278318;1.696749449;1.584993958;1.559128404;1.550567985;1.460297227;1.417397022;1.383441687;1.317916512;1.283380628;1.203984261;1.147033811;1.090420604;1.037541151;0.9764953852;0.9232206345;0.8801333904;0.8109331131;0.6954972148;0.6415181756;0.6034572124;0.5504156351;0.5062953234;0.4669108391;0.3888975084;0.3487366438;0.3241549134;0.2435382754;0.1996947378;0.1220667884;0.04192566499;0.02412909642
00520;46021.27734;669.8752441;319.7496643;195.7127228;101.5491562;95.38791656;70.95188904;49.92965317;35.72128677;23.29172707;19.7215519;16.85712242;15.81197739;14.45804214;13.28508091;12.71558952;12.47369099;12.33710194;12.20029736;12.06855297;11.94068813;11.73005104;11.52816391;11.46182632;11.32614708;11.20307636;11.10151863;10.9026289;10.85369968;10.72872639;10.59986877;10.58004761;10.45615864;10.38857746;10.3297472;10.23604679;10.16931915;10.07466221;10.0250349;9.822994232;9.780333519;9.670869827;9.579821587;9.506170273;9.363647461;9.297804832;9.246610641;9.168165207;9.13723278;9.053204536;8.916199684;8.829515457;8.771156311;8.725927353;8.664193153;8.555717468;8.429815292;8.418926239;8.300699234;8.263176918;8.184551239;8.08914566;8.05059433;7.966238499;7.912678242;7.858999729;7.849832058;7.705848694;7.670406818;7.543751717;7.510478973;7.411391258;7.347846031;7.299863338;7.240013123;7.147392273;7.105888844;7.05232811;6.969843864;6.932543755;6.906926632;6.856787205;6.809904099;6.669112682;6.621407032;6.591603279;6.508165359;6.456459999;6.384049892;6.269642353;6.240191936;6.143540859;6.085687637;5.991567135;5.959031105;5.87796545;5.838296413;5.735738754;5.671340942;5.598557949;5.568464756;5.530993462;5.495747089;5.338332653;5.287421703;5.245611191;5.191234112;5.151125908;5.060115337;4.989979744;4.969089508;4.947663784;4.890284061;4.850501537;4.74912262;4.725919724;4.660459995;4.647164822;4.588867664;4.571409702;4.48597765;4.38092947;4.356092453;4.303809643;4.216444016;4.17914629;4.169488907;4.072255135;4.005215645;3.901494026;3.859248877;3.823579788;3.787956238;3.668248892;3.58768487;3.553583384;3.487733603;3.428416252;3.39210701;3.339466333;3.282575607;3.234064579;3.148293734;3.086283684;3.044391155;2.960943699;2.881103992;2.871177912;2.846353292;2.706275225;2.675323009;2.659027576;2.603061914;2.576510429;2.474054337;2.445895195;2.405020952;2.383535385;2.30910182;2.247731924;2.213663101;2.107361317;2.095684767;1.992143273;1.939183831;1.877525568;1.840385199;1.780949473;1.717531919;1.640112638;1.617494106;1.571041942;1.534512401;1.42240715;1.404429913;1.367255807;1.273215175;1.24740839;1.1962924;1.151228189;1.057942748;1.008104324;0.9743583798;0.9337935448;0.8602454066;0.7653703094;0.7401830554;0.671119988;0.6034653783;0.5341047049;0.4822677076;0.469473213;0.4256299436;0.326061517;0.3054502308;0.2930707335;0.2228962034;0.1102538779;0.0622247383;0.005411074962
00580;46019.96875;670.1671143;318.7835999;196.0367126;101.4667511;95.57015228;70.411026;49.92085648;35.34354401;22.95528221;19.88728333;16.86070824;15.6386528;14.29365253;12.85288048;12.59614563;12.2870369;12.09719658;11.72663021;11.62718868;11.45712566;11.41272163;11.33765507;11.13930702;11.03352833;10.91727161;10.76676846;10.69366455;10.52520275;10.46556377;10.35901833;10.26088142;10.13600636;10.11119843;10.03080463;9.987045288;9.821917534;9.708927155;9.671097755;9.567623138;9.405704498;9.379868507;9.332480431;9.275493622;9.20626545;9.113297462;9.066222191;8.962342262;8.839592934;8.718587875;8.663759232;8.52761364;8.515210152;8.472215652;8.398078918;8.31125927;8.262640953;8.216357231;8.144088745;8.125992775;8.03855896;7.986809254;7.903051853;7.839247227;7.776616573;7.682622433;7.575717449;7.541695118;7.509149075;7.421388149;7.314795494;7.236867905;7.222225189;7.110546589;7.033540726;7.016890526;6.962116718;6.868491173;6.847275257;6.819452286;6.725506306;6.675012589;6.659083366;6.542598724;6.454419136;6.372356892;6.297085285;6.239841461;6.213372231;6.15482378;6.081043243;6.017197132;5.961561203;5.907578468;5.878121853;5.834962368;5.695866585;5.613304615;5.545032024;5.494776726;5.409947872;5.396900654;5.318500519;5.29707098;5.238851547;5.112840176;5.092645168;5.031481743;5.011775494;4.930848122;4.910655022;4.804516315;4.745500565;4.697994232;4.64518261;4.554344177;4.532208443;4.467830658;4.426764488;4.411301613;4.333669186;4.273007393;4.194860935;4.160265446;4.075266361;4.05080843;4.004841805;3.938271284;3.889970541;3.842892647;3.795836449;3.756531;3.656372547;3.614233017;3.524711609;3.452600241;3.401341438;3.390527248;3.344828606;3.264656544;3.204241753;3.163544655;3.132295609;3.042521;2.990954399;2.98576498;2.928733826;2.903555393;2.848487377;2.737104654;2.695092201;2.653367519;2.596416473;2.580798388;2.495944977;2.423423529;2.378444433;2.327620029;2.255619287;2.180850029;2.136216879;2.110042572;2.054777622;2.027575254;1.958248019;1.857477188;1.846316099;1.788658142;1.752084851;1.698952198;1.619066477;1.597336054;1.51840961;1.450702906;1.357658982;1.326386929;1.305963397;1.221909881;1.117099881;1.032469511;0.9964687228;0.9555797577;0.9101002216;0.8247001171;0.7980534434;0.7822803259;0.7289089561;0.662134707;0.6021529436;0.5518132448;0.4820285141;0.4658854008;0.3888244331;0.3205650151;0.2903983295;0.2480292469;0.1929648817;0.1571319401;0.1073884666;0.02398568392
00640;46021.40234;669.7799072;318.9957581;195.7579193;101.2900925;95.19265747;70.66144562;50.07498169;35.73596191;22.6991539;19.58514977;16.77637863;15.1093235;14.21769428;12.70031166;12.08975792;11.97283554;11.77602291;11.54601002;11.46323395;11.43919373;11.22797966;11.0279398;10.90901566;10.7794838;10.70948792;10.58752632;10.56714725;10.30485153;10.24536228;10.15116596;10.0807333;10.03882694;9.982675552;9.798892021;9.710449219;9.656544685;9.605246544;9.589277267;9.386620522;9.321961403;9.227826118;9.105978966;9.089019775;9.037955284;8.968147278;8.910612106;8.828050613;8.781347275;8.76480484;8.720271111;8.497881889;8.403440475;8.294431686;8.233898163;8.210039139;8.139405251;8.121868134;8.03804493;8.011805534;7.967095375;7.887659073;7.778692245;7.747758389;7.712188244;7.612726212;7.579078674;7.524350643;7.403447151;7.340251446;7.27096653;7.217484951;7.147406578;7.056714058;7.05319643;7.006890297;6.899584293;6.78212738;6.765326977;6.648674488;6.631281376;6.586266518;6.459835529;6.372067451;6.340017796;6.286576748;6.20454073;6.083309174;6.028848648;5.963558674;5.907113075;5.856238365;5.739608765;5.727811337;5.646241188;5.604139805;5.553040028;5.526074886;5.462326527;5.384622097;5.314030647;5.272371769;5.241566658;5.214044094;5.156702995;5.071114063;5.03187561;4.948411465;4.897667408;4.830406666;4.798322678;4.733491898;4.677616596;4.609818935;4.535894871;4.470368385;4.463466644;4.420279503;4.32320261;4.240056515;4.221447945;4.13946867;4.079056263;4.056026936;3.979705334;3.935073614;3.930735111;3.843778133;3.748812675;3.677250385;3.660629511;3.568375826;3.524454594;3.488750219;3.426315308;3.383440018;3.329093933;3.285244942;3.217947483;3.194666386;3.11491847;3.11058116;3.041483402;2.98495245;2.941488504;2.883742571;2.8275702;2.770118475;2.675975084;2.645118952;2.58958745;2.570798159;2.504233122;2.476747036;2.419214964;2.308494568;2.286870241;2.22358346;2.184778929;2.103017092;2.02579236;2.001767397;1.947903633;1.862814069;1.83158493;1.766415834;1.705704093;1.623769522;1.544689894;1.506298304;1.470619321;1.404330969;1.386838675;1.360492229;1.293934345;1.212407827;1.137162685;1.128152728;1.086541295;1.05070889;1.022524595;0.9837614298;0.8998364806;0.849352181;0.7971012592;0.7349345684;0.7157390714;0.6325038075;0.50814569;0.4933689535;0.4569269121;0.4011453688;0.355569154;0.3282724321;0.2522187829;0.2105876803;0.09929206967;0.0770964697;0.05855763704;0.04350906983
00700;46021.50781;670.0446167;319.0045166;195.7913361;100.8174896;95.53517914;70.75608063;49.74419403;35.42970657;23.0551548;19.37465286;16.62463379;15.04077053;14.23256874;12.54690361;11.94427681;11.72312737;11.67172337;11.43217278;11.26058292;11.14634037;10.9127655;10.87380314;10.80259037;10.73217297;10.57063389;10.50693321;10.36058617;10.27970886;10.15966988;10.09851551;10.06536007;9.945771217;9.752896309;9.725406647;9.651427269;9.57026577;9.503454208;9.360175133;9.311937332;9.153017998;9.141098976;9.041254997;8.893253326;8.844304085;8.783852577;8.643548012;8.57157135;8.489351273;8.449110031;8.424501419;8.304514885;8.23789978;8.151041031;8.088810921;8.04400444;7.982191563;7.935027122;7.886191845;7.843352795;7.751431465;7.612104416;7.581685543;7.510465622;7.425159931;7.364198685;7.280081749;7.227818489;7.154428482;7.081622601;7.055482388;6.95632267;6.941830635;6.900588512;6.780636787;6.758674145;6.642543316;6.541939259;6.486564636;6.417205811;6.382607937;6.327133179;6.244802952;6.164217472;6.149616718;6.102101803;6.072507858;6.047170639;5.984226704;5.97051239;5.837348938;5.758431911;5.69393301;5.642745972;5.559702396;5.555547714;5.505396366;5.397359848;5.337687016;5.268134594;5.235998631;5.197966576;5.141871452;5.107385635;5.023591042;4.982797146;4.977318764;4.918811798;4.87328434;4.760790825;4.711949825;4.621028423;4.574132442;4.555462837;4.512290955;4.446384907;4.335780621;4.314595699;4.289901257;4.243737221;4.181350231;4.103577137;4.061286926;3.984238625;3.922948122;3.814543009;3.791046619;3.736351013;3.719849586;3.609618902;3.577246666;3.488304377;3.475175381;3.425762177;3.367655039;3.344891787;3.295492172;3.262812614;3.244324684;3.140485048;3.092646837;3.047608376;3.018139839;2.9609828;2.886745691;2.855994701;2.764833689;2.70249486;2.651944637;2.637595654;2.558171034;2.465660572;2.400416851;2.343379974;2.31867981;2.278658152;2.20281148;2.176329613;2.134264469;2.088292122;2.02968502;1.991784811;1.97315824;1.824953794;1.779295683;1.742141008;1.719540834;1.632980943;1.590135694;1.535704374;1.452887774;1.435088873;1.412699938;1.391818404;1.310031533;1.213725448;1.160876393;1.104636908;1.074092984;1.052650332;0.9793242216;0.9537601471;0.912594974;0.8472557068;0.827642262;0.742646277;0.6882455945;0.5837363005;0.5655584335;0.5131400228;0.4760004878;0.3843192756;0.3794562817;0.2935424745;0.2833604515;0.2054256499;0.1756972373;0.1464787275;0.07513737679;0.00643127365
00760;46020.54297;670.3796387;318.8667603;195.7814178;101.0076218;95.23265839;70.84031677;49.43326187;34.87105179;23.05569458;19.02353287;16.11305237;14.61863518;14.0596199;12.46925163;11.79611397;11.68583393;11.49148941;11.259552;11.24055767;10.973032;10.84734535;10.76009178;10.64696503;10.62322235;10.49566078;10.43066692;10.34660149;10.1828413;10.04924774;10.01165009;9.915857315;9.761470795;9.686714172;9.60299778;9.55362606;9.460457802;9.320803642;9.184485435;9.105672836;9.024299622;8.913084984;8.904016495;8.809238434;8.656124115;8.624312401;8.555633545;8.471395493;8.462601662;8.322481155;8.257502556;8.191986084;8.114646912;8.112054825;8.06754303;8.004984856;7.961685181;7.887588501;7.863431931;7.68596983;7.646248817;7.568298817;7.508005142;7.421434402;7.342004299;7.30252409;7.297364712;7.130443573;7.098889351;7.053379059;6.979959965;6.922724724;6.880064011;6.826843739;6.812410355;6.757870197;6.674940586;6.571369171;6.540184975;6.466081619;6.376829624;6.365599155;6.330334187;6.219613075;6.152869225;6.098087788;6.049887657;6.033445835;5.945375919;5.904282093;5.843030453;5.743493557;5.675405025;5.570997715;5.556611538;5.527750969;5.500137329;5.400319576;5.276332855;5.226212025;5.177781105;5.129796982;5.094516277;5.043103695;4.963830948;4.902575016;4.836023808;4.765864372;4.689454556;4.646420479;4.625779629;4.597693443;4.516470909;4.458802223;4.419500351;4.358102798;4.308084488;4.238348007;4.178309917;4.140947819;4.080639839;4.058703423;3.987628937;3.939126492;3.89788866;3.878937483;3.78472209;3.725759983;3.699220181;3.662970066;3.635230541;3.608627319;3.522277355;3.432319641;3.430659056;3.390021086;3.304759264;3.235098839;3.158183336;3.101637363;3.055618048;2.979112625;2.92320323;2.8946805;2.875108242;2.792798042;2.748939037;2.706245661;2.631859541;2.553191423;2.543173313;2.515998125;2.486618042;2.381080866;2.338714838;2.299412251;2.260010481;2.147551298;2.137210846;2.092084408;2.074478149;2.031224012;1.961736321;1.882768393;1.801756382;1.775761962;1.698553443;1.683151722;1.632622123;1.615532875;1.565249443;1.458321333;1.395021439;1.362040758;1.325417161;1.257532477;1.217392325;1.138715506;1.047538042;0.982004106;0.9419355989;0.9152472019;0.8620248437;0.8158026934;0.7480199933;0.6758525372;0.6056054235;0.57164222;0.5393492579;0.4705189168;0.4559553266;0.4260648489;0.3885000348;0.3207437396;0.2695901394;0.2540130913;0.1923680753;0.08584269881;0.03789123893;0.02438268065
00820;46021.60156;669.951416;319.0635986;195.6625671;101.4138794;94.82791901;70.78198242;49.97196198;34.99129868;22.95832443;19.45358276;16.45820808;14.40616322;13.75164413;12.67500401;11.81761646;11.57122612;11.3342371;11.1686058;11.14548779;10.88908577;10.73456573;10.66863918;10.61902714;10.48463249;10.31079578;10.26829433;10.17325878;9.980200768;9.93335247;9.766809464;9.702017784;9.604141235;9.545379639;9.439517021;9.379137039;9.258816719;9.17042923;9.05002594;8.95028019;8.89215374;8.861068726;8.825061798;8.756707191;8.679322243;8.538598061;8.500905991;8.344234467;8.326191902;8.237600327;8.199986458;8.113204002;8.052987099;7.954697609;7.894561291;7.849122524;7.81258297;7.683894157;7.571417332;7.544890881;7.493695259;7.375506878;7.358191967;7.312529087;7.218082905;7.15246439;7.108140469;7.059106827;6.968929291;6.870844364;6.840096474;6.761348724;6.691051006;6.662397861;6.576928139;6.498740196;6.439003944;6.400957108;6.339391232;6.283053398;6.222102165;6.154243946;6.107295036;6.087713718;5.965982914;5.906334877;5.858604908;5.809907436;5.729619503;5.71710968;5.679608822;5.605076313;5.578012466;5.522801399;5.448843479;5.397222519;5.371790886;5.311333656;5.173847675;5.171070576;5.124874592;5.053530216;5.017834663;4.989394188;4.973618984;4.850697041;4.718819618;4.679512978;4.639824867;4.604118824;4.535021782;4.510195732;4.406982422;4.333217144;4.303367615;4.269619465;4.236162186;4.158017635;4.082805157;4.056381226;3.960055351;3.910684824;3.874363184;3.829837322;3.800949335;3.749110699;3.697097301;3.628463984;3.61365962;3.527857304;3.454362154;3.424710989;3.413954258;3.349072933;3.268623829;3.244162798;3.20313859;3.114139557;3.059768915;3.045122862;2.97039938;2.953289986;2.932593346;2.908342123;2.872662544;2.866838455;2.80632472;2.735287428;2.6635499;2.547503948;2.497440815;2.451966286;2.364332199;2.337529659;2.24486351;2.194280148;2.129443169;2.111779928;2.076540709;1.998560429;1.954024076;1.904923201;1.840955257;1.809880137;1.745292783;1.722556233;1.591533184;1.549852133;1.431813478;1.418363571;1.355582237;1.321865797;1.263404846;1.252554178;1.209004164;1.163227677;1.122156501;1.050759792;1.021944523;0.9640910625;0.9478160739;0.900008738;0.8519389033;0.8133336902;0.750131011;0.7166577578;0.6918231249;0.627592504;0.5489364862;0.5330589414;0.4243095219;0.405238986;0.3717872798;0.318762213;0.2404521853;0.2099566758;0.1384598017;0.09898586571;0.07933875918;0.007157804444
00880;46021.11719;670.2047729;318.3917847;195.5061035;101.4503479;94.73561096;71.20386505;49.81403732;34.47473526;23.07895279;19.49611473;16.62999916;14.67463112;13.56378555;12.53313065;11.43845654;11.2961731;11.23466778;11.10317612;11.0243187;10.74810123;10.65790081;10.62185192;10.56663227;10.41949368;10.23577976;10.20836258;10.16028976;9.983042717;9.850857735;9.675718307;9.607506752;9.525025368;9.476771355;9.475395203;9.337771416;9.293511391;9.238584518;9.125205994;9.041625977;8.881492615;8.811152458;8.785668373;8.703061104;8.603901863;8.597752571;8.49366188;8.438987732;8.352453232;8.281097412;8.166235924;8.140712738;8.111944199;8.029099464;7.961091042;7.872149467;7.850596905;7.687259197;7.644927025;7.622161865;7.518723488;7.455346584;7.317977905;7.245731354;7.20516777;7.18133831;7.068106651;6.988870621;6.937977314;6.913361549;6.858256817;6.822010994;6.773486614;6.737092495;6.661009312;6.600302219;6.534182072;6.45629406;6.392398357;6.328845978;6.205822945;6.182474136;6.145876408;6.111531734;6.062394619;6.008900166;5.898071289;5.843243599;5.790986061;5.771614075;5.712346077;5.674311161;5.578068256;5.549620628;5.536043644;5.498082638;5.425372124;5.285094738;5.149412632;5.129936695;5.117742538;5.052417755;5.017262936;4.951147556;4.921636581;4.809276581;4.738535881;4.702119827;4.667174816;4.580533981;4.530331135;4.455296516;4.405949593;4.373102188;4.295629501;4.229086876;4.199587822;4.158062458;4.128185749;4.105006695;3.994104862;3.911110878;3.891016722;3.853584528;3.831177473;3.774921894;3.668240309;3.645628452;3.551647425;3.494011879;3.46145606;3.402899265;3.350584984;3.324442387;3.261413813;3.249426842;3.195792913;3.13434124;3.069090128;2.978903055;2.954253435;2.890664339;2.86647439;2.809996605;2.768290281;2.692442417;2.623677015;2.610526323;2.544068336;2.48141861;2.416667223;2.393747568;2.287653208;2.262317657;2.248101711;2.182051897;2.092338324;2.064101219;2.03514266;1.98858726;1.958225846;1.875756383;1.805369139;1.770354271;1.72979033;1.681850433;1.660447955;1.639951229;1.560910225;1.537524939;1.480121732;1.460876822;1.345747113;1.292171955;1.281620383;1.238010526;1.185640812;1.04840517;1.034763694;1.005397916;0.977126956;0.8789544702;0.8349496126;0.7964445949;0.7387347221;0.7208937407;0.6706565022;0.5700886846;0.5512514114;0.5280234218;0.4190785885;0.3757220209;0.3097481132;0.3017718792;0.2501280904;0.2290467322;0.1860895455;0.1260603964;0.1067897454;0.01557081845
00940;46020.40234;670.2460938;318.5673828;195.2681122;101.0163956;94.78565216;70.2571106;50.20620346;34.6424408;23.18237495;19.44306564;17.11773109;14.68036556;13.32301331;11.9070673;11.6818037;11.31528759;11.19534683;10.94613934;10.90125275;10.75001431;10.6559;10.39620304;10.32327843;10.24615097;10.18533611;10.09994984;9.980522156;9.813699722;9.731758118;9.612110138;9.563962936;9.51304245;9.40434742;9.311059952;9.246089935;9.151340485;9.127036095;8.988529205;8.949314117;8.937963486;8.859477997;8.785533905;8.722710609;8.660305977;8.470970154;8.426696777;8.379637718;8.18450737;8.164931297;8.067872047;8.006471634;7.936687946;7.834467411;7.81370163;7.668887138;7.645025253;7.559234142;7.542572975;7.470186234;7.440135002;7.383044243;7.26561451;7.23656702;7.176895618;7.112288475;7.077266693;7.011369228;6.908030033;6.880800724;6.829529762;6.76536274;6.724850655;6.641561031;6.61491394;6.542915344;6.46900177;6.385411263;6.276045799;6.246529102;6.235311031;6.166016579;6.066910267;6.001681805;5.940585136;5.881093979;5.856556416;5.717041492;5.648849964;5.639650345;5.563799381;5.514272213;5.466930389;5.377883434;5.341753483;5.331681252;5.247584343;5.200618267;5.155685425;5.091722965;5.044386864;4.964668751;4.922208786;4.898275852;4.820999146;4.735322475;4.689611435;4.629998207;4.623056889;4.563960552;4.52944231;4.439100266;4.383925438;4.364394188;4.250369072;4.21472168;4.201858044;4.152842045;4.090252399;4.037724018;3.962943554;3.895073175;3.819620609;3.744079351;3.72132802;3.66440773;3.618885279;3.582061529;3.518783331;3.499311447;3.472817421;3.394931316;3.29574585;3.286755562;3.259768009;3.202756882;3.170015812;3.110356092;3.010539055;2.974304199;2.909479141;2.847928762;2.796286345;2.736621141;2.704740524;2.654954433;2.622827291;2.538286686;2.521719694;2.459879398;2.435869217;2.415859938;2.370331049;2.315387011;2.24241662;2.225157738;2.143585682;2.108668804;2.07141161;1.972194552;1.92209971;1.901400566;1.888024092;1.785004854;1.736873031;1.708858609;1.667319179;1.574695826;1.546237946;1.47850883;1.446375847;1.35029006;1.334017396;1.274899602;1.25564599;1.158765435;1.140221834;1.108755708;1.077066898;0.9951962233;0.9227050543;0.8341318369;0.801112771;0.7780351639;0.7586699724;0.7266913056;0.6336316466;0.6175349355;0.5243104696;0.5220592022;0.4528758824;0.4266598225;0.3686836362;0.3478566706;0.2825327516;0.1952470839;0.1579468399;0.08569987863;0.04853027686;0.0009651423898
01000;46020.40625;669.7889404;318.6298523;195.4825745;100.8047104;94.8690567;70.18647003;49.51347733;34.5816803;23.25775528;19.67400169;16.64183426;14.38975239;13.67475319;12.26705647;11.60700989;11.40105438;11.12370205;11.06741142;10.79669094;10.67067051;10.61092758;10.45335674;10.33641529;10.17491055;10.03389835;10.02855206;9.973675728;9.865961075;9.807356834;9.619659424;9.615935326;9.524339676;9.42149353;9.399496078;9.294295311;9.268823624;9.133128166;9.062870979;8.878061295;8.805874825;8.749902725;8.614733696;8.600889206;8.574962616;8.485501289;8.452238083;8.360183716;8.309114456;8.203767776;8.054111481;8.023310661;7.997593403;7.950202465;7.863025665;7.825315475;7.777961731;7.649880886;7.597513199;7.507174015;7.424184799;7.396238804;7.291785717;7.26654911;7.158721924;7.140318394;7.133485317;7.076268196;6.999140263;6.855990887;6.820960045;6.777055264;6.7304492;6.666287422;6.56027174;6.533563614;6.38942194;6.330280304;6.301647186;6.234752178;6.219109058;6.188603878;6.150251865;6.07600069;5.995649338;5.964998722;5.85521841;5.850932121;5.695784569;5.660553455;5.619476318;5.581246376;5.480699062;5.46064949;5.362847328;5.326741219;5.293678761;5.235790253;5.217802525;5.130642414;5.125013351;5.02884531;4.940032482;4.889671803;4.82033205;4.80239439;4.764339924;4.685674667;4.63918829;4.60410881;4.59369278;4.474655151;4.419520855;4.384154797;4.326359749;4.263933182;4.206250668;4.188348293;4.155918598;4.087226391;4.043205261;4.018571377;3.876279593;3.859399557;3.771928072;3.742282867;3.693478823;3.614779711;3.576360941;3.490291119;3.436244965;3.322388172;3.291219711;3.272394657;3.204247236;3.173760891;3.117242575;3.114317179;3.037984371;3.025969267;2.956449986;2.908203363;2.806224108;2.792304516;2.678245068;2.66608882;2.61956501;2.568996906;2.486399174;2.444858074;2.419347048;2.339706182;2.319933891;2.222700357;2.180797338;2.138097048;2.10753417;2.050284624;1.983666658;1.941249847;1.92976594;1.888024449;1.821465969;1.808821678;1.801679611;1.639583826;1.615309238;1.54192245;1.499396086;1.494959593;1.424614549;1.314066768;1.258267164;1.234196544;1.186217427;1.169145584;1.076635361;1.031807542;0.9816383123;0.95082587;0.9273530245;0.8994154334;0.8044241667;0.7953905463;0.7024641633;0.6469217539;0.6287551522;0.5743585229;0.5179616213;0.503747642;0.439053297;0.3637216985;0.3374572992;0.2945774496;0.2440638244;0.2168686986;0.1370115131;0.1196343377;0.05924402177;0.03125120699
01060;46021.37891;670.2662964;318.4446411;195.2333374;101.3381042;94.74852753;70.62635803;50.18951035;34.5115242;23.05313873;19.15786171;16.89666367;14.49536324;13.42163467;12.39617348;11.61719704;11.08794212;11.0480299;10.95591927;10.74710751;10.60495853;10.54432678;10.32914829;10.19949055;10.12326813;10.039114;9.929123878;9.865176201;9.815856934;9.766503334;9.764948845;9.65174675;9.558078766;9.399439812;9.349477768;9.219339371;9.191752434;9.139032364;8.989337921;8.932432175;8.794997215;8.751719475;8.691618919;8.616185188;8.552393913;8.500597954;8.426021576;8.314703941;8.257496834;8.194926262;8.05479908;7.992005825;7.927004814;7.848798752;7.810540199;7.775183678;7.583396435;7.55154562;7.508474827;7.427349567;7.373699665;7.351728916;7.221325397;7.19848156;7.120338917;7.075025082;6.955023289;6.89743042;6.873856544;6.830111027;6.733675957;6.700528145;6.633769035;6.588135242;6.572728157;6.563352108;6.465408325;6.389706135;6.378201485;6.3715415;6.252214432;6.19769907;6.104698181;6.082523346;6.002982616;5.955049515;5.89874649;5.851463318;5.768802643;5.710439205;5.636957169;5.531031609;5.472713947;5.427649975;5.383044243;5.291748047;5.251880646;5.228135109;5.123278618;5.08394289;4.99642849;4.965949059;4.902294159;4.855268955;4.80934763;4.730044365;4.688740253;4.624374866;4.562969208;4.520039558;4.482854366;4.456617355;4.399485111;4.349384785;4.257365227;4.221902847;4.171842098;4.13909626;4.098366261;4.033813953;3.963076115;3.912364006;3.868165016;3.812422752;3.758788109;3.700966835;3.636783361;3.585647583;3.524889469;3.45989418;3.441505671;3.3461833;3.327542782;3.290282488;3.240653753;3.132032156;3.081629038;3.032489777;2.939088345;2.927162647;2.888221264;2.84352994;2.793351889;2.785149574;2.696208239;2.667199373;2.629729033;2.570693254;2.479183674;2.457018375;2.428034544;2.334479332;2.297350645;2.270079613;2.209141254;2.149330378;2.106959105;2.081469297;2.008617163;1.938839555;1.881979346;1.839653373;1.813354492;1.759792805;1.699064374;1.677486539;1.609435797;1.563400269;1.532531977;1.444172144;1.441682458;1.377236366;1.317629099;1.30320704;1.255104184;1.222949386;1.152792335;1.039047241;1.009538174;0.9654393196;0.9266749024;0.8525131345;0.8385077119;0.8153187633;0.7599506378;0.7264708281;0.6744804978;0.6451772451;0.5674372911;0.513043046;0.5038922429;0.4891951084;0.2968654335;0.276466608;0.2421565652;0.2283800393;0.1925850809;0.1402633339;0.08786214888;0.03394405171
01120;46021.21875;670.0440063;318.5852356;195.0329285;101.3010788;94.69642639;70.63210297;49.80614471;34.61120224;23.09835625;19.22967911;16.62271309;14.79429626;13.62433052;11.99023247;11.56212616;11.17407608;11.08586311;10.87659836;10.77364063;10.63248062;10.55786896;10.51370907;10.35123348;10.20264149;10.11177158;9.950274467;9.907256126;9.761829376;9.659716606;9.600795746;9.496249199;9.455558777;9.398857117;9.303817749;9.133649826;9.064332962;8.994832993;8.916759491;8.851893425;8.829422951;8.81902504;8.688506126;8.572890282;8.487043381;8.429720879;8.394810677;8.341620445;8.206618309;8.154454231;8.052205086;7.999644279;7.96164465;7.926083088;7.865885735;7.732955456;7.638288498;7.548098087;7.501976967;7.455341339;7.373995304;7.36177063;7.227604866;7.200405598;7.121070385;7.081842422;6.975010872;6.87125349;6.833370686;6.747249603;6.719613552;6.711698055;6.589256763;6.49998951;6.488771439;6.413282871;6.323693752;6.308076382;6.253335953;6.22350502;6.142138481;6.10066843;6.05368948;5.991606236;5.938046455;5.894455433;5.862477303;5.773132801;5.741848946;5.664748669;5.649504185;5.547523499;5.482855797;5.435463428;5.336322308;5.264644623;5.199753284;5.132630348;5.10247612;5.064302444;4.996395588;4.927276134;4.813250542;4.786466599;4.769371986;4.706728935;4.599421501;4.583526611;4.547910213;4.530012608;4.481095791;4.411589622;4.364334106;4.313885212;4.263710499;4.208695412;4.130111694;4.065053463;4.026135921;4.001016617;3.901222706;3.812621355;3.804004431;3.718858957;3.669820309;3.630564213;3.601237535;3.535797119;3.477082968;3.475493431;3.365261316;3.361174822;3.245239973;3.210669518;3.184763193;3.148667574;3.142644882;3.100153685;3.041164875;2.985773087;2.921043873;2.865098;2.808117151;2.776883125;2.698612452;2.657827616;2.614952326;2.586483717;2.540515184;2.506435871;2.443963766;2.417500496;2.363136768;2.27982235;2.251256704;2.177907944;2.119878292;2.066295624;2.044893265;1.956630468;1.930351853;1.88830328;1.885614872;1.802500486;1.755342484;1.730964065;1.6886096;1.646959305;1.544132352;1.519942522;1.4615134;1.42327714;1.322852612;1.31414783;1.246759892;1.179563522;1.140563369;1.118985653;1.084767938;1.055141687;0.9791456461;0.9057412744;0.8467330933;0.8157649636;0.7715365291;0.6793704033;0.6619030833;0.6277721524;0.5855184197;0.52192837;0.4692213535;0.4189656973;0.4011925757;0.3370511532;0.3096947074;0.2152899653;0.1506644487;0.1163252518;0.02480096743;0.007101101335
01180;46020.72266;669.9680786;318.5652466;195.1630707;101.2785187;95.08728027;69.94607544;49.89487076;34.7241745;22.98338127;19.28941345;16.76983833;14.34572887;13.38559246;12.33218002;11.55566978;10.95349121;10.82941246;10.81098747;10.64602089;10.50632954;10.38412189;10.32624054;10.12532043;10.0376873;9.960907936;9.744409561;9.687721252;9.65708828;9.595680237;9.494768143;9.340001106;9.293805122;9.259180069;9.138518333;9.072881699;9.023044586;8.939411163;8.89689827;8.758599281;8.726431847;8.671761513;8.520709991;8.453277588;8.442536354;8.378317833;8.259436607;8.199700356;8.16704464;8.086010933;8.034718513;8.010990143;7.969753265;7.886196136;7.762048244;7.726335049;7.650868416;7.605374813;7.533049107;7.46327877;7.320650578;7.237916946;7.218000412;7.146434307;7.134544373;7.108775139;7.053862572;6.962344646;6.913647652;6.832589626;6.803286552;6.724048615;6.665094852;6.631928921;6.484107018;6.406022072;6.374984264;6.352963924;6.29627943;6.186274052;6.146578312;6.118089676;6.012306213;5.978234768;5.876192093;5.825706959;5.793030262;5.751999855;5.689767361;5.639985085;5.565526009;5.520176411;5.447235107;5.390010834;5.351942539;5.31317091;5.236505508;5.171939373;5.118164062;5.048365593;4.98374033;4.964660645;4.877579212;4.859489918;4.786581039;4.737995625;4.715821266;4.664925575;4.547872543;4.505539894;4.4715662;4.416808128;4.353055954;4.332266331;4.259128571;4.164725304;4.130132675;4.111653805;4.018470287;3.973025322;3.882272482;3.838227272;3.720948219;3.687188148;3.660517693;3.642439365;3.580957413;3.481477261;3.455985785;3.405329466;3.384692669;3.349734068;3.305434227;3.270581484;3.193079233;3.163800716;3.087262869;3.064608097;3.00284481;2.950156927;2.881829977;2.828383207;2.776862144;2.742106199;2.675579548;2.632885218;2.61949873;2.571139097;2.508354425;2.494480848;2.3974545;2.36453557;2.335142612;2.269926786;2.19508338;2.162780762;2.063767195;2.033587694;1.973582745;1.922954082;1.897264957;1.852174401;1.792591214;1.763489366;1.733098149;1.670127511;1.628652096;1.556226015;1.521213651;1.45338583;1.41240871;1.388088107;1.338405371;1.213514328;1.196012139;1.167946577;1.078701019;1.061334133;1.01697278;0.9749935269;0.9219084978;0.8894503117;0.8406536579;0.8137385845;0.7064861655;0.6942890882;0.6230630279;0.5623703003;0.5111432076;0.4615183771;0.4370943904;0.3952018917;0.3617327809;0.3132244349;0.2464544177;0.2002672106;0.1458586901;0.1135621294;0.07169494033;0.01592733897
01240;46020.71875;669.9899902;319.1125488;195.1354218;101.3881531;94.72412109;69.96303558;50.18190384;34.7524147;23.22682381;19.17384338;16.92726326;14.45365524;13.3374548;12.45844269;11.43700218;11.22167587;11.05990219;10.89868927;10.82304096;10.64072037;10.4893322;10.25160313;10.23381424;10.17719746;9.989398003;9.802670479;9.77865696;9.588026047;9.534097672;9.426873207;9.39337635;9.307327271;9.239588737;9.231657028;9.107965469;9.054942131;8.926949501;8.796121597;8.785455704;8.725949287;8.656437874;8.602818489;8.452450752;8.410740852;8.29174614;8.241887093;8.229428291;8.13109684;8.059951782;8.008426666;7.865345955;7.840563774;7.74394083;7.678841591;7.67009449;7.593186855;7.55141449;7.503751755;7.38914156;7.34066534;7.267280102;7.224300861;7.165209293;7.104932785;7.006434917;6.897108555;6.8754673;6.836493492;6.697667599;6.688698292;6.656273842;6.562962532;6.517926693;6.49098587;6.478321075;6.367950916;6.300941467;6.270496845;6.210561275;6.133221626;6.002049923;5.956029415;5.927697182;5.879546165;5.834044933;5.793013096;5.745543957;5.69614315;5.624583721;5.568120003;5.548584938;5.488143444;5.474381924;5.44525528;5.247182369;5.18680191;5.161588192;5.116009235;5.07972002;5.058256149;4.989841461;4.936339855;4.855382919;4.817297459;4.770581722;4.705526352;4.64239502;4.574812889;4.49701786;4.483329296;4.404400349;4.36841774;4.316650867;4.291702747;4.281156063;4.252992153;4.140685081;4.085728645;4.040707111;3.972786903;3.892622709;3.844593525;3.807566881;3.75454092;3.623914719;3.614149809;3.559680939;3.533527374;3.485231876;3.394726515;3.293104649;3.266516447;3.207863092;3.159070969;3.125218868;3.080327272;3.058646441;3.000957727;2.929460764;2.879338026;2.843680382;2.822395802;2.691408157;2.625827551;2.604421377;2.570931673;2.506443739;2.469074488;2.433176041;2.363812923;2.351783752;2.270533562;2.238981485;2.159395456;2.14875865;2.096095324;2.078225613;2.056801081;1.976498842;1.894124269;1.871067286;1.839023471;1.814305305;1.760230422;1.706828952;1.648310065;1.588101029;1.554246783;1.50501585;1.469095588;1.425342083;1.403010011;1.314749956;1.246892929;1.206349254;1.170381308;1.135573268;1.087428212;1.063647747;0.9915223122;0.9365042448;0.9114854932;0.7980168462;0.7696638703;0.7199755311;0.6443265676;0.6045190692;0.5956758857;0.5421456695;0.4864528179;0.4193388522;0.3562624454;0.3261191249;0.2621899545;0.2193434238;0.1602401137;0.08066551387;0.05488686264;0.03818604723
01300;46021.42969;670.1370239;318.8806152;194.6235657;100.9367447;95.31189728;69.89788818;50.00762558;34.56618881;22.911026;18.99773026;16.54460716;14.64928818;13.63634396;11.78666401;11.29366207;11.14345264;10.88985825;10.83327389;10.6699667;10.52449799;10.32053185;10.29052448;10.205966;10.10726261;9.98296833;9.914086342;9.816289902;9.674622536;9.651593208;9.619818687;9.493652344;9.369109154;9.253641129;9.212697029;9.060581207;9.037876129;8.926595688;8.806690216;8.759887695;8.676147461;8.569270134;8.466745377;8.4463377;8.412337303;8.291124344;8.272097588;8.186263084;8.109359741;8.044988632;7.93115139;7.868927479;7.776310444;7.740383148;7.734859943;7.629942894;7.481572151;7.42586565;7.323225021;7.307521343;7.256268024;7.228505611;7.068581104;7.049715996;6.990152836;6.941617012;6.854997158;6.812248707;6.773946762;6.738182545;6.621773243;6.607007504;6.555773735;6.522948265;6.41764307;6.399695873;6.32583952;6.287539959;6.232875347;6.151358604;6.089787006;6.061364174;6.002019882;5.970729351;5.913887501;5.82519865;5.808397293;5.720930576;5.635510921;5.604160786;5.556750774;5.487182617;5.428320885;5.35307169;5.321024418;5.266735554;5.210995674;5.107125759;5.070613384;4.983226776;4.966172695;4.888093948;4.816625118;4.811421871;4.721896648;4.659670353;4.644443035;4.568378925;4.548906326;4.492051601;4.435173988;4.409427643;4.360463619;4.331574917;4.264101505;4.216329098;4.179300785;4.093050003;4.07802248;3.983620405;3.95547843;3.892568111;3.861474991;3.818055153;3.726112843;3.693550587;3.663689375;3.615515471;3.547645092;3.480344534;3.390469313;3.345261812;3.294609547;3.254168034;3.2164042;3.138122082;3.077648878;3.031261921;3.012528896;2.940413713;2.926537037;2.902294636;2.838702679;2.753210068;2.717321396;2.656198502;2.619171858;2.531064749;2.466485023;2.448834419;2.425101042;2.327043295;2.287662983;2.246037006;2.160711288;2.12722683;2.103979826;2.042858839;1.969251871;1.940329909;1.912081242;1.843999624;1.799917817;1.771763086;1.756116033;1.703329921;1.655868173;1.571384311;1.558827519;1.507254124;1.495033145;1.409525037;1.387856364;1.31144011;1.269507647;1.206770301;1.160988212;1.090671778;0.9998092651;0.9662693739;0.9459361434;0.8429534435;0.8335304856;0.7966131568;0.7323873639;0.6780968904;0.6720975637;0.6290634274;0.4908919334;0.482714355;0.4615586996;0.4083499312;0.3335149288;0.2752310038;0.2556617558;0.1573995054;0.1364862025;0.08849063516;0.03795173392;0.01226682309
01360;46020.50781;670.1057739;318.7015686;195.017868;101.184639;94.86930084;70.29334259;50.34032822;34.3865242;22.5780201;18.9018364;16.68680573;13.92683029;13.32936573;11.52834034;11.2529335;11.11458969;10.93293571;10.70059872;10.48314857;10.38172531;10.32436085;10.21986485;10.1864233;10.07843304;10.04633427;9.851049423;9.800065041;9.754754066;9.696752548;9.498669624;9.429276466;9.342260361;9.223723412;9.126026154;9.061571121;8.966856003;8.905610085;8.826803207;8.798192024;8.773338318;8.619600296;8.546326637;8.467580795;8.445345879;8.291399002;8.205098152;8.134045601;8.088960648;7.988102436;7.936292171;7.83757782;7.826393604;7.682868004;7.621845245;7.570249557;7.531354904;7.491988659;7.391524792;7.329342365;7.225090504;7.160961628;7.069974422;7.031914234;7.021163464;6.974346638;6.956318855;6.879745483;6.810630322;6.750062466;6.639215469;6.622961044;6.593606472;6.466481209;6.404949665;6.380437851;6.321108341;6.234748363;6.12651968;6.085806847;6.06874609;6.037714958;6.01629591;5.909428596;5.855160236;5.790459156;5.736118317;5.688455582;5.653047562;5.615425587;5.507698059;5.474027634;5.391686916;5.340930462;5.292057514;5.286482811;5.237318993;5.169891357;5.084988594;5.051321983;4.997925282;4.951007366;4.916325092;4.860152245;4.791220665;4.762591839;4.715615273;4.681940556;4.597569942;4.521558762;4.480950356;4.457876205;4.357816219;4.301503658;4.24129343;4.194355965;4.162572384;4.09487915;4.024700642;3.980851412;3.960862875;3.924544334;3.875917196;3.786911011;3.753829479;3.660439014;3.626222134;3.555599213;3.514227152;3.49131465;3.439274788;3.373189688;3.349580765;3.29418993;3.223747253;3.160473824;3.094694853;3.045487165;3.016058922;2.982650995;2.867901564;2.821005344;2.779266119;2.740230799;2.672385693;2.630733967;2.562869787;2.521880627;2.489864826;2.44217205;2.390029192;2.320719004;2.298315048;2.230859041;2.185350895;2.096827269;2.058714151;2.006136656;1.958586574;1.889577985;1.869431376;1.783680439;1.754928112;1.737622142;1.693592668;1.686154604;1.627014995;1.558307052;1.528761983;1.471904993;1.455355763;1.368146896;1.3296839;1.301938653;1.257313728;1.201259613;1.138725162;1.116786003;1.064335465;0.9938597083;0.9594696164;0.8882701993;0.8603349328;0.7952128053;0.7558200955;0.7017168999;0.6596598625;0.6139318347;0.5864170194;0.5578815341;0.4453774393;0.3964221478;0.3900440931;0.3486335576;0.2757815123;0.2496957928;0.1772159338;0.1285958588;0.08706700057;0.02373053692
01420;46020.63672;670.130127;318.408844;195.3252258;101.1229401;94.91868591;69.96825409;50.25957489;34.59807587;23.06238174;19.28058434;16.89504623;14.59500504;13.54782486;12.02256298;11.23285007;11.14954662;10.85254288;10.65630054;10.58997059;10.51573277;10.32685947;10.22235775;10.12352467;10.00083733;9.968203545;9.854792595;9.697658539;9.676029205;9.529148102;9.481787682;9.327677727;9.315299034;9.269450188;9.118637085;9.033108711;8.96573925;8.861377716;8.855183601;8.735506058;8.670576096;8.582047462;8.549233437;8.43810463;8.414412498;8.393960953;8.293803215;8.218318939;8.140497208;8.057325363;7.973608971;7.879446983;7.787147522;7.739038944;7.669218063;7.654686928;7.491530418;7.447461605;7.390007019;7.373942375;7.275291443;7.183949471;7.146255016;7.05967617;7.012029648;6.95038414;6.928966522;6.864735603;6.81582737;6.782704353;6.695623875;6.639657497;6.586119175;6.548102379;6.519395828;6.398211479;6.352492809;6.310137749;6.203694344;6.118202209;6.093789577;6.02650547;5.985868454;5.945807457;5.851597786;5.786342144;5.762376785;5.684808254;5.626378059;5.572169304;5.553241253;5.448186398;5.38246727;5.298172474;5.28366518;5.243499756;5.169739723;5.138325214;5.035103321;4.962563992;4.94203949;4.921052456;4.864857674;4.786232471;4.715680599;4.646781445;4.621455193;4.50560236;4.47826004;4.415218353;4.387258053;4.322709084;4.291939259;4.267614841;4.155545235;4.102105618;4.069869995;4.031357765;3.964229107;3.942581415;3.887818813;3.822382212;3.746318102;3.719985485;3.703888655;3.635671854;3.569770575;3.478320122;3.449311733;3.374508619;3.337032318;3.261078596;3.250437975;3.163797617;3.119548082;3.084490776;3.014314651;2.989905357;2.974341631;2.949632883;2.883923531;2.868697405;2.761928558;2.700619936;2.658797741;2.595638037;2.562615395;2.524782658;2.499223948;2.491480827;2.380780935;2.370494843;2.300506353;2.238188267;2.20908308;2.177031517;2.117688179;2.051914692;2.022275209;1.957799077;1.930306554;1.91839695;1.871839285;1.784561634;1.720167994;1.690925002;1.650422692;1.577823997;1.556928396;1.527390122;1.470254064;1.385106087;1.283839941;1.226922035;1.212526798;1.169014931;1.104398966;1.069837332;1.05618608;1.008548141;0.9729163051;0.9111720324;0.8274793029;0.7832432985;0.7232034802;0.6981732249;0.6399556994;0.569534719;0.5570676923;0.4948571026;0.4769978225;0.4026875794;0.3967002928;0.3337536156;0.2330779135;0.2150010765;0.1561080515;0.09928395599;0.07243741304;0.0001240234269
01480;46020.72266;669.9664917;318.2789001;194.8488617;101.2513428;94.91677094;70.16566467;50.06116867;34.88122559;22.4850769;19.04999924;16.37244034;14.55839443;13.64261627;11.96040154;11.34661484;11.03979588;10.94974232;10.73984814;10.55300045;10.46805859;10.42318439;10.23400688;10.15367889;10.03063869;9.796564102;9.719200134;9.573931694;9.534682274;9.421683311;9.338829041;9.273366928;9.233271599;9.135614395;9.102387428;9.021528244;8.95539093;8.873034477;8.830086708;8.817559242;8.643422127;8.606326103;8.511343956;8.474346161;8.334213257;8.248985291;8.192045212;8.172585487;7.992925167;7.952752113;7.900330067;7.837624073;7.763738155;7.715774536;7.640786171;7.494033337;7.439787388;7.346095085;7.31131506;7.242482662;7.219739914;7.188022137;7.077030659;7.04975605;6.93760252;6.878490925;6.833966255;6.81026125;6.738683701;6.63559866;6.567324638;6.534644127;6.469298363;6.426756382;6.375807762;6.347483635;6.281036377;6.242763519;6.197998524;6.089948654;5.992263317;5.960203648;5.934770584;5.894450665;5.845638275;5.778862953;5.737425804;5.624425411;5.586143494;5.537338734;5.496186733;5.421663761;5.337265015;5.278739452;5.252441883;5.223878384;5.158324718;5.093395233;5.031242847;4.958158493;4.937498569;4.911141396;4.859687805;4.807768822;4.704016209;4.654884338;4.63535881;4.561486244;4.527219296;4.499831676;4.392765999;4.365758419;4.319425583;4.312289715;4.241559982;4.218335629;4.11675787;4.067029953;4.049102783;4.015500069;3.946843863;3.905064344;3.84719348;3.772562981;3.717832088;3.6889112;3.612621307;3.538866043;3.456590891;3.42737484;3.405486107;3.32545042;3.278875828;3.242880583;3.171575069;3.131244659;3.080044985;3.040291309;3.006122351;2.996111631;2.873499155;2.870640278;2.83582902;2.774502277;2.753783703;2.677480459;2.665109158;2.521371365;2.509580612;2.459275961;2.406863928;2.344778061;2.313657522;2.277822256;2.27084136;2.178823709;2.15501523;2.102072477;1.969356775;1.954655528;1.919049144;1.859796882;1.81826055;1.742228627;1.670009255;1.646762729;1.595037103;1.547935724;1.47685957;1.397300959;1.385249496;1.35218358;1.313097954;1.270363212;1.163286209;1.147999406;1.104337692;1.015033722;0.9939248562;0.9445152283;0.8896731734;0.8173310161;0.8003166914;0.7867157459;0.7326962352;0.6765757203;0.6450116634;0.5396446586;0.4862437248;0.467535615;0.4176131189;0.3742213845;0.3482482731;0.2149879485;0.1687208861;0.1253793687;0.1064208671;0.05581713468;0.04282686114;0.02398462035
